Activity ID,Activity Date,Activity Name,Activity Type,Activity Description,Elapsed Time,Distance,Max Heart Rate,Relative Effort,Commute,Activity Private Note,Activity Gear,Filename,Athlete Weight,Bike Weight,Elapsed Time,Moving Time,Distance,Max Speed,Average Speed,Elevation Gain,Elevation Loss,Elevation Low,Elevation High,Max Grade,Average Grade,Average Positive Grade,Average Negative Grade,Max Cadence,Average Cadence,Max Heart Rate,Average Heart Rate,Max Watts,Average Watts,Calories,Max Temperature,Average Temperature,Relative Effort,Total Work,Number of Runs,Uphill Time,Downhill Time,Other Time,Perceived Exertion,Type,Start Time,Weighted Average Power,Power Count,Prefer Perceived Exertion,Perceived Relative Effort,Commute,Total Weight Lifted,From Upload,Grade Adjusted Distance,Weather Observation Time,Weather Condition,Weather Temperature,Apparent Temperature,Dewpoint,Humidity,Weather Pressure,Wind Speed,Wind Gust,Wind Bearing,Precipitation Intensity,Sunrise Time,Sunset Time,Moon Phase,Bike,Gear,Precipitation Probability,Precipitation Type,Cloud Cover,Weather Visibility,UV Index,Weather Ozone,Jump Count,Total Grit,Average Flow,Flagged,Average Elapsed Speed,Dirt Distance,Newly Explored Distance,Newly Explored Dirt Distance,Activity Count,Total Steps,Carbon Saved,Pool Length,Training Load,Intensity,Average Grade Adjusted Pace,Timer Time,Total Cycles,Recovery,With Pet,Competition,Long Run,For a Cause,With Kid,Downhill Distance,Total Sets,Total Reps,Media
18106757338,"Apr 14, 2026, 3:42:53 PM",Evening Trail Run,Run,"",2659,7.10,192.0,41,,,,activities/19208613204.fit.gz,,,2659.0,2455.0,7103.0,8.0,2.893,98.0,101.0,186.8,225.4,40.0,-0.1,,,126.0,82.0,192.0,148.0,,221.0,466.0,,20.0,41.0,,,,,,,,,221.0,2660.0,,,0.0,,1.0,7387.2,,,,,,,,,,,,,,,,,,,,,,,,,,,2.671,4730.0,,,,6554.0,0.0,,144.0,140.0,3.009,,,,,,,,,,,,""
18105679507,"Apr 13, 2026, 9:41:09 AM",Lunch Trail Run,Run,"",3371,7.58,174.0,48,,,,activities/19207530032.fit.gz,,,3371.0,3143.0,7579.0,3.8,2.411,259.0,245.0,201.2,446.6,42.9,0.2,,,89.0,80.0,174.0,146.0,,189.0,578.0,,25.0,48.0,,,,,,,,,187.0,3372.0,,,0.0,,1.0,8607.8,,,,,,,,,,,,,,,,,,,,,,,,,,,2.248,6145.0,,,,8342.0,0.0,,130.0,118.0,2.739,,,,,,,,,,,,""
18105677469,"Apr 12, 2026, 4:29:54 PM",Evening Trail Run,Run,"",2217,4.03,175.0,23,,,,activities/19207527908.fit.gz,,,2217.0,2212.0,4035.0,3.2,1.824,38.0,26.0,199.8,211.4,24.4,0.3,,,85.0,81.0,175.0,146.0,,177.0,321.0,,20.0,23.0,,,,,,,,,166.0,2211.0,,,0.0,,1.0,4173.8,,,,,,,,,,,,,,,,,,,,,,,,,,,1.82,3286.0,,,,4766.0,0.0,,67.0,105.0,1.887,,,,,,,,,,,,""
18069008013,"Apr 11, 2026, 2:46:11 PM",Afternoon Trail Run,Run,"",5940,7.66,173.0,24,,,,activities/19170481501.fit.gz,,,5940.0,3770.0,7666.0,3.6,2.033,302.0,301.0,169.0,453.6,49.1,0.0,,,96.0,77.0,173.0,132.0,,156.0,644.0,,22.0,24.0,,,,,,,,,142.0,5938.0,,,0.0,,1.0,9273.1,,,,,,,,,,,,,,,,,,,,,,,,,,,1.291,2318.0,,,,10558.0,0.0,,133.0,90.0,2.46,,,,,,,,,,,,""
18066572272,"Apr 10, 2026, 2:51:29 PM",Afternoon Trail Run,Run,"",3549,6.79,167.0,26,,,,activities/19168020537.fit.gz,,,3549.0,2991.0,6794.0,4.2,2.271,234.0,237.0,201.2,365.8,49.1,-0.1,,,126.0,77.0,167.0,138.0,,182.0,473.0,,23.0,26.0,,,,,,,,,178.0,3550.0,,,0.0,,1.0,7944.2,,,,,,,,,,,,,,,,,,,,,,,,,,,1.914,841.0,,,,7584.0,0.0,,125.0,113.0,2.656,,,,,,,,,,,,""
18066572067,"Apr 8, 2026, 2:04:17 PM",Afternoon Trail Run,Run,"",3241,7.19,172.0,49,,,,activities/19168020082.fit.gz,,,3241.0,3167.0,7189.0,3.8,2.27,260.0,241.0,206.8,446.6,31.4,0.2,,,109.0,81.0,172.0,147.0,,179.0,613.0,,27.0,49.0,,,,,,,,,183.0,3241.0,,,0.0,,1.0,8303.8,,,,,,,,,,,,,,,,,,,,,,,,,,,2.218,3516.0,,,,8524.0,0.0,,120.0,116.0,2.622,,,,,,,,,,,,""
18066572451,"Apr 7, 2026, 4:09:30 PM",Evening Trail Run,Run,"",2592,5.41,171.0,34,,,,activities/19168020715.fit.gz,,,2592.0,1964.0,5411.0,3.8,2.755,46.0,45.0,197.0,212.0,31.4,0.0,,,93.0,83.0,171.0,148.0,,202.0,429.0,,22.0,34.0,,,,,,,,,190.0,2593.0,,,0.0,,1.0,5544.6,,,,,,,,,,,,,,,,,,,,,,,,,,,2.088,0.0,,,,5574.0,0.0,,103.0,120.0,2.823,,,,,,,,,,,,""
17903328121,"Mar 29, 2026, 6:58:55 AM",Morning Trail Run,Run,"",11194,5.39,190.0,15,,,,activities/19003114486.fit.gz,,,11194.0,3547.0,5389.0,4.4,1.519,256.0,259.0,-7.2,215.0,50.0,0.0,,,190.0,62.0,190.0,114.0,,110.0,761.0,,23.0,15.0,,,,,,,,,86.0,11190.0,,,0.0,,1.0,6609.0,,,,,,,,,,,,,,,,,,,,,,,,,,,0.481,78.0,,,,8170.0,0.0,,91.0,54.0,1.863,,,,,,,,,,,,""
17839407572,"Mar 24, 2026, 8:42:13 AM",Morning Rock Climb,Rock Climb,"",5510,0,120.0,8,,,,activities/18938858463.fit.gz,,,5510.0,5510.0,0.0,0.0,0.0,27.0,25.0,97.2,105.2,0.0,0.0,,,,,120.0,79.0,,,248.0,,29.0,8.0,,,,,,,,,,,,,0.0,,1.0,,,,,,,,,,,,,,,,,,,,,,,,,,,,0.0,0.0,,,,,0.0,,,,,,,,,,,,,,,,""
17839406620,"Mar 23, 2026, 10:14:22 AM",Lunch Run,Run,"",4346,3.00,134.0,4,,,,activities/18938857399.fit.gz,,,4346.0,2343.0,3004.0,2.6,1.282,13.0,16.0,79.8,87.6,48.6,-0.1,,,78.0,53.0,134.0,85.0,,87.0,252.0,,25.0,4.0,,,,,,,,,72.0,4345.0,,,0.0,,1.0,3047.1,,,,,,,,,,,,,,,,,,,,,,,,,,,0.691,1427.0,,,,4574.0,0.0,,25.0,46.0,1.301,,,,,,,,,,,,""
17816211100,"Mar 22, 2026, 10:01:39 AM",Lunch Run,Run,"",9005,23.03,188.0,190,,,,activities/18915512177.fit.gz,,,9005.0,7093.0,23036.0,5.4,3.248,81.0,86.0,76.4,106.8,30.0,0.0,,,94.0,84.0,188.0,159.0,,249.0,1421.0,,23.0,190.0,,,,,,,,,242.0,9006.0,,,0.0,,1.0,23147.6,,,,,,,,,,,,,,,,,,,,,,,,,,,2.558,0.0,,,,13670.0,0.0,,586.0,153.0,3.263,,,,,,,,,,,,""
17798945880,"Mar 21, 2026, 7:14:51 AM",Morning Trail Run,Run,"",2698,6.04,189.0,60,,,,activities/18898044222.fit.gz,,,2698.0,2312.0,6042.0,6.8,2.613,33.0,36.0,83.4,107.0,42.5,0.0,,,96.0,84.0,189.0,157.0,,192.0,549.0,,16.0,60.0,,,,,,,,,182.0,2699.0,,,0.0,,1.0,6185.6,,,,,,,,,,,,,,,,,,,,,,,,,,,2.239,1359.0,,,,6472.0,0.0,,99.0,115.0,2.675,,,,,,,,,,,,""
17793000869,"Mar 19, 2026, 4:24:29 PM",Evening Weight Training,Weight Training,"",916,0.00,173.0,7,,,,activities/18892054588.fit.gz,,,916.0,916.0,3.0,1.5,0.003,7.0,9.0,208.4,215.8,0.0,-160.0,,,52.0,0.0,173.0,125.0,,96.0,82.0,,16.0,7.0,,,,,,,,,94.0,917.0,,,0.0,,1.0,,,,,,,,,,,,,,,,,,,,,,,,,,,,0.003,0.0,,,,,0.0,,8.0,59.0,,,,,,,,,,,,,""
17793000947,"Mar 19, 2026, 3:46:53 PM",Afternoon Trail Run,Run,"",2255,7.22,196.0,88,,,,activities/18892054429.fit.gz,,,2255.0,2255.0,7224.0,4.4,3.204,67.0,60.0,206.6,217.0,16.4,0.1,,,93.0,89.0,196.0,168.0,,236.0,550.0,,15.0,88.0,,,,,,,,,240.0,2256.0,,,0.0,,1.0,7403.5,,,,,,,,,,,,,,,,,,,,,,,,,,,3.204,6839.0,,,,,0.0,,144.0,152.0,3.283,,,,,,,,,,,,""
17768248860,"Mar 18, 2026, 3:13:56 PM",Afternoon Trail Run,Run,"",3259,7.95,172.0,41,,,,activities/18867162709.fit.gz,,,3259.0,3239.0,7949.0,4.2,2.454,264.0,246.0,203.0,448.2,34.3,0.2,,,86.0,83.0,172.0,145.0,,195.0,581.0,,19.0,41.0,,,,,,,,,194.0,3258.0,,,0.0,,1.0,8880.7,,,,,,,,,,,,,,,,,,,,,,,,,,,2.439,6944.0,,,,8694.0,0.0,,136.0,123.0,2.742,,,,,,,,,,,,""
17743498479,"Mar 16, 2026, 3:22:56 PM",Afternoon Trail Run,Run,"",2693,6.84,210.0,44,,,,activities/18842353948.fit.gz,,,2693.0,2394.0,6839.0,5.6,2.857,51.0,54.0,207.4,226.4,34.3,-0.1,,,117.0,87.0,210.0,151.0,,216.0,480.0,,17.0,44.0,,,,,,,,,222.0,2691.0,,,0.0,,1.0,6981.0,,,,,,,,,,,,,,,,,,,,,,,,,,,2.54,6428.0,,,,6380.0,0.0,,148.0,141.0,2.916,,,,,,,,,,,,""
17733532914,"Mar 15, 2026, 10:19:04 AM",Lunch Trail Run,Run,"",4744,8.56,189.0,73,,,,activities/18832300092.fit.gz,,,4744.0,4442.0,8567.0,4.0,1.929,537.0,526.0,191.4,448.2,49.1,0.1,,,109.0,76.0,189.0,147.0,,162.0,845.0,,25.0,73.0,,,,,,,,,164.0,4745.0,,,0.0,,1.0,11714.0,,,,,,,,,,,,,,,,,,,,,,,,,,,1.806,3996.0,,,,11160.0,0.0,,142.0,104.0,2.637,,,,,,,,,,,,""
17733532318,"Mar 14, 2026, 10:26:33 AM",Lunch Trail Run,Run,"",4835,11.09,176.0,82,,,,activities/18832299552.fit.gz,,,4835.0,4557.0,11097.0,3.8,2.435,326.0,301.0,196.8,428.0,42.5,0.2,,,87.0,82.0,176.0,149.0,,188.0,857.0,,23.0,82.0,,,,,,,,,190.0,4836.0,,,0.0,,1.0,12237.3,,,,,,,,,,,,,,,,,,,,,,,,,,,2.295,10145.0,,,,12412.0,0.0,,193.0,120.0,2.685,,,,,,,,,,,,""
17709623562,"Mar 13, 2026, 3:21:24 PM",Afternoon Trail Run,Run,"",3858,9.39,181.0,63,,,,activities/18808170564.fit.gz,,,3858.0,3358.0,9391.0,5.0,2.797,60.0,57.0,206.0,215.0,28.6,0.0,,,96.0,84.0,181.0,151.0,,214.0,685.0,,18.0,63.0,,,,,,,,,215.0,3859.0,,,0.0,,1.0,9553.5,,,,,,,,,,,,,,,,,,,,,,,,,,,2.434,8813.0,,,,9312.0,0.0,,198.0,136.0,2.845,,,,,,,,,,,,""
17562267269,"Feb 27, 2026, 4:51:06 PM",Evening Trail Run,Run,"",3259,7.92,190.0,52,,,,activities/18659980933.fit.gz,,,3259.0,2914.0,7923.0,5.4,2.719,69.0,65.0,200.8,218.0,20.0,0.0,,,103.0,84.0,190.0,149.0,,211.0,547.0,,14.0,52.0,,,,,,,,,211.0,3259.0,,,0.0,,1.0,8169.5,,,,,,,,,,,,,,,,,,,,,,,,,,,2.431,7262.0,,,,8088.0,0.0,,161.0,134.0,2.804,,,,,,,,,,,,""
17519756512,"Feb 25, 2026, 3:21:23 PM",Afternoon Trail Run,Run,"",3578,7.31,190.0,44,,,,activities/18617202431.fit.gz,,,3578.0,3525.0,7309.0,3.4,2.073,305.0,295.0,208.6,449.8,48.9,0.2,,,128.0,81.0,190.0,146.0,,180.0,612.0,,17.0,44.0,,,,,,,,,180.0,3580.0,,,0.0,,1.0,8770.2,,,,,,,,,,,,,,,,,,,,,,,,,,,2.043,6404.0,,,,8946.0,0.0,,129.0,114.0,2.488,,,,,,,,,,,,""
17518950405,"Feb 24, 2026, 4:13:16 PM",Evening Trail Run,Run,"",2562,4.95,190.0,37,,,,activities/18616390704.fit.gz,,,2562.0,2242.0,4957.0,3.4,2.211,84.0,82.0,199.0,217.0,20.0,0.0,,,86.0,80.0,190.0,147.0,,166.0,412.0,,19.0,37.0,,,,,,,,,160.0,2563.0,,,0.0,,1.0,5186.8,,,,,,,,,,,,,,,,,,,,,,,,,,,1.935,3831.0,,,,5918.0,0.0,,72.0,101.0,2.313,,,,,,,,,,,,""
17493619643,"Feb 23, 2026, 10:41:41 AM",Lunch Stand Up Paddling,Stand Up Paddling,"",4004,3.98,145.0,8,,,,activities/18590985995.fit.gz,,,4004.0,3216.0,3986.0,2.4,1.239,0.0,0.0,-3.0,3.4,29.9,0.1,,,116.0,41.0,145.0,104.0,,,341.0,,23.0,8.0,,,,,,,,,,,,,0.0,,1.0,,,,,,,,,,,,,,,,,,,,,,,,,,,,0.996,0.0,,,,,0.0,,,,,,,,,,,,,,,,""
17493619085,"Feb 22, 2026, 10:40:19 AM",Lunch Workout,Workout,"",3864,3.26,146.0,4,,,,activities/18590985427.fit.gz,,,3864.0,1387.0,3263.0,6.8,2.353,74.0,75.0,170.2,217.4,34.3,0.1,,,254.0,84.0,146.0,110.0,,,355.0,,24.0,4.0,,,,,,,,,,,,,0.0,,1.0,,,,,,,,,,,,,,,,,,,,,,,,,,,,0.844,2171.0,,,,,0.0,,,,,,1274.0,,,,,,,,,,""
17493618566,"Feb 21, 2026, 9:15:06 AM",Lunch Trail Run,Run,"",5215,9.94,173.0,50,,,,activities/18590984871.fit.gz,,,5215.0,4861.0,9942.0,3.2,2.045,425.0,412.0,183.4,449.2,49.1,0.1,,,94.0,78.0,173.0,138.0,,160.0,792.0,,25.0,50.0,,,,,,,,,159.0,5216.0,,,0.0,,1.0,11984.5,,,,,,,,,,,,,,,,,,,,,,,,,,,1.906,6513.0,,,,12892.0,0.0,,147.0,101.0,2.465,,,,,,,,,,,,""
17464114530,"Feb 14, 2026, 3:31:30 PM",Afternoon Weight Training,Weight Training,"",3023,0,130.0,7,,,,activities/18561290911.fit.gz,,,3023.0,3023.0,0.0,0.0,0.0,0.0,0.0,217.4,217.4,0.0,0.0,,,,,130.0,101.0,,,264.0,,21.0,7.0,,,,,,,,,,,,,0.0,,1.0,,,,,,,,,,,,,,,,,,,,,,,,,,,,0.0,0.0,,,,,0.0,,,,,,,,,,,,,,,,""
17464114345,"Feb 14, 2026, 10:03:43 AM",Lunch Trail Run,Run,"",4243,8.41,188.0,53,,,,activities/18561290574.fit.gz,,,4243.0,3918.0,8410.0,4.0,2.147,293.0,264.0,197.0,448.2,48.9,0.3,,,93.0,79.0,188.0,144.0,,169.0,684.0,,25.0,53.0,,,,,,,,,170.0,4243.0,,,0.0,,1.0,9649.1,,,,,,,,,,,,,,,,,,,,,,,,,,,1.982,7021.0,,,,10214.0,0.0,,136.0,108.0,2.463,,,,,,,,,,,,""
17340628731,"Feb 8, 2026, 10:00:11 AM",Lunch Trail Run,Run,"",4235,4.93,156.0,14,,,,activities/18437331067.fit.gz,,,4235.0,3611.0,4934.0,2.8,1.366,612.0,34.0,490.4,1071.8,49.2,11.7,,,83.0,61.0,156.0,117.0,,140.0,464.0,,24.0,14.0,,,,,,,,,142.0,4236.0,,,0.0,,1.0,8643.9,,,,,,,,,,,,,,,,,,,,,,,,,,,1.165,4699.0,,,,7718.0,0.0,,95.0,90.0,2.394,,,,,,,,,,,,""
17317015854,"Feb 7, 2026, 11:08:32 AM",Afternoon Trail Run,Run,"",5671,13.30,193.0,107,,,,activities/18413416422.fit.gz,,,5671.0,5381.0,13307.0,5.2,2.473,334.0,303.0,210.4,370.6,47.5,0.2,,,90.0,79.0,193.0,152.0,,195.0,1064.0,,26.0,107.0,,,,,,,,,200.0,5672.0,,,0.0,,1.0,14687.5,,,,,,,,,,,,,,,,,,,,,,,,,,,2.346,12125.0,,,,13746.0,0.0,,253.0,127.0,2.73,,,,,,,,,,,,""
17295149471,"Feb 3, 2026, 4:08:14 PM",Evening Trail Run,Run,"",299,0.22,,,,,,activities/18391361321.fit.gz,,,299.0,299.0,225.0,2.0,0.753,7.0,6.0,206.2,213.2,44.4,-0.4,,,81.0,62.0,,,,62.0,63.0,,19.0,,,,,,,,,,79.0,300.0,,,0.0,,1.0,263.5,,,,,,,,,,,,,,,,,,,,,,,,,,,0.753,0.0,,,,,0.0,,2.0,50.0,0.881,,,,,,,,,,,,""
17295149466,"Feb 3, 2026, 3:44:45 PM",Afternoon Weight Training,Weight Training,"",1409,0,,,,,,activities/18391361320.fit.gz,,,1409.0,1409.0,0.0,0.0,0.0,0.0,0.0,212.0,212.0,0.0,0.0,,,56.0,0.0,,,,30.0,,,19.0,,,,,,,,,,30.0,1410.0,,,0.0,,1.0,,,,,,,,,,,,,,,,,,,,,,,,,,,,0.0,0.0,,,,,0.0,,1.0,19.0,,,,,,,,,,,,,""
17295149503,"Feb 3, 2026, 3:00:28 PM",Afternoon Trail Run,Run,"",2655,6.78,186.0,26,,,,activities/18391361239.fit.gz,,,2655.0,2548.0,6782.0,5.4,2.662,45.0,43.0,207.2,215.8,22.2,0.0,,,88.0,84.0,186.0,143.0,,196.0,278.0,,17.0,26.0,,,,,,,,,194.0,2656.0,,,0.0,,1.0,6885.1,,,,,,,,,,,,,,,,,,,,,,,,,,,2.554,6673.0,,,,,0.0,,111.0,123.0,2.702,,,,,,,,,,,,""
17261663514,"Feb 2, 2026, 3:24:48 PM",Afternoon Trail Run,Run,"",3201,8.35,182.0,36,,,,activities/18357658812.fit.gz,,,3201.0,3036.0,8350.0,7.8,2.75,101.0,100.0,203.0,220.8,40.0,0.0,,,114.0,82.0,182.0,141.0,,217.0,529.0,,18.0,36.0,,,,,,,,,219.0,3202.0,,,0.0,,1.0,8666.6,,,,,,,,,,,,,,,,,,,,,,,,,,,2.609,6412.0,,,,7808.0,0.0,,171.0,139.0,2.855,,,,,,,,,,,,""
17252198288,"Feb 1, 2026, 10:01:22 AM",Lunch Trail Run,Run,"",3463,6.26,165.0,24,,,,activities/18348108086.fit.gz,,,3463.0,3163.0,6264.0,3.6,1.98,343.0,316.0,172.6,454.2,48.9,0.4,,,94.0,78.0,165.0,136.0,,162.0,536.0,,24.0,24.0,,,,,,,,,164.0,3464.0,,,0.0,,1.0,8096.2,,,,,,,,,,,,,,,,,,,,,,,,,,,1.809,3172.0,,,,8194.0,0.0,,103.0,104.0,2.56,,,,,,,,,,,,""
17246622337,"Jan 31, 2026, 12:22:11 PM",Afternoon Workout,Workout,"",3626,4.61,166.0,11,,,,activities/18342456180.fit.gz,,,3626.0,2484.0,4610.0,6.4,1.856,140.0,126.0,196.0,222.0,40.0,0.3,,,254.0,75.0,166.0,122.0,,,406.0,,22.0,11.0,,,,,,,,,,,,,0.0,,1.0,,,,,,,,,,,,,,,,,,,,,,,,,,,,1.271,4176.0,,,,,0.0,,,,,,6268.0,,,,,,,,,,""
17246620225,"Jan 29, 2026, 3:40:16 PM",Afternoon Weight Training,Weight Training,"",3115,0,152.0,7,,,,activities/18342454131.fit.gz,,,3115.0,3115.0,0.0,0.0,0.0,4.0,6.0,223.0,227.4,0.0,0.0,,,,,152.0,98.0,,,241.0,,24.0,7.0,,,,,,,,,,,,,0.0,,1.0,,,,,,,,,,,,,,,,,,,,,,,,,,,,0.0,0.0,,,,,0.0,,,,,,,,,,,,,,,,""
17207564272,"Jan 28, 2026, 2:12:40 PM",Afternoon Trail Run,Run,"",5845,12.93,188.0,74,,,,activities/18303108974.fit.gz,,,5845.0,5490.0,12931.0,4.6,2.355,426.0,426.0,213.4,449.6,48.9,0.0,,,92.0,80.0,188.0,146.0,,186.0,946.0,,19.0,74.0,,,,,,,,,183.0,5846.0,,,0.0,,1.0,14617.7,,,,,,,,,,,,,,,,,,,,,,,,,,,2.212,9513.0,,,,14410.0,0.0,,218.0,116.0,2.663,,,,,,,,,,,,""
17195065764,"Jan 27, 2026, 3:03:38 PM",Afternoon Trail Run,Run,"",2697,7.40,183.0,44,,,,activities/18290552955.fit.gz,,,2697.0,2546.0,7403.0,6.0,2.908,49.0,45.0,204.6,213.6,26.7,0.0,,,107.0,86.0,183.0,149.0,,217.0,502.0,,17.0,44.0,,,,,,,,,227.0,2698.0,,,0.0,,1.0,7511.6,,,,,,,,,,,,,,,,,,,,,,,,,,,2.745,6878.5,,,,6934.0,0.0,,155.0,144.0,2.95,,,,,,,,,,,,""
17190343145,"Jan 25, 2026, 1:00:57 PM",Afternoon Weight Training,Weight Training,"",2072,0,128.0,3,,,,activities/18285774860.fit.gz,,,2072.0,2072.0,0.0,0.0,0.0,0.0,0.0,219.0,220.4,0.0,0.0,,,,,128.0,86.0,,,143.0,,26.0,3.0,,,,,,,,,,,,,0.0,,1.0,,,,,,,,,,,,,,,,,,,,,,,,,,,,0.0,0.0,,,,,0.0,,,,,,,,,,,,,,,,""
17190343360,"Jan 25, 2026, 11:24:06 AM",Afternoon Trail Run,Run,"",4161,9.32,169.0,33,,,,activities/18285775108.fit.gz,,,4161.0,4135.0,9321.0,3.6,2.254,274.0,267.0,207.8,452.8,37.5,0.1,,,89.0,83.0,169.0,135.0,,184.0,599.0,,19.0,33.0,,,,,,,,,183.0,4162.0,,,0.0,,1.0,10285.0,,,,,,,,,,,,,,,,,,,,,,,,,,,2.24,8303.0,,,,10700.0,0.0,,155.0,116.0,2.487,,,,,,,,,,,,""
17190342938,"Jan 24, 2026, 5:06:51 PM",Evening Weight Training,Weight Training,"",2198,0,135.0,6,,,,activities/18285774748.fit.gz,,,2198.0,2198.0,0.0,0.0,0.0,0.0,0.0,218.4,224.0,0.0,0.0,,,,,135.0,109.0,,,228.0,,25.0,6.0,,,,,,,,,,,,,0.0,,1.0,,,,,,,,,,,,,,,,,,,,,,,,,,,,0.0,0.0,,,,,0.0,,,,,,,,,,,,,,,,""
17190340759,"Jan 24, 2026, 10:34:31 AM",Lunch Trail Run,Run,"",3439,7.39,160.0,24,,,,activities/18285772374.fit.gz,,,3439.0,3394.0,7396.0,3.2,2.179,247.0,239.0,215.6,453.2,37.8,0.1,,,93.0,80.0,160.0,134.0,,170.0,535.0,,23.0,24.0,,,,,,,,,172.0,3440.0,,,0.0,,1.0,8354.3,,,,,,,,,,,,,,,,,,,,,,,,,,,2.151,6392.0,,,,8826.0,0.0,,113.0,109.0,2.461,,,,,,,,,,,,""
17190340154,"Jan 23, 2026, 4:17:45 PM",Evening Trail Run,Run,"",2868,8.24,178.0,68,,,,activities/18285771747.fit.gz,,,2868.0,2739.0,8246.0,4.8,3.011,66.0,63.0,201.6,213.4,20.0,0.0,,,90.0,85.0,178.0,158.0,,221.0,625.0,,17.0,68.0,,,,,,,,,222.0,2869.0,,,0.0,,1.0,8468.8,,,,,,,,,,,,,,,,,,,,,,,,,,,2.875,7580.0,,,,7786.0,0.0,,157.0,141.0,3.092,,,,,,,,,,,,""
17140136106,"Jan 22, 2026, 3:09:45 PM",Afternoon Trail Run,Run,"",2842,7.54,181.0,39,,,,activities/18235153489.fit.gz,,,2842.0,2510.0,7546.0,6.9,3.006,67.0,66.0,198.4,211.4,20.0,0.0,,,113.0,84.0,181.0,146.0,,224.0,489.0,,19.0,39.0,,,,,,,,,216.0,2843.0,,,0.0,,1.0,7701.9,,,,,,,,,,,,,,,,,,,,,,,,,,,2.655,7012.0,,,,6996.0,0.0,,147.0,137.0,3.068,,,,,,,,,,,,""
17140130782,"Jan 21, 2026, 4:30:40 PM",Evening Weight Training,Weight Training,"",1756,0,143.0,5,,,,activities/18235148248.fit.gz,,,1756.0,1756.0,0.0,0.0,0.0,0.0,0.0,227.4,232.8,0.0,0.0,,,,,143.0,111.0,,,208.0,,23.0,5.0,,,,,,,,,,,,,0.0,,1.0,,,,,,,,,,,,,,,,,,,,,,,,,,,,0.0,0.0,,,,,0.0,,,,,,,,,,,,,,,,""
17124010810,"Jan 20, 2026, 4:11:05 PM",Evening Weight Training,Weight Training,"",2335,0,145.0,5,,,,activities/18218886589.fit.gz,,,2335.0,2335.0,0.0,0.0,0.0,3.0,3.0,211.2,214.6,0.0,0.0,,,,,145.0,97.0,,,187.0,,23.0,5.0,,,,,,,,,,,,,0.0,,1.0,,,,,,,,,,,,,,,,,,,,,,,,,,,,0.0,0.0,,,,,0.0,,,,,,,,,,,,,,,,""
17111796407,"Jan 19, 2026, 5:33:09 PM",Evening Trail Run,Run,"",2720,7.46,188.0,53,,,,activities/18206587698.fit.gz,,,2720.0,2606.0,7467.0,5.6,2.865,254.0,259.0,172.2,216.0,20.0,-0.1,,,98.0,86.0,188.0,154.0,,226.0,533.0,,12.0,53.0,,,,,,,,,224.0,2721.0,,,0.0,,1.0,8158.2,,,,,,,,,,,,,,,,,,,,,,,,,,,2.745,538.5,,,,7436.0,0.0,,152.0,142.0,3.131,,,,,,,,,,,,""
17059168172,"Jan 9, 2026, 3:23:58 PM",Afternoon Weight Training,Weight Training,"",1500,0,121.0,2,,,,activities/18153462980.fit.gz,,,1500.0,1500.0,0.0,0.0,0.0,0.0,0.0,199.4,201.0,0.0,0.0,,,,,121.0,90.0,,,105.0,,25.0,2.0,,,,,,,,,,,,,0.0,,1.0,,,,,,,,,,,,,,,,,,,,,,,,,,,,0.0,0.0,,,,,0.0,,,,,,,,,,,,,,,,""
16969530004,"Jan 7, 2026, 3:46:54 PM",Afternoon Workout,Workout,"",2849,4.09,191.0,27,,,,activities/18063036392.fit.gz,,,2849.0,1951.0,4095.0,3.8,2.099,96.0,93.0,196.2,213.6,40.0,0.0,,,89.0,81.0,191.0,144.0,,,359.0,,22.0,27.0,,,,,,,,,,,,,0.0,,1.0,,,,,,,,,,,,,,,,,,,,,,,,,,,,1.437,3520.0,,,,,0.0,,,,,,5366.0,,,,,,,,,,""
16956120066,"Jan 6, 2026, 10:37:13 AM",Lunch Trail Run,Run,"",5579,7.93,170.0,26,,,,activities/18049485264.fit.gz,,,5579.0,4693.0,7934.0,4.8,1.691,632.0,626.0,489.0,1076.0,49.1,0.1,,,138.0,74.0,170.0,127.0,,147.0,661.0,,20.0,26.0,,,,,,,,,153.0,5580.0,,,0.0,,1.0,12510.8,,,,,,,,,,,,,,,,,,,,,,,,,,,1.422,6777.0,,,,11936.0,0.0,,145.0,97.0,2.666,,,,,,,,,,,,""
16946745324,"Jan 5, 2026, 2:05:02 PM",Afternoon Trail Run,Run,"",3083,8.00,181.0,32,,,,activities/18040030736.fit.gz,,,3083.0,2860.0,8003.0,6.8,2.798,12.0,21.0,204.4,217.8,30.0,-0.1,,,103.0,84.0,181.0,140.0,,216.0,492.0,,19.0,32.0,,,,,,,,,223.0,3084.0,,,0.0,,1.0,8204.6,,,,,,,,,,,,,,,,,,,,,,,,,,,2.596,7398.0,,,,7624.0,0.0,,170.0,141.0,2.869,,,,,,,,,,,,""
16932761943,"Jan 4, 2026, 9:53:33 AM",Lunch Trail Run,Run,"",4893,5.53,132.0,8,,,,activities/18025872646.fit.gz,,,4893.0,4334.0,5530.0,4.8,1.276,82.0,75.0,-9.0,57.2,48.9,0.1,,,84.0,57.0,132.0,98.0,,109.0,369.0,,25.0,8.0,,,,,,,,,106.0,4508.0,,,0.0,,1.0,6312.8,,,,,,,,,,,,,,,,,,,,,,,,,,,1.13,1195.0,,,,7332.0,0.0,,56.0,67.0,1.457,,,,,,,,,,,,""
16911327674,"Jan 2, 2026, 10:05:21 AM",Lunch Trail Run,Run,"",5469,3.95,126.0,7,,,,activities/18004203351.fit.gz,,,5469.0,4955.0,3956.0,3.2,0.798,6.0,10.0,-2.2,6.2,30.0,0.0,,,78.0,52.0,126.0,99.0,,86.0,429.0,,18.0,7.0,,,,,,,,,74.0,5116.0,,,0.0,,1.0,4064.1,,,,,,,,,,,,,,,,,,,,,,,,,,,0.723,0.0,,,,5932.0,0.0,,31.0,47.0,0.82,,,,,,,,,,,,""
16911325395,"Jan 1, 2026, 9:32:01 AM",Lunch Trail Run,Run,"",1835,1.89,122.0,2,,,,activities/18004201490.fit.gz,,,1835.0,1392.0,1895.0,2.0,1.361,3.0,3.0,203.8,207.8,27.5,0.0,,,69.0,56.0,122.0,93.0,,95.0,136.0,,19.0,2.0,,,,,,,,,90.0,1836.0,,,0.0,,1.0,1939.9,,,,,,,,,,,,,,,,,,,,,,,,,,,1.033,0.0,,,,2650.0,0.0,,16.0,57.0,1.394,,,,,,,,,,,,""
16893858957,"Dec 31, 2025, 10:39:30 AM",Lunch Trail Run,Run,"",3599,1.83,138.0,3,,,,activities/17986403834.fit.gz,,,3599.0,1341.0,1834.0,3.6,1.368,107.0,100.0,1063.2,1155.8,47.9,0.4,,,96.0,54.0,138.0,102.0,,100.0,295.0,,13.0,3.0,,,,,,,,,82.0,3599.0,,,0.0,,1.0,2584.3,,,,,,,,,,,,,,,,,,,,,,,,,,,0.51,0.0,,,,3080.0,0.0,,26.0,52.0,1.927,,,,,,,,,,,,""
16875902636,"Dec 29, 2025, 1:32:07 PM",Afternoon Trail Run,Run,"",2814,1.57,128.0,3,,,,activities/17968200725.fit.gz,,,2814.0,1376.0,1576.0,2.2,1.145,114.0,116.0,586.8,698.6,49.3,0.1,,,78.0,58.0,128.0,95.0,,80.0,202.0,,27.0,3.0,,,,,,,,,76.0,2815.0,,,0.0,,1.0,2481.9,,,,,,,,,,,,,,,,,,,,,,,,,,,0.56,0.0,,,,3094.0,0.0,,18.0,48.0,1.804,,,,,,,,,,,,""
16862411214,"Dec 28, 2025, 9:53:08 AM",Lunch Trail Run,Run,"",3389,7.10,187.0,51,,,,activities/17954469512.fit.gz,,,3389.0,3212.0,7103.0,4.4,2.211,339.0,333.0,196.2,507.0,35.0,0.1,,,89.0,79.0,187.0,148.0,,180.0,655.0,,20.0,51.0,,,,,,,,,180.0,3390.0,,,0.0,,1.0,8880.1,,,,,,,,,,,,,,,,,,,,,,,,,,,2.096,0.0,,,,8338.0,0.0,,122.0,114.0,2.765,,,,,,,,,,,,""
16845357372,"Dec 25, 2025, 6:05:11 PM",Evening Workout,Workout,"",2548,3.29,177.0,13,,,,activities/17937104752.fit.gz,,,2548.0,1582.0,3291.0,6.6,2.08,11.0,12.0,206.8,216.6,27.5,-0.1,,,127.0,79.0,177.0,133.0,,,383.0,,19.0,13.0,,,,,,,,,,,,,0.0,,1.0,,,,,,,,,,,,,,,,,,,,,,,,,,,,1.292,2814.0,,,,,0.0,,,,,,4944.0,,,,,,,,,,""
16838244423,"Dec 25, 2025, 9:44:22 AM",Lunch Trail Run,Run,"",4175,8.73,166.0,16,,,,activities/17929831279.fit.gz,,,4175.0,4096.0,8734.0,3.0,2.132,265.0,258.0,210.4,451.0,40.0,0.1,,,86.0,80.0,166.0,123.0,,164.0,522.0,,24.0,16.0,,,,,,,,,166.0,4176.0,,,0.0,,1.0,9881.7,,,,,,,,,,,,,,,,,,,,,,,,,,,2.092,8133.0,,,,10970.0,0.0,,127.0,105.0,2.413,,,,,,,,,,,,""
16838243072,"Dec 22, 2025, 4:32:46 PM",Evening Trail Run,Run,"",533,1.03,159.0,4,,,,activities/17929829882.fit.gz,,,533.0,529.0,1032.0,2.8,1.951,8.0,6.0,210.8,218.4,17.1,0.1,,,83.0,79.0,159.0,135.0,,146.0,96.0,,19.0,4.0,,,,,,,,,145.0,534.0,,,0.0,,1.0,1072.4,,,,,,,,,,,,,,,,,,,,,,,,,,,1.936,717.0,,,,1398.0,0.0,,12.0,92.0,2.027,,,,,,,,,,,,""
16804287027,"Dec 21, 2025, 9:53:02 AM",Lunch Trail Run,Run,"",5082,7.62,198.0,68,,,,activities/17895414593.fit.gz,,,5082.0,5041.0,7623.0,4.2,1.512,632.0,618.0,483.4,1073.0,49.1,0.2,,,116.0,78.0,198.0,151.0,,166.0,898.0,,18.0,68.0,,,,,,,,,161.0,5083.0,,,0.0,,1.0,12085.4,,,,,,,,,,,,,,,,,,,,,,,,,,,1.5,6607.0,,,,10868.0,0.0,,146.0,102.0,2.397,,,,,,,,,,,,""
16804285104,"Dec 20, 2025, 2:48:12 PM",Afternoon Workout,Workout,"",3084,6.43,161.0,12,,,,activities/17895412782.fit.gz,,,3084.0,2662.0,6429.0,3.4,2.415,38.0,36.0,205.0,217.4,40.0,0.1,,,89.0,83.0,161.0,130.0,,,433.0,,20.0,12.0,,,,,,,,,,,,,0.0,,1.0,,,,,,,,,,,,,,,,,,,,,,,,,,,,2.085,5717.0,,,,,0.0,,,,,,7394.0,,,,,,,,,,""
16791778488,"Dec 17, 2025, 2:14:23 PM",Afternoon Trail Run,Run,"",3027,7.88,182.0,52,,,,activities/17882710987.fit.gz,,,3027.0,3004.0,7888.0,4.6,2.626,263.0,250.0,198.0,441.8,48.6,0.1,,,93.0,82.0,182.0,149.0,,211.0,561.0,,18.0,52.0,,,,,,,,,211.0,3028.0,,,0.0,,1.0,9161.7,,,,,,,,,,,,,,,,,,,,,,,,,,,2.606,6061.0,,,,7900.0,0.0,,150.0,134.0,3.05,,,,,,,,,,,,""
16791776658,"Dec 14, 2025, 12:53:52 PM",Afternoon Trail Run,Run,"",3337,7.48,185.0,39,,,,activities/17882709219.fit.gz,,,3337.0,3249.0,7479.0,3.8,2.302,253.0,234.0,206.4,433.6,36.7,0.2,,,99.0,82.0,185.0,142.0,,178.0,618.0,,19.0,39.0,,,,,,,,,180.0,3338.0,,,0.0,,1.0,8561.8,,,,,,,,,,,,,,,,,,,,,,,,,,,2.241,6569.0,,,,8888.0,0.0,,120.0,114.0,2.635,,,,,,,,,,,,""
16791775268,"Dec 13, 2025, 5:04:20 PM",Evening Workout,Workout,"",2599,3.46,172.0,9,,,,activities/17882707786.fit.gz,,,2599.0,1622.0,3464.0,3.8,2.136,15.0,19.0,206.8,214.8,28.9,-0.1,,,124.0,80.0,172.0,128.0,,,369.0,,19.0,9.0,,,,,,,,,,,,,0.0,,1.0,,,,,,,,,,,,,,,,,,,,,,,,,,,,1.333,2773.0,,,,,0.0,,,,,,4794.0,,,,,,,,,,""
16723613307,"Dec 12, 2025, 4:26:20 PM",Evening Trail Run,Run,"",2244,6.56,183.0,49,,,,activities/17813672699.fit.gz,,,2244.0,2076.0,6562.0,4.8,3.161,97.0,99.0,192.6,211.8,20.0,0.0,,,97.0,88.0,183.0,157.0,,238.0,481.0,,19.0,49.0,,,,,,,,,239.0,2245.0,,,0.0,,1.0,6890.1,,,,,,,,,,,,,,,,,,,,,,,,,,,2.924,5961.0,,,,5936.0,0.0,,142.0,151.0,3.319,,,,,,,,,,,,""
16686872898,"Dec 8, 2025, 3:08:29 PM",Afternoon Trail Run,Run,"",2861,6.93,187.0,48,,,,activities/17776502714.fit.gz,,,2861.0,2704.0,6931.0,5.8,2.563,35.0,30.0,194.0,210.8,40.0,0.0,,,101.0,86.0,187.0,152.0,,223.0,517.0,,19.0,48.0,,,,,,,,,224.0,2861.0,,,0.0,,1.0,7147.2,,,,,,,,,,,,,,,,,,,,,,,,,,,2.423,6042.0,,,,6502.0,0.0,,159.0,142.0,2.643,,,,,,,,,,,,""
16676649631,"Dec 7, 2025, 7:44:51 AM",Morning Trail Run,Run,"",16598,11.93,177.0,42,,,,activities/17766105712.fit.gz,,,16598.0,16596.0,11933.0,5.6,0.719,1225.0,640.0,674.0,1769.2,49.7,4.9,,,209.0,63.0,177.0,118.0,,141.0,1373.0,,18.0,42.0,,,,,,,,,132.0,16596.0,,,0.0,,1.0,20165.2,,,,,,,,,,,,,,,,,,,,,,,,,,,0.719,8150.0,,,,17938.0,0.0,,323.0,84.0,1.215,,,,,,,,,,,,""
16620666641,"Nov 29, 2025, 10:38:27 AM",Lunch Trail Run,Run,"",4946,11.02,186.0,65,,,,activities/17709266830.fit.gz,,,4946.0,4773.0,11026.0,4.2,2.31,393.0,385.0,208.8,449.4,47.5,0.1,,,103.0,82.0,186.0,146.0,,195.0,874.0,,23.0,65.0,,,,,,,,,192.0,4948.0,,,0.0,,1.0,12749.9,,,,,,,,,,,,,,,,,,,,,,,,,,,2.229,9126.0,,,,12164.0,0.0,,203.0,122.0,2.671,,,,,,,,,,,,""
16592223922,"Nov 28, 2025, 3:10:10 PM",Afternoon Trail Run,Run,"",2878,5.70,183.0,48,,,,activities/17680280871.fit.gz,,,2878.0,2286.0,5703.0,9.2,2.495,40.0,34.0,208.4,225.0,20.0,0.1,,,103.0,82.0,183.0,152.0,,183.0,506.0,,20.0,48.0,,,,,,,,,171.0,2879.0,,,0.0,,1.0,5884.3,,,,,,,,,,,,,,,,,,,,,,,,,,,1.982,4989.0,,,,6330.0,0.0,,93.0,108.0,2.574,,,,,,,,,,,,""
16592222275,"Nov 27, 2025, 5:38:38 PM",Evening Weight Training,Weight Training,"",1803,0,104.0,3,,,,activities/17680279155.fit.gz,,,1803.0,1803.0,0.0,0.0,0.0,0.0,0.0,204.8,208.6,0.0,0.0,,,,,104.0,89.0,,,136.0,,27.0,3.0,,,,,,,,,,,,,0.0,,1.0,,,,,,,,,,,,,,,,,,,,,,,,,,,,0.0,0.0,,,,,0.0,,,,,,,,,,,,,,,,""
16582955869,"Nov 26, 2025, 3:35:47 PM",Afternoon Weight Training,Weight Training,"",779,0,175.0,4,,,,activities/17670834311.fit.gz,,,779.0,779.0,0.0,0.0,0.0,4.0,6.0,204.8,215.0,0.0,0.0,,,50.0,0.0,175.0,113.0,,72.0,72.0,,23.0,4.0,,,,,,,,,71.0,780.0,,,0.0,,1.0,,,,,,,,,,,,,,,,,,,,,,,,,,,,0.0,0.0,,,,,0.0,,4.0,45.0,,,,,,,,,,,,,""
16582955966,"Nov 26, 2025, 3:00:28 PM",Afternoon Trail Run,Run,"",2118,4.17,174.0,21,,,,activities/17670833834.fit.gz,,,2118.0,2052.0,4171.0,3.6,2.033,230.0,226.0,208.6,435.4,48.6,0.1,,,101.0,79.0,174.0,140.0,,172.0,389.0,,23.0,21.0,,,,,,,,,180.0,2119.0,,,0.0,,1.0,5667.4,,,,,,,,,,,,,,,,,,,,,,,,,,,1.969,1641.0,,,,,0.0,,76.0,114.0,2.762,,,,,,,,,,,,""
16563530415,"Nov 25, 2025, 3:54:16 PM",Afternoon Trail Run,Run,"",2734,6.87,192.0,63,,,,activities/17651093813.fit.gz,,,2734.0,2280.0,6873.0,6.0,3.014,100.0,98.0,195.0,212.6,46.7,0.0,,,106.0,85.0,192.0,161.0,,236.0,558.0,,21.0,63.0,,,,,,,,,229.0,2735.0,,,0.0,,1.0,7230.8,,,,,,,,,,,,,,,,,,,,,,,,,,,2.514,6354.0,,,,6150.0,0.0,,159.0,145.0,3.171,,,,,,,,,,,,""
16475777982,"Nov 16, 2025, 12:51:24 PM",Afternoon Swim,Swim,"",2582,"1,578",138.0,4,,,,activities/17562370615.fit.gz,,,2582.0,2582.0,1578.0,1.8,0.611,0.0,0.0,-26.6,11.4,46.0,-0.7,,,,,138.0,116.0,,,315.0,,21.0,4.0,,,,,,,,,,,,,0.0,,1.0,,,,,,,,,,,,,,,,,,,,,,,,,,,,0.611,0.0,,,,,0.0,,,,,,,,,,,,,,,,""
16472942733,"Nov 15, 2025, 11:01:56 AM",Afternoon Trail Run,Run,"",3852,8.11,163.0,14,,,,activities/17559496546.fit.gz,,,3852.0,3560.0,8114.0,3.4,2.279,264.0,242.0,193.6,449.4,30.0,0.3,,,93.0,83.0,163.0,126.0,,175.0,523.0,,26.0,14.0,,,,,,,,,174.0,3853.0,,,0.0,,1.0,9067.3,,,,,,,,,,,,,,,,,,,,,,,,,,,2.106,6600.0,,,,9912.0,0.0,,129.0,110.0,2.547,,,,,,,,,,,,""
16416936175,"Nov 10, 2025, 5:56:23 PM",Evening Trail Run,Run,"",3791,10.90,184.0,64,,,,activities/17503065611.fit.gz,,,3791.0,3597.0,10905.0,5.4,3.032,0.0,0.0,112.8,115.4,17.1,0.0,,,92.0,85.0,184.0,149.0,,232.0,720.0,,21.0,64.0,,,,,,,,,237.0,3790.0,,,0.0,,1.0,10977.8,,,,,,,,,,,,,,,,,,,,,,,,,,,2.877,0.0,,,,9604.0,0.0,,236.0,150.0,3.052,,,,,,,,,,,,""
16393619491,"Nov 8, 2025, 7:52:21 AM",Morning Trail Run,Run,"",5267,12.09,177.0,82,,,,activities/17479511767.fit.gz,,,5267.0,4836.0,12092.0,4.0,2.5,251.0,251.0,207.0,434.4,49.1,0.0,,,90.0,81.0,177.0,145.0,,195.0,947.0,,24.0,82.0,,,,,,,,,193.0,5268.0,,,0.0,,1.0,13423.8,,,,,,,,,,,,,,,,,,,,,,,,,,,2.296,9633.0,,,,12850.0,0.0,,218.0,122.0,2.776,,,,,,,,,,,,""
16359875083,"Nov 4, 2025, 5:10:05 PM",Evening Trail Run,Run,"",864,2.03,135.0,2,,,,activities/17445514060.fit.gz,,,864.0,846.0,2031.0,3.6,2.401,5.0,17.2,204.2,211.0,17.1,0.0,,,87.0,83.0,135.0,120.0,,178.0,104.0,,25.0,2.0,,,,,,,,,177.0,865.0,,,0.0,,1.0,2088.1,,,,,,,,,,,,,,,,,,,,,,,,,,,2.351,1795.0,,,,,0.0,,30.0,112.0,2.468,,,,,,,,,,,,""
16359875073,"Nov 4, 2025, 4:39:36 PM",Evening Weight Training,Weight Training,"",1829,0,135.0,4,,,,activities/17445514061.fit.gz,,,1829.0,1829.0,0.0,0.0,0.0,4.0,0.0,205.2,211.4,0.0,0.0,,,51.0,0.0,135.0,99.0,,77.0,120.0,,25.0,4.0,,,,,,,,,76.0,1830.0,,,0.0,,1.0,,,,,,,,,,,,,,,,,,,,,,,,,,,,0.0,0.0,,,,,0.0,,11.0,48.0,,,,,,,,,,,,,""
16359875082,"Nov 4, 2025, 4:23:54 PM",Evening Trail Run,Run,"",941,2.26,153.0,3,,,,activities/17445513905.fit.gz,,,941.0,912.0,2263.0,3.2,2.481,16.0,10.0,202.4,210.0,25.0,0.1,,,91.0,86.0,153.0,119.0,,184.0,126.0,,24.0,3.0,,,,,,,,,180.0,942.0,,,0.0,,1.0,2343.8,,,,,,,,,,,,,,,,,,,,,,,,,,,2.405,1869.0,,,,,0.0,,33.0,114.0,2.57,,,,,,,,,,,,""
16331461284,"Nov 2, 2025, 11:33:31 AM",Afternoon Swim,Swim,"",4101,"2,054",155.0,8,,,,activities/17416796523.fit.gz,,,4101.0,4101.0,2054.0,1.6,0.501,0.0,0.0,-2.8,7.2,30.0,0.0,,,,,155.0,115.0,,,358.0,,22.0,8.0,,,,,,,,,,,,,0.0,,1.0,,,,,,,,,,,,,,,,,,,,,,,,,,,,0.501,0.0,,,,,0.0,,,,,,,,,,,,,,,,""
16322973331,"Nov 1, 2025, 12:38:00 PM",Afternoon Trail Run,Run,"",8781,18.99,193.0,154,,,,activities/17408091844.fit.gz,,,8781.0,8365.0,18993.0,4.6,2.271,924.0,908.0,177.4,450.4,48.9,0.1,,,110.0,80.0,193.0,149.0,,190.0,1626.0,,26.0,154.0,,,,,,,,,192.0,8782.0,,,0.0,,1.0,24408.4,,,,,,,,,,,,,,,,,,,,,,,,,,,2.163,9990.0,,,,21788.0,0.0,,361.0,122.0,2.918,,,,,,,,,,,,""
16313957670,"Oct 31, 2025, 4:23:27 PM",Evening Trail Run,Run,"",3807,10.92,196.0,82,,,,activities/17398927807.fit.gz,,,3807.0,3436.0,10921.0,5.6,3.178,0.0,0.0,113.4,118.2,26.7,0.0,,,92.0,86.0,196.0,156.0,,239.0,745.0,,24.0,82.0,,,,,,,,,239.0,3808.0,,,0.0,,1.0,10986.3,,,,,,,,,,,,,,,,,,,,,,,,,,,2.869,0.0,,,,9566.0,0.0,,241.0,151.0,3.197,,,,,,,,,,,,""
16293073537,"Oct 29, 2025, 11:37:23 AM",Afternoon Trail Run,Run,"",3123,8.26,184.0,41,,,,activities/17377867479.fit.gz,,,3123.0,2797.0,8267.0,5.2,2.956,139.0,135.0,196.6,222.6,30.0,0.0,,,99.0,88.0,184.0,144.0,,232.0,538.0,,25.0,41.0,,,,,,,,,232.0,3124.0,,,0.0,,1.0,8721.3,,,,,,,,,,,,,,,,,,,,,,,,,,,2.647,7377.0,,,,7924.0,0.0,,187.0,147.0,3.118,,,,,,,,,,,,""
16284493444,"Oct 28, 2025, 9:32:06 AM",Lunch Workout,Workout,"",2960,4.63,176.0,18,,,,activities/17369230258.fit.gz,,,2960.0,2186.0,4633.0,4.6,2.119,122.0,127.0,152.2,212.2,42.9,-0.1,,,107.0,82.0,176.0,129.0,,,451.0,,29.0,18.0,,,,,,,,,,,,,0.0,,1.0,,,,,,,,,,,,,,,,,,,,,,,,,,,,1.565,3638.0,,,,,0.0,,,,,,5712.0,,,,,,,,,,""
16261375175,"Oct 26, 2025, 8:19:09 AM",Morning Trail Run,Run,"",11101,21.37,187.0,156,,,,activities/17345860641.fit.gz,,,11101.0,10399.0,21378.0,5.0,2.056,929.0,923.0,616.4,897.6,48.9,0.0,,,119.0,78.0,187.0,147.0,,168.0,1887.0,,25.0,156.0,,,,,,,,,167.0,11102.0,,,0.0,,1.0,26709.7,,,,,,,,,,,,,,,,,,,,,,,,,,,1.926,15969.0,,,,26484.0,0.0,,345.0,106.0,2.568,,,,,,,,,,,,""
16250836858,"Oct 25, 2025, 10:41:28 AM",Afternoon Trail Run,Run,"",5373,13.46,179.0,75,,,,activities/17335169556.fit.gz,,,5373.0,4995.0,13461.0,4.8,2.695,217.0,211.0,198.6,217.4,40.0,0.0,,,93.0,83.0,179.0,144.0,,209.0,907.0,,27.0,75.0,,,,,,,,,212.0,5374.0,,,0.0,,1.0,14181.5,,,,,,,,,,,,,,,,,,,,,,,,,,,2.505,12984.0,,,,13526.0,0.0,,268.0,134.0,2.839,,,,,,,,,,,,""
16243507893,"Oct 24, 2025, 2:44:32 PM",Afternoon Trail Run,Run,"",3705,8.05,180.0,46,,,,activities/17327769416.fit.gz,,,3705.0,3684.0,8056.0,4.6,2.187,274.0,243.0,175.6,437.6,45.7,0.4,,,99.0,83.0,180.0,142.0,,193.0,628.0,,25.0,46.0,,,,,,,,,199.0,3706.0,,,0.0,,1.0,9356.0,,,,,,,,,,,,,,,,,,,,,,,,,,,2.174,6103.5,,,,9362.0,0.0,,163.0,126.0,2.54,,,,,,,,,,,,""
16243506370,"Oct 19, 2025, 3:02:40 PM",Evening Trail Run,Run,"",3679,7.86,184.0,70,,,,activities/17327767898.fit.gz,,,3679.0,3650.0,7863.0,3.0,2.154,217.0,198.0,204.0,372.2,36.7,0.2,,,95.0,81.0,184.0,150.0,,167.0,702.0,,21.0,70.0,,,,,,,,,169.0,3680.0,,,0.0,,1.0,8792.5,,,,,,,,,,,,,,,,,,,,,,,,,,,2.137,5999.0,,,,9826.0,0.0,,116.0,107.0,2.409,,,,,,,,,,,,""
16182358360,"Oct 18, 2025, 7:35:23 AM",Morning Trail Run,Run,"",7412,16.55,183.0,82,,,,activities/17266148723.fit.gz,,,7412.0,6974.0,16555.0,5.0,2.374,629.0,620.0,495.0,1046.4,49.1,0.1,,,92.0,79.0,183.0,141.0,,193.0,1210.0,,24.0,82.0,,,,,,,,,197.0,7413.0,,,0.0,,1.0,19522.0,,,,,,,,,,,,,,,,,,,,,,,,,,,2.234,13999.0,,,,17580.0,0.0,,320.0,125.0,2.799,,,,,,,,,,,,""
16170781967,"Oct 12, 2025, 3:17:26 PM",Evening Trail Run,Run,"",3631,6.64,193.0,23,,,,activities/17254453666.fit.gz,,,3631.0,3232.0,6639.0,3.2,2.054,231.0,213.0,213.2,435.0,45.0,0.2,,,98.0,78.0,193.0,129.0,,161.0,501.0,,23.0,23.0,,,,,,,,,159.0,3632.0,,,0.0,,1.0,7712.0,,,,,,,,,,,,,,,,,,,,,,,,,,,1.828,6081.0,,,,8354.0,0.0,,102.0,101.0,2.386,,,,,,,,,,,,""
16170780038,"Oct 11, 2025, 3:49:56 PM",Evening Trail Run,Run,"",2569,6.88,184.0,54,,,,activities/17254451686.fit.gz,,,2569.0,2533.0,6882.0,4.0,2.717,43.0,46.0,208.0,216.2,28.6,0.0,,,91.0,84.0,184.0,153.0,,199.0,536.0,,23.0,54.0,,,,,,,,,199.0,2569.0,,,0.0,,1.0,7050.9,,,,,,,,,,,,,,,,,,,,,,,,,,,2.679,6411.0,,,,7024.0,0.0,,113.0,126.0,2.784,,,,,,,,,,,,""
16096890895,"Oct 10, 2025, 2:46:57 PM",Afternoon Trail Run,Run,"",3160,8.51,186.0,69,,,,activities/17179779211.fit.gz,,,3160.0,2796.0,8517.0,5.0,3.046,50.0,41.0,208.8,217.2,48.6,0.1,,,93.0,85.0,186.0,157.0,,234.0,614.0,,24.0,69.0,,,,,,,,,239.0,3161.0,,,0.0,,1.0,8733.6,,,,,,,,,,,,,,,,,,,,,,,,,,,2.695,7851.0,,,,7060.0,0.0,,200.0,151.0,3.124,,,,,,,,,,,,""
16094617994,"Oct 9, 2025, 3:27:45 PM",Evening Weight Training,Weight Training,"",2485,0,125.0,4,,,,activities/17177486041.fit.gz,,,2485.0,2485.0,0.0,0.0,0.0,7.0,0.0,209.6,214.6,0.0,0.0,,,,,125.0,86.0,,,149.0,,26.0,4.0,,,,,,,,,,,,,0.0,,1.0,,,,,,,,,,,,,,,,,,,,,,,,,,,,0.0,0.0,,,,,0.0,,,,,,,,,,,,,,,,""
16094617719,"Oct 8, 2025, 3:16:33 PM",Evening Workout,Workout,"",2831,4.51,176.0,15,,,,activities/17177485653.fit.gz,,,2831.0,2013.0,4513.0,5.0,2.242,14.0,6.0,205.8,215.2,22.9,0.1,,,99.0,79.0,176.0,132.0,,,353.0,,21.0,15.0,,,,,,,,,,,,,0.0,,1.0,,,,,,,,,,,,,,,,,,,,,,,,,,,,1.594,4233.0,,,,,0.0,,,,,,5162.0,,,,,,,,,,""
16042611213,"Oct 5, 2025, 5:40:05 AM",Morning Trail Run,Run,"",15647,20.54,189.0,125,,,,activities/17124947054.fit.gz,,,15647.0,15645.0,20546.0,6.0,1.313,1742.0,1711.0,722.0,2091.8,49.5,0.1,,,170.0,73.0,189.0,136.0,,156.0,1968.0,,16.0,125.0,,,,,,,,,155.0,15648.0,0.0,,0.0,,1.0,32695.3,,,,,,,,,,,,,,,,,,,,,,,,,,,1.313,6623.0,,,,30096.0,0.0,,417.0,98.0,2.09,,,0.0,,,,,,,,,media/10080cde-e2fd-488e-bedf-97a8540b8c7a.mp4|media/dbc54ecd-2079-4bcc-ab8e-d322da07aa8f.jpg|media/a2d20886-048d-4613-bff7-406d3fc3eef3.jpg
16027998067,"Oct 4, 2025, 8:46:40 AM",Lunch Trail Run,Run,"",3373,1.95,130.0,3,,,,activities/17110116745.fit.gz,,,3373.0,1515.0,1955.0,3.0,1.29,129.0,129.0,784.0,874.6,49.7,0.1,,,124.0,55.0,130.0,97.0,,81.0,269.0,,19.0,3.0,,,,,,,,,79.0,3372.0,0.0,,0.0,,1.0,2769.9,,,,,,,,,,,,,,,,,,,,,,,,,,,0.58,0.0,,,,3120.0,0.0,,23.0,50.0,1.828,,,0.0,,,,,,,,,""
16026649902,"Oct 1, 2025, 2:19:50 PM",Afternoon Workout,Workout,"",2842,4.13,158.0,8,,,,activities/17108746869.fit.gz,,,2842.0,1988.0,4131.0,3.4,2.078,16.0,17.0,212.0,221.2,40.0,-0.1,,,87.0,79.0,158.0,121.0,,,353.0,,24.0,8.0,,,,,,,,,,,,,0.0,,1.0,,,,,,,,,,,,,,,,,,,,,,,,,,,,1.454,3595.0,,,,,0.0,,,,,,5374.0,,,,,,,,,,""
15963100225,"Sep 28, 2025, 9:56:40 AM",Lunch Swim,Swim,"",3538,"2,032",171.0,14,,,,activities/17044279790.fit.gz,,,3538.0,3538.0,2032.0,4.6,0.574,0.0,0.0,-152.0,16.2,50.0,0.2,,,,,171.0,127.0,,,526.0,,24.0,14.0,,,,,,,,,,,0.0,,0.0,,1.0,,,,,,,,,,,,,,,,,,,,,,,,,,,,0.574,0.0,,,,,0.0,,,,,,,0.0,,,,,,,,,""
15955193515,"Sep 27, 2025, 2:50:53 PM",Afternoon Trail Run,Run,"",2163,5.92,210.0,43,,,,activities/17036157415.fit.gz,,,2163.0,2067.0,5922.0,6.4,2.865,179.0,185.0,185.8,366.2,33.3,-0.1,,,159.0,87.0,210.0,157.0,,235.0,431.0,,22.0,43.0,,,,,,,,,242.0,2164.0,0.0,,0.0,,1.0,6572.8,,,,,,,,,,,,,,,,,,,,,,,,,,,2.738,4351.0,,,,,0.0,,140.0,153.0,3.18,,,0.0,,,,,,,,,""
15955193499,"Sep 27, 2025, 2:18:42 PM",Afternoon Workout,Workout,"",1931,3.73,166.0,8,,,,activities/17036157264.fit.gz,,,1931.0,1470.0,3738.0,5.0,2.543,23.0,13.0,212.0,221.2,40.0,0.1,,,105.0,84.0,166.0,123.0,,,270.0,,25.0,8.0,,,,,,,,,,,0.0,,0.0,,1.0,,,,,,,,,,,,,,,,,,,,,,,,,,,,1.936,3429.0,,,,,0.0,,,,,,,0.0,,,,,,,,,""
15944412077,"Sep 26, 2025, 3:57:06 PM",Evening Trail Run,Run,"",3118,7.26,182.0,50,,,,activities/17025128778.fit.gz,,,3118.0,2340.0,7259.0,5.0,3.102,45.0,46.0,213.0,220.8,33.3,0.0,,,92.0,87.0,182.0,154.0,,227.0,538.0,,25.0,50.0,,,,,,,,,213.0,3119.0,,,0.0,,1.0,7441.7,,,,,,,,,,,,,,,,,,,,,,,,,,,2.328,6963.0,,,,6820.0,0.0,,157.0,135.0,3.18,,,,,,,,,,,,""
15943514560,"Sep 25, 2025, 4:13:23 PM",Evening Weight Training,Weight Training,"",1534,0,100.0,2,,,,activities/17024217400.fit.gz,,,1534.0,1534.0,0.0,0.0,0.0,3.0,0.0,220.2,222.0,0.0,0.0,,,,,100.0,83.0,,,99.0,,32.0,2.0,,,,,,,,,,,,,0.0,,1.0,,,,,,,,,,,,,,,,,,,,,,,,,,,,0.0,0.0,,,,,0.0,,,,,,,,,,,,,,,,""
15922774590,"Sep 24, 2025, 3:15:57 PM",Evening Trail Run,Run,"",3643,7.71,170.0,33,,,,activities/17003011753.fit.gz,,,3643.0,3576.0,7712.0,3.6,2.157,234.0,225.0,212.2,371.2,35.6,0.1,,,105.0,80.0,170.0,140.0,,169.0,622.0,,27.0,33.0,,,,,,,,,170.0,3642.0,,,0.0,,1.0,8752.2,,,,,,,,,,,,,,,,,,,,,,,,,,,2.117,6677.0,,,,9482.0,0.0,,117.0,108.0,2.447,,,,,,,,,,,,""
15887572821,"Sep 21, 2025, 9:02:54 AM",Lunch Trail Run,Run,"",6353,16.58,181.0,110,,,,activities/16966893382.fit.gz,,,6353.0,6215.0,16586.0,4.0,2.669,527.0,513.0,493.0,971.8,48.3,0.1,,,93.0,85.0,181.0,150.0,,210.0,1226.0,,27.0,110.0,,,,,,,,,211.0,6354.0,,,0.0,,1.0,19345.9,,,,,,,,,,,,,,,,,,,,,,,,,,,2.611,13384.0,,,,17416.0,0.0,,315.0,134.0,3.113,,,,,,,,,,,,""
15887568992,"Sep 20, 2025, 10:53:36 AM",Afternoon Workout,Workout,"",3356,6.35,181.0,19,,,,activities/16966889668.fit.gz,,,3356.0,2535.0,6349.0,5.0,2.505,30.0,27.0,207.2,219.4,26.7,0.0,,,103.0,84.0,181.0,134.0,,,495.0,,29.0,19.0,,,,,,,,,,,,,0.0,,1.0,,,,,,,,,,,,,,,,,,,,,,,,,,,,1.892,5742.0,,,,,0.0,,,,,,6736.0,,,,,,,,,,""
15866448928,"Sep 17, 2025, 3:52:14 PM",Evening Trail Run,Run,"",3132,5.21,168.0,15,,,,activities/16945151939.fit.gz,,,3132.0,2768.0,5218.0,3.6,1.885,221.0,210.0,217.2,434.4,50.0,0.2,,,108.0,76.0,168.0,127.0,,148.0,448.0,,27.0,15.0,,,,,,,,,147.0,3133.0,,,0.0,,1.0,6345.5,,,,,,,,,,,,,,,,,,,,,,,,,,,1.666,3705.0,,,,6996.0,0.0,,75.0,93.0,2.292,,,,,,,,,,,,""
15866447466,"Sep 16, 2025, 3:20:07 PM",Evening Weight Training,Weight Training,"",1622,0,109.0,2,,,,activities/16945150576.fit.gz,,,1622.0,1622.0,0.0,0.0,0.0,0.0,0.0,217.0,218.6,0.0,0.0,,,,,109.0,82.0,,,103.0,,31.0,2.0,,,,,,,,,,,,,0.0,,1.0,,,,,,,,,,,,,,,,,,,,,,,,,,,,0.0,0.0,,,,,0.0,,,,,,,,,,,,,,,,""
15820794395,"Sep 15, 2025, 3:35:00 PM",Evening Workout,Workout,"",2150,3.36,163.0,6,,,,activities/16898329397.fit.gz,,,2150.0,1563.0,3367.0,3.4,2.154,6.0,11.0,206.6,216.6,33.3,-0.3,,,90.0,78.0,163.0,117.0,,,271.0,,28.0,6.0,,,,,,,,,,,,,0.0,,1.0,,,,,,,,,,,,,,,,,,,,,,,,,,,,1.566,2855.0,,,,,0.0,,,,,,4006.0,,,,,,,,,,""
15819859313,"Sep 13, 2025, 2:50:49 PM",Afternoon Trail Run,Run,"",5435,11.47,189.0,60,,,,activities/16897360139.fit.gz,,,5435.0,5241.0,11475.0,3.4,2.189,342.0,331.0,198.8,430.4,44.4,0.1,,,86.0,79.0,189.0,140.0,,169.0,878.0,,28.0,60.0,,,,,,,,,168.0,5436.0,,,0.0,,1.0,12972.7,,,,,,,,,,,,,,,,,,,,,,,,,,,2.111,10365.0,,,,13580.0,0.0,,170.0,106.0,2.475,,,,,,,,,,,,""
15765344851,"Sep 10, 2025, 2:45:55 PM",Afternoon Trail Run,Run,"",3843,6.97,139.0,12,,,,activities/16839903458.fit.gz,,,3843.0,3486.0,6975.0,3.6,2.001,314.0,317.0,217.6,448.4,49.8,0.0,,,137.0,80.0,139.0,118.0,,159.0,464.0,,30.0,12.0,,,,,,,,,158.0,3844.0,,,0.0,,1.0,8645.9,,,,,,,,,,,,,,,,,,,,,,,,,,,1.815,4869.0,,,,9378.0,0.0,,106.0,100.0,2.48,,,,,,,,,,,,""
15764256671,"Sep 9, 2025, 4:19:59 PM",Evening Workout,Workout,"",2797,5.57,172.0,17,,,,activities/16838758012.fit.gz,,,2797.0,2433.0,5574.0,6.2,2.291,53.0,48.0,207.6,217.2,30.0,0.0,,,119.0,81.0,172.0,129.0,,,439.0,,28.0,17.0,,,,,,,,,,,,,0.0,,1.0,,,,,,,,,,,,,,,,,,,,,,,,,,,,1.993,5165.0,,,,,0.0,,,,,,6244.0,,,,,,,,,,""
15729921434,"Sep 7, 2025, 10:11:19 AM",Afternoon Trail Run,Run,"",2112,2.65,138.0,4,,,,activities/16802415343.fit.gz,,,2112.0,1857.0,2653.0,2.8,1.429,6.0,564.0,508.6,1069.6,22.9,-21.0,,,96.0,68.0,138.0,102.0,,91.0,205.0,,32.0,4.0,,,,,,,,,91.0,2109.0,,,0.0,,1.0,3397.4,,,,,,,,,,,,,,,,,,,,,,,,,,,1.256,1426.0,,,,4522.0,0.0,,19.0,58.0,1.83,,,,,,,,,,,,""
15729921079,"Sep 7, 2025, 7:59:55 AM",Morning Trail Run,Run,"",6806,9.05,167.0,25,,,,activities/16802413633.fit.gz,,,6806.0,5946.0,9051.0,3.0,1.522,844.0,261.0,489.8,1147.2,49.8,6.4,,,87.0,66.0,167.0,119.0,,144.0,750.0,,29.0,25.0,,,,,,,,,145.0,6806.0,,,0.0,,1.0,14393.4,,,,,,,,,,,,,,,,,,,,,,,,,,,1.33,8870.0,,,,13466.0,0.0,,159.0,92.0,2.421,,,,,,,,,,,,""
15718463843,"Sep 6, 2025, 2:13:15 PM",Afternoon Trail Run,Run,"",3486,9.03,178.0,30,,,,activities/16790264817.fit.gz,,,3486.0,3310.0,9031.0,5.6,2.728,31.0,40.0,206.4,212.8,18.0,0.0,,,108.0,85.0,178.0,136.0,,205.0,569.0,,30.0,30.0,,,,,,,,,214.0,3487.0,,,0.0,,1.0,9200.2,,,,,,,,,,,,,,,,,,,,,,,,,,,2.591,8937.0,,,,8952.0,0.0,,177.0,135.0,2.78,,,,,,,,,,,,""
15718461345,"Sep 5, 2025, 4:10:00 PM",Evening Workout,Workout,"",3191,4.52,177.0,11,,,,activities/16790262131.fit.gz,,,3191.0,1941.0,4522.0,4.6,2.33,27.0,21.0,206.2,217.2,46.7,0.1,,,93.0,80.0,177.0,123.0,,,364.0,,29.0,11.0,,,,,,,,,,,,,0.0,,1.0,,,,,,,,,,,,,,,,,,,,,,,,,,,,1.417,4211.0,,,,,0.0,,,,,,5314.0,,,,,,,,,,""
15718459526,"Sep 4, 2025, 4:29:40 PM",Evening Weight Training,Weight Training,"",1247,0,124.0,2,,,,activities/16790260445.fit.gz,,,1247.0,1247.0,0.0,0.0,0.0,5.0,0.0,221.8,227.0,0.0,0.0,,,,,124.0,96.0,,,116.0,,32.0,2.0,,,,,,,,,,,,,0.0,,1.0,,,,,,,,,,,,,,,,,,,,,,,,,,,,0.0,0.0,,,,,0.0,,,,,,,,,,,,,,,,""
15686750789,"Sep 3, 2025, 2:08:20 PM",Afternoon Trail Run,Run,"",3224,10.20,189.0,168,,,,activities/16756410785.fit.gz,,,3224.0,3224.0,10200.0,5.0,3.164,296.0,297.0,222.4,428.8,30.0,0.0,,,94.0,86.0,189.0,176.0,,244.0,951.0,,32.0,168.0,,,,,,,,,249.0,3225.0,,,0.0,,1.0,11100.5,,,,,,,,,,,,,,,,,,,,,,,,,,,3.164,9205.0,,,,8972.0,0.0,,223.0,158.0,3.443,,,,,,,,,,,,""
15686748927,"Sep 2, 2025, 3:27:08 PM",Evening Trail Run,Run,"",2339,5.23,159.0,12,,,,activities/16756408900.fit.gz,,,2339.0,2301.0,5235.0,4.4,2.275,221.0,217.0,223.2,435.8,48.6,0.0,,,106.0,83.0,159.0,130.0,,184.0,373.0,,30.0,12.0,,,,,,,,,185.0,2340.0,,,0.0,,1.0,6345.2,,,,,,,,,,,,,,,,,,,,,,,,,,,2.238,3868.0,,,,6312.0,0.0,,89.0,117.0,2.758,,,,,,,,,,,,""
15686747782,"Sep 1, 2025, 3:19:05 PM",Evening Weight Training,Weight Training,"",1857,0,103.0,2,,,,activities/16756407766.fit.gz,,,1857.0,1857.0,0.0,0.0,0.0,0.0,0.0,223.0,223.0,0.0,0.0,,,,,103.0,75.0,,,90.0,,33.0,2.0,,,,,,,,,,,,,0.0,,1.0,,,,,,,,,,,,,,,,,,,,,,,,,,,,0.0,0.0,,,,,0.0,,,,,,,,,,,,,,,,""
15686747327,"Aug 31, 2025, 4:18:03 PM",Evening Trail Run,Run,"",3085,4.79,150.0,7,,,,activities/16756407205.fit.gz,,,3085.0,2130.0,4798.0,3.0,2.253,10.0,7.0,213.2,220.6,34.3,0.0,,,100.0,81.0,150.0,117.0,,166.0,349.0,,30.0,7.0,,,,,,,,,147.0,3086.0,,,0.0,,1.0,4925.9,,,,,,,,,,,,,,,,,,,,,,,,,,,1.555,4524.0,,,,5844.0,0.0,,74.0,93.0,2.313,,,,,,,,,,,,""
15635527598,"Aug 30, 2025, 6:55:27 AM",Morning Trail Run,Run,"",13100,16.39,159.0,47,,,,activities/16699867224.fit.gz,,,13100.0,9993.0,16399.0,4.0,1.641,1210.0,1198.0,908.4,1928.4,49.8,0.1,,,105.0,70.0,159.0,126.0,,138.0,1554.0,,29.0,47.0,,,,,,,,,135.0,13101.0,0.0,,0.0,,1.0,24210.7,,,,,,,,,,,,,,,,,,,,,,,,,,,1.252,0.0,,,,24020.0,0.0,,264.0,85.0,2.423,,,0.0,,,,,,,,,media/67bb1ae8-d85c-4d59-a7d1-41c95a84e962.jpg|media/ce246f55-1c4e-4a38-9c63-8d26b955ab68.jpg
15628488445,"Aug 29, 2025, 3:45:07 PM",Evening Trail Run,Run,"",3881,5.10,159.0,11,,,,activities/16692074496.fit.gz,,,3881.0,2906.0,5101.0,3.6,1.755,252.0,255.0,768.2,968.4,49.5,-0.1,,,97.0,73.0,159.0,115.0,,144.0,409.0,,27.0,11.0,,,,,,,,,138.0,3882.0,0.0,,0.0,,1.0,6739.6,,,,,,,,,,,,,,,,,,,,,,,,,,,1.314,0.0,,,,7126.0,0.0,,81.0,87.0,2.319,,,0.0,,,,,,,,,""
15626603359,"Aug 28, 2025, 3:19:25 PM",Evening Workout,Workout,"",3196,4.75,165.0,11,,,,activities/16690010782.fit.gz,,,3196.0,1983.0,4751.0,3.8,2.396,13.0,7.0,207.6,218.2,30.0,0.0,,,88.0,83.0,165.0,130.0,,,377.0,,29.0,11.0,,,,,,,,,,,,,0.0,,1.0,,,,,,,,,,,,,,,,,,,,,,,,,,,,1.487,4339.0,,,,,0.0,,,,,,5484.0,,,,,,,,,,""
15606973211,"Aug 27, 2025, 3:47:31 PM",Evening Trail Run,Run,"",3900,6.94,170.0,19,,,,activities/16668988648.fit.gz,,,3900.0,3188.0,6945.0,4.0,2.178,222.0,222.0,244.8,448.0,50.0,0.0,,,100.0,80.0,170.0,130.0,,174.0,555.0,,28.0,19.0,,,,,,,,,170.0,3900.0,0.0,,0.0,,1.0,8507.9,,,,,,,,,,,,,,,,,,,,,,,,,,,1.781,5274.0,,,,8378.0,0.0,,125.0,108.0,2.669,,,0.0,,,,,,,,,""
15569087301,"Aug 24, 2025, 8:35:03 AM",Lunch Trail Run,Run,"",6535,8.06,160.0,27,,,,activities/16628378351.fit.gz,,,6535.0,5057.0,8060.0,3.8,1.594,797.0,217.0,494.2,1083.4,49.9,7.2,,,98.0,70.0,160.0,127.0,,146.0,874.0,,29.0,27.0,,,,,,,,,142.0,6536.0,,,0.0,,1.0,13238.5,,,,,,,,,,,,,,,,,,,,,,,,,,,1.233,6485.0,,,,12576.0,0.0,,146.0,90.0,2.618,,,,,,,,,,,,""
15558980312,"Aug 23, 2025, 12:56:14 PM",Afternoon Swim,Swim,"",4885,"2,893",158.0,11,,,,activities/16617307521.fit.gz,,,4885.0,3706.0,2893.0,2.2,0.781,0.0,0.0,-3.6,9.2,47.5,0.0,,,,,158.0,113.0,,,432.0,,31.0,11.0,,,,,,,,,,,,,0.0,,1.0,,,,,,,,,,,,,,,,,,,,,,,,,,,,0.592,0.0,,,,,0.0,,,,,,,,,,,,,,,,""
15548582627,"Aug 22, 2025, 3:11:27 PM",Evening Swim,Swim,"",3499,"2,014",173.0,10,,,,activities/16605655762.fit.gz,,,3499.0,3499.0,2014.0,2.8,0.576,0.0,0.0,-3.6,17.0,48.6,-0.3,,,,,173.0,115.0,,,371.0,,28.0,10.0,,,,,,,,,,,,,0.0,,1.0,,,,,,,,,,,,,,,,,,,,,,,,,,,,0.576,0.0,,,,,0.0,,,,,,,,,,,,,,,,""
15545602143,"Aug 19, 2025, 4:44:24 PM",Evening Weight Training,Weight Training,"",1758,0,128.0,4,,,,activities/16602298340.fit.gz,,,1758.0,1758.0,0.0,0.0,0.0,0.0,0.0,213.6,215.0,0.0,0.0,,,,,128.0,102.0,,106.0,150.0,,28.0,4.0,,,,,,,,,105.0,1759.0,,,0.0,,1.0,,,,,,,,,,,,,,,,,,,,,,,,,,,,0.0,0.0,,,,,0.0,,21.0,66.0,,,,,,,,,,,,,""
15545602163,"Aug 19, 2025, 4:17:34 PM",Evening Trail Run,Run,"",1610,3.16,124.0,4,,,,activities/16602298210.fit.gz,,,1610.0,1454.0,3159.0,3.2,2.173,48.0,49.0,188.0,217.6,26.7,0.0,,,84.0,81.0,124.0,108.0,,164.0,173.0,,29.0,4.0,,,,,,,,,159.0,1611.0,,,0.0,,1.0,3355.5,,,,,,,,,,,,,,,,,,,,,,,,,,,1.962,2728.0,,,,,0.0,,45.0,101.0,2.308,,,,,,,,,,,,""
15480416797,"Aug 16, 2025, 2:22:27 PM",Afternoon Trail Run,Run,"",5333,17.86,187.0,222,,,,activities/16531994720.fit.gz,,,5333.0,5333.0,17862.0,5.0,3.349,360.0,343.0,203.5,369.5,27.8,0.0,,,96.0,89.0,187.0,170.0,,252.0,1448.0,,29.0,222.0,,,,,,,,,253.0,5334.0,,,0.0,,1.0,18652.6,,,,,,,,,,,,,,,,,,,,,,,,,,,3.349,16735.0,,,,14618.0,0.0,,379.0,160.0,3.545,,,,,,,,,,,,""
15468721651,"Aug 15, 2025, 2:12:23 PM",Afternoon Workout,Workout,"",3345,5.64,170.0,22,,,,activities/16519514360.fit.gz,,,3345.0,2408.0,5645.0,5.6,2.344,79.0,82.0,203.8,214.4,48.0,0.0,,,117.0,80.0,170.0,131.0,,,505.0,,30.0,22.0,,,,,,,,,,,,,0.0,,1.0,,,,,,,,,,,,,,,,,,,,,,,,,,,,1.688,4412.0,,,,,0.0,,,,,,6502.0,,,,,,,,,,""
15457850179,"Aug 14, 2025, 12:15:27 PM",Afternoon Swim,Swim,"",4242,"3,012",176.0,33,,"",,activities/16507911819.fit.gz,,,4242.0,4242.0,3012.0,14.1,0.71,0.0,0.0,-25.0,18.0,50.0,-0.4,,,,,176.0,137.0,,,702.0,,26.0,33.0,,,,,,,,,,,,,0.0,,1.0,,,,,,,,,,,,,,,,,,,,,,,,,,,,0.71,0.0,,,,,0.0,,,,,,,,,,,,,,,,""
15447120702,"Aug 13, 2025, 5:03:00 PM",Evening Trail Run,Run,"",375,0.67,133.0,1,,,,activities/16496446860.fit.gz,,,375.0,363.0,678.0,2.8,1.868,11.0,11.0,226.6,238.8,25.0,-0.1,,,83.0,78.0,133.0,116.0,,143.0,50.0,,29.0,1.0,,,,,,,,,140.0,369.0,,,0.0,,1.0,737.1,,,,,,,,,,,,,,,,,,,,,,,,,,,1.808,457.0,,,,948.0,0.0,,8.0,89.0,2.031,,,,,,,,,,,,""
15447120575,"Aug 13, 2025, 4:42:21 PM",Evening Weight Training,Weight Training,"",1212,0,143.0,3,,,,activities/16496446569.fit.gz,,,1212.0,1212.0,0.0,0.0,0.0,17.0,0.0,210.6,227.4,0.0,0.0,,,,,143.0,110.0,,,139.0,,30.0,3.0,,,,,,,,,,,,,0.0,,1.0,,,,,,,,,,,,,,,,,,,,,,,,,,,,0.0,0.0,,,,,0.0,,,,,,,,,,,,,,,,""
15447120175,"Aug 13, 2025, 3:52:32 PM",Evening Trail Run,Run,"",2933,10.21,186.0,121,,,,activities/16496446163.fit.gz,,,2933.0,2933.0,10217.0,5.2,3.483,246.0,258.0,205.0,448.8,31.4,-0.1,,,94.0,88.0,186.0,170.0,,262.0,790.0,,28.0,121.0,,,,,,,,,263.0,2934.0,0.0,,0.0,,1.0,10847.9,,,,,,,,,,,,,,,,,,,,,,,,,,,3.483,9311.0,,,,8042.0,0.0,,225.0,166.0,3.699,,,,,,,,,,,,""
15434519691,"Aug 12, 2025, 3:49:15 PM",Evening Trail Run,Run,"",579,1.18,154.0,2,,,,activities/16483006450.fit.gz,,,579.0,485.0,1186.0,4.4,2.445,9.0,4.0,208.2,215.6,20.0,-0.2,,,91.0,82.0,154.0,129.0,,182.0,72.0,,31.0,2.0,,,,,,,,,174.0,580.0,,,0.0,,1.0,1241.2,,,,,,,,,,,,,,,,,,,,,,,,,,,2.048,904.0,,,,,0.0,,19.0,110.0,2.559,,,,,,,,,,,,""
15434519674,"Aug 12, 2025, 3:25:40 PM",Evening Weight Training,Weight Training,"",1414,0,126.0,4,,,,activities/16483006449.fit.gz,,,1414.0,1414.0,0.0,0.0,0.0,0.0,0.0,214.4,214.4,0.0,0.0,,,,,126.0,111.0,,,104.0,,32.0,4.0,,,,,,,,,,,,,0.0,,1.0,,,,,,,,,,,,,,,,,,,,,,,,,,,,0.0,0.0,,,,,0.0,,,,,,,,,,,,,,,,""
15434519707,"Aug 12, 2025, 2:46:48 PM",Afternoon Trail Run,Run,"",2332,5.35,176.0,16,,,,activities/16483006368.fit.gz,,,2332.0,1991.0,5349.0,6.0,2.687,13.0,13.0,208.6,215.6,30.0,0.0,,,113.0,84.0,176.0,130.0,,214.0,382.0,,31.0,16.0,,,,,,,,,202.0,2333.0,,,0.0,,1.0,5455.2,,,,,,,,,,,,,,,,,,,,,,,,,,,2.294,5112.0,,,,,0.0,,106.0,128.0,2.74,,,,,,,,,,,,""
15422832865,"Aug 11, 2025, 3:08:58 PM",Evening Trail Run,Run,"",2841,5.50,155.0,10,,,,activities/16470545727.fit.gz,,,2841.0,2695.0,5502.0,3.2,2.042,234.0,222.0,206.4,431.2,48.9,0.2,,,85.0,79.0,155.0,115.0,,162.0,363.0,,32.0,10.0,,,,,,,,,162.0,2842.0,,,0.0,,1.0,6767.8,,,,,,,,,,,,,,,,,,,,,,,,,,,1.937,3169.0,,,,7038.0,0.0,,83.0,103.0,2.511,,,,,,,,,,,,""
15412378632,"Aug 10, 2025, 2:32:04 PM",Afternoon Trail Run,Run,"",3304,6.10,146.0,9,,,,activities/16459294636.fit.gz,,,3304.0,3263.0,6103.0,3.4,1.87,29.0,31.0,209.4,222.8,32.5,0.0,,,85.0,82.0,146.0,121.0,,169.0,417.0,,31.0,9.0,,,,,,,,,155.0,3304.0,,,0.0,,1.0,6354.9,,,,,,,,,,,,,,,,,,,,,,,,,,,1.847,5755.0,,,,7384.0,0.0,,88.0,98.0,1.948,,,,,,,,,,,,""
15400677865,"Aug 9, 2025, 2:09:55 PM",Afternoon Trail Run,Run,"",5030,15.95,185.0,218,,,,activities/16446759695.fit.gz,,,5030.0,4998.0,15955.0,5.0,3.192,309.0,333.0,159.2,369.8,34.3,-0.1,,,96.0,89.0,185.0,172.0,,244.0,1396.0,,32.0,218.0,,,,,,,,,245.0,5032.0,,,0.0,,1.0,16736.3,,,,,,,,,,,,,,,,,,,,,,,,,,,3.172,6270.0,,,,13846.0,0.0,,335.0,155.0,3.349,,,,,,,,,,,,""
15389604821,"Aug 8, 2025, 4:02:06 PM",Evening Trail Run,Run,"",363,0.59,128.0,1,,,,activities/16434953740.fit.gz,,,363.0,350.0,596.0,2.8,1.703,6.0,3.0,212.4,219.4,16.4,0.1,,,84.0,69.0,128.0,114.0,,130.0,28.0,,31.0,1.0,,,,,,,,,127.0,364.0,,,0.0,,1.0,627.5,,,,,,,,,,,,,,,,,,,,,,,,,,,1.642,360.0,,,,,0.0,,6.0,80.0,1.793,,,,,,,,,,,,""
15389604800,"Aug 8, 2025, 3:40:04 PM",Evening Weight Training,Weight Training,"",1321,0,138.0,4,,,,activities/16434953739.fit.gz,,,1321.0,1321.0,0.0,0.0,0.0,0.0,0.0,216.8,216.8,0.0,0.0,,,,,138.0,113.0,,,102.0,,30.0,4.0,,,,,,,,,,,,,0.0,,1.0,,,,,,,,,,,,,,,,,,,,,,,,,,,,0.0,0.0,,,,,0.0,,,,,,,,,,,,,,,,""
15389604848,"Aug 8, 2025, 2:58:21 PM",Afternoon Trail Run,Run,"",2503,6.69,181.0,22,,,,activities/16434953529.fit.gz,,,2503.0,2366.0,6698.0,6.0,2.831,46.0,49.0,212.8,220.8,26.7,-0.1,,,107.0,87.0,181.0,134.0,,214.0,417.0,,30.0,22.0,,,,,,,,,220.0,2504.0,,,0.0,,1.0,6932.2,,,,,,,,,,,,,,,,,,,,,,,,,,,2.676,6464.0,,,,,0.0,,134.0,139.0,2.93,,,,,,,,,,,,""
15377102740,"Aug 7, 2025, 1:02:40 PM",Afternoon Swim,Swim,"",4515,"2,130",,,,,,activities/16421625028.fit.gz,,,4515.0,4515.0,2130.0,1.6,0.472,0.0,0.0,1.2,6.4,30.0,-0.1,,,,,,,,,577.0,,35.0,,,,,,,,,,,,,,0.0,,1.0,,,,,,,,,,,,,,,,,,,,,,,,,,,,0.472,0.0,,,,,0.0,,,,,,,,,,,,,,,,""
15367108258,"Aug 6, 2025, 4:08:13 PM",Evening Weight Training,Weight Training,"",1848,0,132.0,4,,,,activities/16410939261.fit.gz,,,1848.0,1848.0,0.0,0.0,0.0,0.0,0.0,213.8,213.8,0.0,0.0,,,61.0,0.0,132.0,98.0,,78.0,123.0,,30.0,4.0,,,,,,,,,77.0,1849.0,,,0.0,,1.0,,,,,,,,,,,,,,,,,,,,,,,,,,,,0.0,0.0,,,,,0.0,,12.0,49.0,,,,,,,,,,,,,""
15367108293,"Aug 6, 2025, 3:36:30 PM",Evening Trail Run,Run,"",1902,4.30,128.0,5,,,,activities/16410938923.fit.gz,,,1902.0,1838.0,4301.0,3.2,2.34,50.0,44.0,200.8,217.4,33.3,0.1,,,84.0,83.0,128.0,111.0,,174.0,223.0,,29.0,5.0,,,,,,,,,171.0,1903.0,,,0.0,,1.0,4509.3,,,,,,,,,,,,,,,,,,,,,,,,,,,2.261,4152.0,,,,,0.0,,61.0,108.0,2.453,,,,,,,,,,,,""
15354953486,"Aug 5, 2025, 3:56:58 PM",Evening Trail Run,Run,"",3039,9.31,188.0,68,,,,activities/16398005385.fit.gz,,,3039.0,2886.0,9310.0,4.6,3.226,69.0,68.0,197.0,214.4,16.4,0.0,,,90.0,85.0,188.0,156.0,,243.0,649.0,,29.0,68.0,,,,,,,,,247.0,3040.0,,,0.0,,1.0,9509.0,,,,,,,,,,,,,,,,,,,,,,,,,,,3.064,9159.0,,,,7948.0,0.0,,205.0,156.0,3.295,,,,,,,,,,,,""
15354951478,"Aug 4, 2025, 3:46:22 PM",Evening Weight Training,Weight Training,"",2392,0,139.0,4,,,,activities/16398003477.fit.gz,,,2392.0,2392.0,0.0,0.0,0.0,0.0,0.0,202.6,204.2,0.0,0.0,,,,,139.0,93.0,,,189.0,,33.0,4.0,,,,,,,,,,,,,0.0,,1.0,,,,,,,,,,,,,,,,,,,,,,,,,,,,0.0,0.0,,,,,0.0,,,,,,,,,,,,,,,,""
15332481284,"Aug 3, 2025, 2:35:11 PM",Afternoon Trail Run,Run,"",4033,7.69,176.0,57,,,,activities/16373909697.fit.gz,,,4033.0,3479.0,7692.0,4.6,2.211,276.0,284.0,7.4,168.8,48.9,-0.1,,,103.0,82.0,176.0,150.0,,199.0,624.0,,33.0,57.0,,,,,,,,,197.0,3478.0,,,0.0,,1.0,9193.4,,,,,,,,,,,,,,,,,,,,,,,,,,,1.907,3808.0,,,,,0.0,,150.0,125.0,2.643,,,,,,,,,,,,""
15332481301,"Aug 3, 2025, 1:08:33 PM",Afternoon Swim,Swim,"",5198,"4,718",198.0,50,,,,activities/16373909519.fit.gz,,,5198.0,5198.0,4718.0,15.2,0.908,11.1,0.0,12.2,23.5,47.9,0.2,,,,,198.0,140.0,,,783.0,,27.0,50.0,,,,,,,,,,,,,0.0,,1.0,,,,,,,,,,,,,,,,,,,,,,,,,,,,0.908,0.0,,,,,0.0,,,,,,,,,,,,,,,,""
15321553558,"Aug 2, 2025, 3:15:25 PM",Evening Trail Run,Run,"",4751,10.84,169.0,57,,,,activities/16362191646.fit.gz,,,4751.0,4586.0,10847.0,7.867,2.365,426.0,421.0,219.6,448.6,48.0,0.0,,,107.0,81.0,169.0,142.0,,193.0,806.0,,31.0,57.0,,,,,,,,,195.0,4752.0,,,0.0,,1.0,13053.6,,,,,,,,,,,,,,,,,,,,,,,,,,,2.283,8288.0,,,,12156.0,0.0,,200.0,123.0,2.846,,,,,,,,,,,,""
15310636119,"Aug 1, 2025, 4:24:01 PM",Evening Trail Run,Run,"",3447,7.45,172.0,25,,,,activities/16350508931.fit.gz,,,3447.0,3437.0,7452.0,3.8,2.168,238.0,229.0,210.2,325.4,30.0,0.1,,,100.0,82.0,172.0,134.0,,171.0,570.0,,28.0,25.0,,,,,,,,,173.0,3448.0,,,0.0,,1.0,8739.9,,,,,,,,,,,,,,,,,,,,,,,,,,,2.162,4876.0,,,,9372.0,0.0,,114.0,109.0,2.543,,,,,,,,,,,,""
15300318811,"Jul 31, 2025, 5:23:29 PM",Evening Trail Run,Run,"",535,1.14,169.0,7,,,,activities/16339467525.fit.gz,,,535.0,529.0,1140.0,3.0,2.155,9.0,11.0,210.0,220.4,40.0,-0.2,,,86.0,82.0,169.0,142.0,,161.0,103.0,,26.0,7.0,,,,,,,,,158.0,536.0,,,0.0,,1.0,1198.5,,,,,,,,,,,,,,,,,,,,,,,,,,,2.131,946.0,,,,,0.0,,14.0,100.0,2.266,,,,,,,,,,,,""
15300318786,"Jul 31, 2025, 4:57:17 PM",Evening Weight Training,Weight Training,"",1571,0,123.0,3,,,,activities/16339467524.fit.gz,,,1571.0,1571.0,0.0,0.0,0.0,0.0,0.0,213.0,213.2,0.0,0.0,,,47.0,47.0,123.0,98.0,,77.0,104.0,,28.0,3.0,,,,,,,,,76.0,1572.0,,,0.0,,1.0,,,,,,,,,,,,,,,,,,,,,,,,,,,,0.0,0.0,,,,,0.0,,10.0,48.0,,,,,,,,,,,,,""
15300318821,"Jul 31, 2025, 4:35:02 PM",Evening Trail Run,Run,"",1334,2.99,169.0,9,,,,activities/16339467438.fit.gz,,,1334.0,1317.0,2990.0,3.0,2.27,17.0,25.0,210.8,223.2,22.5,-0.2,,,85.0,82.0,169.0,129.0,,168.0,196.0,,29.0,9.0,,,,,,,,,167.0,1335.0,,,0.0,,1.0,3061.1,,,,,,,,,,,,,,,,,,,,,,,,,,,2.241,2790.0,,,,,0.0,,41.0,106.0,2.324,,,,,,,,,,,,""
15288507899,"Jul 30, 2025, 3:40:11 PM",Evening Trail Run,Run,"",4138,12.55,186.0,137,,,,activities/16326889384.fit.gz,,,4138.0,4040.0,12555.0,6.39,3.108,273.0,262.0,215.6,455.6,45.7,0.1,,,98.0,84.0,186.0,164.0,,255.0,1008.0,,31.0,137.0,,,,,,,,,254.0,4139.0,,,0.0,,1.0,13759.4,,,,,,,,,,,,,,,,,,,,,,,,,,,3.034,11147.0,,,,10614.0,0.0,,297.0,161.0,3.406,,,,,,,,,,,,""
15264977002,"Jul 28, 2025, 3:24:12 PM",Evening Workout,Workout,"",3162,4.78,174.0,14,,,,activities/16301803402.fit.gz,,,3162.0,2087.0,4788.0,4.26,1.514,32.0,31.0,207.0,221.0,40.0,0.0,,,108.0,72.0,174.0,122.0,,,425.0,,33.0,14.0,,,,,,,,,,,,,0.0,,1.0,,,,,,,,,,,,,,,,,,,,,,,,,,,,1.514,4033.0,,,,,0.0,,,,,,5816.0,,,,,,,,,,""
15257095037,"Jul 27, 2025, 4:09:46 PM",Evening Trail Run,Run,"",7427,13.36,189.0,31,,,,activities/16293202867.fit.gz,,,7427.0,6386.0,13366.0,3.15,1.8,383.0,388.0,162.4,368.6,40.0,0.0,,,99.0,76.0,189.0,114.0,,163.0,843.0,,31.0,31.0,,,,,,,,,156.0,7428.0,,,0.0,,1.0,14874.3,,,,,,,,,,,,,,,,,,,,,,,,,,,1.8,8709.0,,,,16666.0,0.0,,201.0,99.0,2.329,,,,,,,,,,,,""
15242842288,"Jul 25, 2025, 3:16:07 PM",Evening Trail Run,Run,"",3750,8.68,176.0,54,,,,activities/16278094899.fit.gz,,,3750.0,3398.0,8683.0,4.19,2.316,200.0,181.0,211.2,400.4,49.8,0.2,,,106.0,75.0,176.0,146.0,,208.0,692.0,,35.0,54.0,,,,,,,,,210.0,3751.0,,,0.0,,1.0,10098.4,,,,,,,,,,,,,,,,,,,,,,,,,,,2.315,7674.0,,,,8912.0,0.0,,184.0,133.0,2.972,,,,,,,,,,,,""
15242840783,"Jul 24, 2025, 4:21:18 PM",Evening Trail Run,Run,"",3066,5.44,166.0,24,,,,activities/16278093383.fit.gz,,,3066.0,3006.0,5439.0,3.38,1.774,405.0,394.0,226.2,449.6,48.9,0.2,,,107.0,74.0,166.0,138.0,,161.0,520.0,,33.0,24.0,,,,,,,,,167.0,3067.0,,,0.0,,1.0,8129.3,,,,,,,,,,,,,,,,,,,,,,,,,,,1.774,1348.0,,,,7550.0,0.0,,95.0,106.0,2.704,,,,,,,,,,,,""
15211632406,"Jul 23, 2025, 3:28:03 PM",Evening Trail Run,Run,"",3028,9.97,185.0,110,,,,activities/16244658985.fit.gz,,,3028.0,2978.0,9977.0,3.96,3.349,32.0,36.0,212.0,218.2,35.0,0.0,,,92.0,88.0,185.0,166.0,,252.0,783.0,,34.0,110.0,,,,,,,,,249.0,3028.0,,,0.0,,1.0,10141.6,,,,,,,,,,,,,,,,,,,,,,,,,,,3.295,9977.0,,,,8546.0,0.0,,209.0,158.0,3.406,,,,,,,,,,,,""
15189445027,"Jul 21, 2025, 4:58:10 PM",Evening Workout,Workout,"",4134,9.63,187.0,55,,,,activities/16220797631.fit.gz,,,4134.0,3386.0,9629.0,6.2,2.844,32.0,22.0,212.0,219.4,40.0,0.0,,,109.0,85.0,187.0,145.0,,,715.0,,30.0,55.0,,,,,,,,,,,,,0.0,,1.0,,,,,,,,,,,,,,,,,,,,,,,,,,,0.0,2.329,9369.0,,,,,0.0,,,,,,8796.0,,,,,,,,,,""
15177787989,"Jul 20, 2025, 1:04:28 PM",Afternoon Stand Up Paddling,Stand Up Paddling,"",4729,5.13,133.0,9,,,,activities/16207995164.fit.gz,,,4729.0,4065.0,5132.0,11.4,1.262,157.0,190.0,-63.6,58.8,48.9,0.3,,,83.0,49.0,133.0,100.0,,,392.0,,32.0,9.0,,,,,,,,,,,0.0,,0.0,,1.0,,,,,,,,,,,,,,,,,,,,,,,,,,,0.0,1.085,0.0,,,,,0.0,,,,,,,,,,,,,,,,media/3232e07f-f26d-4542-a862-8ba5d80bd02d.jpg
15177780379,"Jul 20, 2025, 11:51:38 AM",Afternoon Trail Run,Run,"",3989,1.68,132.0,3,,,,activities/16207987134.fit.gz,,,3989.0,3117.0,1684.0,3.8,0.54,143.0,134.0,6.2,142.6,48.6,0.0,,,107.0,55.0,132.0,107.0,,91.0,219.0,,35.0,3.0,,,,,,,,,78.0,3280.0,0.0,,0.0,,1.0,2752.7,,,,,,,,,,,,,,,,,,,,,,,,,,0.0,0.422,0.0,,,,,0.0,,22.0,49.0,0.883,,,,,,,,,,,,media/4a36713e-38e4-4252-9811-37bb8c0276f1.jpg|media/0e3982cd-107c-4f1d-9883-060786efd2c9.jpg
15177780369,"Jul 20, 2025, 11:16:31 AM",Afternoon Swim,Swim,"",2106,"1,127",184.0,17,,,,activities/16207986975.fit.gz,,,2106.0,1822.0,1127.0,3.0,0.619,0.0,3.4,-0.6,7.9,5.0,-0.7,,,,,184.0,139.0,,,323.0,,27.0,17.0,,,,,,,,,,,,,0.0,,1.0,,,,,,,,,,,,,,,,,,,,,,,,,,,0.0,0.535,0.0,,,,,0.0,,,,,,,,,,,,,,,,""
15166707592,"Jul 19, 2025, 2:09:45 PM",Afternoon Swim,Swim,"",3025,"2,807",151.0,10,,,,activities/16195797155.fit.gz,,,3025.0,3025.0,2807.0,10.6,0.928,0.0,0.0,-19.8,120.0,49.1,1.3,,,,,151.0,121.0,,,372.0,,27.0,10.0,,,,,,,,,,,,,0.0,,1.0,,1752933632.0,1.0,30.5,32.6,20.5,0.55,1008.8,2.7,5.4,129.0,0.0,1752895104.0,1752947072.0,0.875,,,0.0,1.0,0.04,24824.0,4.0,,,,,0.0,0.928,0.0,,,,,0.0,,,,,,,,,,,,,,,,""
15156623758,"Jul 18, 2025, 2:54:17 PM",Afternoon Workout,Workout,"",4745,8.30,181.0,53,,,,activities/16184714479.fit.gz,,,4745.0,4113.0,8308.0,4.8,2.02,271.0,255.0,208.0,447.2,48.9,0.2,,,114.0,80.0,181.0,140.0,,,814.0,,31.0,53.0,,,,,,,,,,,,,0.0,,1.0,,1752847232.0,1.0,33.7,35.7,18.6,0.41,1008.6,2.6,7.6,162.0,0.0,1752808576.0,1752860800.0,0.75,,,0.0,1.0,0.08,27671.0,4.0,,,,,0.0,1.751,5482.0,,,,,,,,,,,9976.0,,,,,,,,,,""
15123890390,"Jul 15, 2025, 3:27:57 PM",Evening Trail Run,Run,"",5110,12.46,173.0,52,,,,activities/16148900846.fit.gz,,,5110.0,5017.0,12460.0,4.0,2.484,377.0,373.0,217.6,431.0,42.5,0.0,,,91.0,83.0,173.0,142.0,,194.0,752.0,,31.0,52.0,,,,,,,,,195.0,5111.0,,,0.0,,1.0,14051.0,1752591616.0,1.0,32.7,33.3,11.8,0.28,1006.0,6.2,13.4,14.0,0.0,1752549248.0,1752601600.0,0.625,,,0.0,1.0,0.01,29732.0,2.0,,,,,0.0,2.438,10490.0,,,,13780.0,,,215.0,123.0,2.801,,,,,,,,,,,,""
15112018805,"Jul 14, 2025, 3:02:37 PM",Evening Workout,Workout,"",3079,5.06,179.0,17,,,,activities/16135965402.fit.gz,,,3079.0,2057.0,5064.0,5.4,2.462,35.0,17.0,190.8,201.0,49.1,0.1,,,,,179.0,136.0,,,382.0,,32.0,17.0,,,,,,,,,,,,,0.0,,1.0,,1752505216.0,1.0,32.4,33.1,10.4,0.26,1011.2,5.2,11.0,12.0,0.0,1752462848.0,1752515328.0,0.625,,,0.0,1.0,0.0,29566.0,2.0,,,,,0.0,1.645,4529.0,,,,,,,,,,,,,,,,,,,,,""
15099186835,"Jul 13, 2025, 10:23:50 AM",Afternoon Swim,Swim,"",3072,"2,525",203.0,107,,,,activities/16121836522.fit.gz,,,3072.0,3072.0,2525.0,7.6,0.822,0.0,0.0,-78.0,6.6,50.0,-3.2,,,,,203.0,175.0,,,742.0,,25.0,107.0,,,,,,,,,,,,,0.0,,1.0,,1752400768.0,1.0,32.2,32.4,14.4,0.34,1015.5,5.6,8.7,12.0,0.0,1752376448.0,1752428800.0,0.625,,,0.0,1.0,0.0,30338.0,10.0,,,,,0.0,0.822,0.0,,,,,,,,,,,,,,,,,,,,,""
15097294262,"Jul 12, 2025, 4:55:12 PM",Evening Trail Run,Run,"",3003,6.22,174.0,17,,,,activities/16119801663.fit.gz,,,3003.0,2813.0,6223.0,3.8,2.212,274.0,270.0,216.6,433.8,40.0,0.1,,,96.0,81.0,174.0,131.0,,177.0,459.0,,28.0,17.0,,,,,,,,,177.0,3004.0,,,0.0,,1.0,7546.7,1752336000.0,1.0,31.1,32.1,12.9,0.33,1012.6,3.1,7.1,35.0,0.0,1752289920.0,1752342528.0,0.625,,,0.0,1.0,0.04,29422.0,1.0,,,,,0.0,2.072,4892.0,,,,7666.0,,,104.0,112.0,2.683,,,,,,,,,,,,""
15097292955,"Jul 11, 2025, 4:19:29 PM",Evening Trail Run,Run,"",4555,7.89,184.0,34,,,,activities/16119800074.fit.gz,,,4555.0,4072.0,7897.0,3.2,1.939,354.0,346.0,223.6,450.4,48.9,0.1,,,88.0,76.0,184.0,135.0,,155.0,685.0,,28.0,34.0,,,,,,,,,152.0,4556.0,,,0.0,,1.0,9729.8,1752249600.0,1.0,28.2,29.0,13.3,0.4,1009.8,2.8,6.0,48.0,0.0,1752203520.0,1752256128.0,0.5,,,0.0,1.0,0.18,29752.0,1.0,,,,,0.0,1.734,6070.0,,,,10076.0,,,116.0,96.0,2.389,,,,,,,,,,,,""
15070429997,"Jul 10, 2025, 4:22:22 PM",Evening Weight Training,Weight Training,"",2408,0,111.0,3,,,,activities/16090187479.fit.gz,,,2408.0,2408.0,0.0,0.0,0.0,0.0,0.0,225.6,225.6,0.0,0.0,,,,,111.0,83.0,,,195.0,,33.0,3.0,,,,,,,,,,,,,0.0,,1.0,,,,,,,,,,,,,,,,,,,,,,,,,,,0.0,0.0,0.0,,,,,,,,,,,,,,,,,,,,,""
15059925244,"Jul 9, 2025, 4:53:19 PM",Evening Trail Run,Run,"",3539,6.85,180.0,74,,,,activities/16078879098.fit.gz,,,3539.0,3485.0,6857.0,4.2,1.968,532.0,501.0,207.0,446.0,48.6,0.4,,,107.0,83.0,180.0,152.0,,180.0,706.0,,30.0,74.0,,,,,,,,,185.0,3541.0,,,0.0,,1.0,10463.9,1752076800.0,1.0,33.7,34.7,13.8,0.3,1003.5,4.1,9.0,248.0,0.0,1752030592.0,1752083456.0,0.375,,,0.0,1.0,0.0,28384.0,1.0,,,,,0.0,1.938,1764.0,,,,9436.0,,,134.0,117.0,3.003,,,,,,,,,,,,""
15047344714,"Jul 8, 2025, 3:17:01 PM",Evening Workout,Workout,"",3094,4.24,168.0,11,,,,activities/16065101904.fit.gz,,,3094.0,1833.0,4244.0,4.2,2.315,29.0,16.0,206.0,224.2,31.4,0.2,,,98.0,81.0,168.0,126.0,,,397.0,,32.0,11.0,,,,,,,,,,,,,0.0,,1.0,,1751986816.0,1.0,33.3,34.8,12.4,0.28,1005.9,3.4,8.0,198.0,0.0,1751944192.0,1751997056.0,0.375,,,0.0,1.0,0.0,26867.0,2.0,,,,,0.0,1.372,3788.0,,,,,,,,,,,5234.0,,,,,,,,,,""
15026846402,"Jul 6, 2025, 12:26:52 PM",Afternoon Stand Up Paddling,Stand Up Paddling,"",3813,2.48,122.0,4,,,,activities/16042459325.fit.gz,,,3813.0,2070.0,2487.0,3.0,1.201,0.0,0.0,0.0,9.0,40.0,0.2,,,99.0,46.0,122.0,98.0,,,333.0,,35.0,4.0,,,,,,,,,,,,,0.0,,1.0,,1751803136.0,1.0,32.8,34.7,14.9,0.34,1011.8,1.9,5.8,347.0,0.0,1751771520.0,1751824512.0,0.375,,,0.0,1.0,0.0,32390.4,9.0,,,,,0.0,0.652,2465.0,,,,,,,,,,,,,,,,,,,,,""
15024521396,"Jul 6, 2025, 10:30:24 AM",Afternoon Swim,Swim,"",3886,"3,260",183.0,54,,,,activities/16039927252.fit.gz,,,3886.0,3886.0,3260.0,11.0,0.839,0.0,0.0,-88.6,19.2,50.0,0.0,,,,,183.0,147.0,,,705.0,,27.0,54.0,,,,,,,,,,,,,0.0,,1.0,,1751795968.0,1.0,31.4,33.3,15.0,0.37,1013.0,1.6,5.1,325.0,0.0,1751771520.0,1751824512.0,0.375,,,0.0,1.0,0.0,31902.8,10.0,,,,,0.0,0.839,3260.0,,,,,,,,,,,,,,,,,,,,,""
15017048020,"Jul 5, 2025, 2:43:10 PM",Afternoon Swim,Swim,"",3303,"3,189",184.0,40,,,,activities/16031612852.fit.gz,,,3303.0,3082.0,3189.0,13.6,1.035,0.0,0.0,-109.2,20.8,49.1,-2.2,,,,,184.0,142.0,,,578.0,,23.0,40.0,,,,,,,,,,,,,0.0,,1.0,,1751724032.0,8.0,30.1,30.2,16.1,0.43,1013.0,8.1,12.8,32.0,0.0,1751684864.0,1751737728.0,0.375,,,0.0,1.0,0.0,31020.0,5.0,,,,,0.0,0.965,0.0,,,,,,,,,,,,,,,,,,,,,""
15006696376,"Jul 4, 2025, 3:21:39 PM",Evening Trail Run,Run,"",5610,12.48,167.0,28,,,,activities/16020158246.fit.gz,,,5610.0,5560.0,12482.0,3.8,2.245,351.0,359.0,156.8,407.6,46.7,-0.1,,,94.0,82.0,167.0,131.0,,179.0,802.0,,30.0,28.0,,,,,,,,,178.0,5611.0,,,0.0,,1.0,13830.7,1751641216.0,1.0,30.8,31.4,11.7,0.31,1014.5,5.0,11.9,20.0,0.0,1751598464.0,1751651456.0,0.375,,,0.0,1.0,0.0,33960.0,2.0,,,,,0.0,2.225,9555.0,,,,14830.0,,,198.0,113.0,2.488,,,,,,,,,,,,""
14996384602,"Jul 3, 2025, 3:42:54 PM",Evening Workout,Workout,"",3627,7.81,183.0,39,,,,activities/16008758263.fit.gz,,,3627.0,2752.0,7814.0,7.2,2.839,40.0,25.0,208.8,231.0,40.0,0.2,,,115.0,84.0,183.0,145.0,,,612.0,,29.0,39.0,,,,,,,,,,,,,0.0,,1.0,,1751554816.0,1.0,31.3,31.9,9.5,0.26,1015.8,5.0,12.1,18.0,0.0,1751512064.0,1751565056.0,0.25,,,0.0,1.0,0.0,33725.0,2.0,,,,,0.0,2.154,7406.0,,,,,,,,,,,7154.0,,,,,,,,,,""
14985131243,"Jul 2, 2025, 2:50:53 PM",Afternoon Trail Run,Run,"",3972,7.76,184.0,126,,,,activities/15996393035.fit.gz,,,3972.0,3914.0,7768.0,4.0,1.985,578.0,561.0,219.8,451.8,48.9,0.2,,,110.0,80.0,184.0,163.0,,182.0,875.0,,30.0,126.0,,,,,,,,,185.0,3973.0,,,0.0,,1.0,11591.9,1751464832.0,1.0,32.1,32.9,12.4,0.3,1014.5,5.0,12.3,33.0,0.0,1751425536.0,1751478656.0,0.125,,,0.0,1.0,0.0,30374.0,4.0,,,,,0.0,1.956,2720.5,,,,10256.0,,,151.0,117.0,2.962,,,,,,,,,,,,""
14975137173,"Jul 1, 2025, 4:21:05 PM",Evening Trail Run,Run,"",3509,10.79,185.0,121,,,,activities/15985413304.fit.gz,,,3509.0,3443.0,10794.0,5.2,3.135,320.0,307.0,211.2,448.2,45.7,0.1,,,94.0,87.0,185.0,166.0,,245.0,793.0,,31.0,121.0,,,,,,,,,245.0,3510.0,,,0.0,,1.0,11920.5,1751385600.0,1.0,33.4,34.5,13.5,0.3,1010.0,3.5,9.0,27.0,0.0,1751339136.0,1751392256.0,0.125,,,0.0,1.0,0.02,28957.0,1.0,,,,,0.0,3.076,9144.0,,,,9752.0,,,234.0,155.0,3.462,,,,,,,,,,,,""
14974170642,"Jun 30, 2025, 4:15:58 PM",Evening Workout,Workout,"",3113,4.93,184.0,13,,,,activities/15984362939.fit.gz,,,3113.0,2035.0,4931.0,5.0,2.423,30.0,32.0,208.4,225.8,40.0,-0.1,,,103.0,83.0,184.0,127.0,,,435.0,,30.0,13.0,,,,,,,,,,,,,0.0,,1.0,,1751299200.0,1.0,30.8,31.3,13.2,0.34,1010.9,4.6,10.6,17.0,0.0,1751252736.0,1751305856.0,0.125,,,0.0,1.0,0.0,31065.0,1.0,,,,,0.0,1.584,4346.0,,,,,,,,,,,5704.0,,,,,,,,,,""
14959697965,"Jun 29, 2025, 9:57:35 AM",Lunch Trail Run,Run,"",3099,2.55,126.0,3,,,,activities/15968457363.fit.gz,,,3099.0,1803.0,2557.0,8.4,1.418,101.0,91.0,601.8,680.8,48.9,0.4,,,254.0,54.0,126.0,94.0,,108.0,271.0,,25.0,3.0,,,,,,,,,96.0,3100.0,,,0.0,,1.0,2982.9,1751187584.0,2.0,22.3,21.1,14.9,0.63,1015.1,4.5,10.8,64.0,0.2,1751166592.0,1751219840.0,0.125,,,0.08,5.0,0.47,20314.0,7.0,,,,,0.0,0.825,0.0,,,,3490.0,,,31.0,61.0,1.654,,,,,,,,,,,,""
14940525306,"Jun 28, 2025, 8:04:36 AM",Lunch Trail Run,Run,"",9199,10.99,168.0,65,,,,activities/15947336795.fit.gz,,,9199.0,6753.0,10997.0,3.8,1.628,909.0,900.0,1498.6,2374.2,49.2,0.1,,,142.0,69.0,168.0,135.0,,144.0,1302.0,,30.0,65.0,,,,,,,,,137.0,9200.0,0.0,,0.0,,1.0,17526.3,1751097600.0,1.0,22.5,23.1,9.6,0.44,1012.8,3.2,7.1,44.0,0.0,1751080192.0,1751133440.0,0.125,,,0.5,5.0,0.06,28860.0,7.0,,,,,0.0,1.195,10598.0,,,,15984.0,,,192.0,87.0,2.595,,,,,,,,,,,,media/f051b5a3-123f-4062-afa9-0a9d9a888fee.jpg|media/99d5fcde-b0bc-4613-af00-65a5185deac3.jpg|media/65e8a07a-689f-458a-93f6-3dfab2bc138f.jpg
14923135908,"Jun 26, 2025, 2:18:52 PM",Afternoon Trail Run,Run,"",4194,9.56,190.0,208,,,,activities/15928263578.fit.gz,,,4194.0,4136.0,9562.0,5.0,2.312,556.0,539.0,201.0,444.6,48.6,0.2,,,103.0,79.0,190.0,174.0,,203.0,1044.0,,36.0,208.0,,,,,,,,,206.0,4195.0,,,0.0,,1.0,12811.5,1750946432.0,1.0,35.0,36.4,13.2,0.27,1011.0,4.0,10.7,18.0,0.0,1750907008.0,1750960384.0,0.125,,,0.0,1.0,0.0,32457.0,5.0,,,,,0.0,2.28,5372.0,,,,10554.0,,,197.0,130.0,3.098,,,,,,,,,,,,""
14903023730,"Jun 24, 2025, 3:52:16 PM",Evening Trail Run,Run,"",4515,10.48,168.0,51,,,,activities/15906504167.fit.gz,,,4515.0,4381.0,10488.0,3.8,2.394,359.0,334.0,205.0,358.8,48.9,0.2,,,87.0,80.0,168.0,143.0,,190.0,778.0,,30.0,51.0,,,,,,,,,189.0,4516.0,,,0.0,,1.0,12202.5,1750777216.0,1.0,31.9,34.1,11.2,0.28,1012.0,1.4,7.0,38.0,0.0,1750734208.0,1750787456.0,0.875,,,0.0,1.0,0.0,29856.0,2.0,,,,,0.0,2.323,9081.0,,,,11574.0,,,180.0,120.0,2.785,,,,,,,,,,,,""
14891780040,"Jun 23, 2025, 3:17:46 PM",Evening Workout,Workout,"",3423,5.48,166.0,14,,,,activities/15894349165.fit.gz,,,3423.0,2423.0,5484.0,5.2,2.263,54.0,43.0,203.8,216.0,46.7,0.2,,,93.0,80.0,166.0,129.0,,,470.0,,31.0,14.0,,,,,,,,,,,,,0.0,,1.0,,1750690816.0,1.0,30.6,31.7,8.9,0.26,1014.4,3.4,8.2,11.0,0.0,1750647808.0,1750701056.0,0.875,,,0.0,1.0,0.0,33193.0,2.0,,,,,0.0,1.602,4839.0,,,,,,,,,,,6334.0,,,,,,,,,,""
14880213832,"Jun 22, 2025, 10:28:09 AM",Afternoon Swim,Swim,"",3604,"2,146",168.0,32,,,,activities/15881717680.fit.gz,,,3604.0,3056.0,2146.0,4.0,0.702,0.0,0.0,-3.6,23.2,49.1,-0.3,,,,,168.0,140.0,,,586.0,,24.0,32.0,,,,,,,,,,,,,0.0,,1.0,,1750586368.0,1.0,26.6,25.6,10.7,0.37,1019.3,6.4,12.4,15.0,0.0,1750561536.0,1750614784.0,0.875,,,0.0,1.0,0.04,29456.0,9.0,,,,,0.0,0.595,0.0,,,,,,,,,,,,,,,,,,,,,""
14868260752,"Jun 21, 2025, 9:10:23 AM",Lunch Trail Run,Run,"",3060,5.10,176.0,15,,,,activities/15868730051.fit.gz,,,3060.0,2173.0,5103.0,3.8,2.348,15.0,24.0,208.4,217.2,28.6,-0.1,,,87.0,81.0,176.0,133.0,,177.0,459.0,,32.0,15.0,,,,,,,,,159.0,3061.0,,,0.0,,1.0,5243.8,1750496384.0,2.0,28.0,27.9,18.7,0.57,1015.3,4.0,7.3,14.0,0.8,1750475008.0,1750528256.0,0.875,,,0.49,5.0,0.48,20481.0,7.0,,,,,0.0,1.668,4541.7,,,,6064.0,,,86.0,101.0,2.413,,,,,,,,,,,,""
14861845494,"Jun 20, 2025, 3:39:55 PM",Evening Trail Run,Run,"",3896,9.82,190.0,89,,,,activities/15861731827.fit.gz,,,3896.0,3795.0,9820.0,4.8,2.588,373.0,378.0,162.8,448.8,48.6,0.0,,,96.0,82.0,190.0,154.0,,213.0,784.0,,30.0,89.0,,,,,,,,,214.0,3897.0,,,0.0,,1.0,11786.2,1750431616.0,2.0,31.7,33.0,15.7,0.38,1012.1,1.0,6.0,84.0,0.0,1750388608.0,1750441856.0,0.875,,,0.37,5.0,0.46,30639.0,2.0,,,,,0.0,2.521,4971.0,,,,9978.0,,,197.0,135.0,3.106,,,,,,,,,,,,""
14841232671,"Jun 18, 2025, 4:32:13 PM",Evening Trail Run,Run,"",3837,10.41,183.0,114,,,,activities/15839377276.fit.gz,,,3837.0,3490.0,10417.0,4.6,2.985,273.0,255.0,187.2,450.2,26.7,0.2,,,113.0,88.0,183.0,163.0,,238.0,790.0,,28.0,114.0,,,,,,,,,239.0,3755.0,,,0.0,,1.0,11752.7,,,,,,,,,,,,,,,,,,,,,,,,,,0.0,2.715,8283.0,,,,9922.0,,,238.0,151.0,3.368,,,,,,,,,,,,""
14820405695,"Jun 16, 2025, 4:01:30 PM",Evening Trail Run,Run,"",4090,4.53,157.0,8,,,,activities/15816929207.fit.gz,,,4090.0,3315.0,4537.0,3.4,1.369,16.0,15.0,212.2,220.2,36.0,0.1,,,105.0,81.0,157.0,123.0,,172.0,439.0,,29.0,8.0,,,,,,,,,144.0,3442.0,,,0.0,,1.0,4672.5,,,,,,,,,,,,,,,,,,,,,,,,,,0.0,1.109,4241.0,,,,6018.0,,,79.0,91.0,1.41,,,,,,,,,,,,""
14807042462,"Jun 15, 2025, 10:37:41 AM",Afternoon Swim,Swim,"",4684,"3,024",184.0,75,,,,activities/15802431946.fit.gz,,,4684.0,4269.0,3024.0,3.4,0.708,0.0,0.0,-23.6,15.0,48.0,-0.1,,,,,184.0,153.0,,,893.0,,24.0,75.0,,,,,,,,,,,,,0.0,,1.0,,,,,,,,,,,,,,,,,,,,,,,,,,,0.0,0.646,72.8,,,,,,,,,,,,,,,,,,,,,""
14795557339,"Jun 14, 2025, 10:30:43 AM",Afternoon Swim,Swim,"",2933,"2,296",179.0,42,,,,activities/15789981345.fit.gz,,,2933.0,2761.0,2296.0,7.6,0.832,0.0,0.0,-61.2,134.8,49.2,0.1,,,,,179.0,147.0,,,542.0,,22.0,42.0,,,,,,,,,,,,,0.0,,1.0,,,,,,,,,,,,,,,,,,,,,,,,,,,0.0,0.783,0.0,,,,,,,,,,,,,,,,,,,,,""
14795556902,"Jun 13, 2025, 3:08:46 PM",Evening Trail Run,Run,"",3682,7.11,142.0,13,,,,activities/15789980797.fit.gz,,,3682.0,3679.0,7112.0,3.0,1.933,271.0,269.0,214.0,428.4,32.5,0.0,,,117.0,80.0,142.0,120.0,,152.0,488.0,,30.0,13.0,,,,,,,,,157.0,3683.0,,,0.0,,1.0,8519.0,,,,,,,,,,,,,,,,,,,,,,,,,,0.0,1.932,6375.0,,,,9772.0,,,100.0,99.0,2.316,,,,,,,,,,,,""
14778911380,"Jun 12, 2025, 4:29:11 PM",Evening Trail Run,Run,"",3365,9.44,194.0,115,,,,activities/15771941581.fit.gz,,,3365.0,3328.0,9447.0,6.0,2.839,268.0,257.0,205.4,442.6,48.9,0.1,,,94.0,83.0,194.0,165.0,,237.0,758.0,,29.0,115.0,,,,,,,,,239.0,3366.0,,,0.0,,1.0,10736.1,,,,,,,,,,,,,,,,,,,,,,,,,,0.0,2.807,7256.0,,,,7818.0,,,213.0,151.0,3.226,,,,,,,,,,,,""
14767799224,"Jun 11, 2025, 3:40:41 PM",Evening Trail Run,Run,"",4159,10.12,173.0,80,,,,activities/15759981180.fit.gz,,,4159.0,3899.0,10124.0,4.4,2.597,326.0,306.0,205.4,445.8,40.0,0.2,,,89.0,84.0,173.0,153.0,,206.0,791.0,,30.0,80.0,,,,,,,,,203.0,4110.0,,,0.0,,1.0,11326.8,,,,,,,,,,,,,,,,,,,,,,,,,,0.0,2.434,8492.0,,,,10678.0,,,187.0,128.0,2.905,,,,,,,,,,,,""
14767796767,"Jun 10, 2025, 4:58:39 PM",Evening Trail Run,Run,"",2066,3.86,153.0,7,,,,activities/15759978797.fit.gz,,,2066.0,1700.0,3868.0,3.8,2.275,20.0,22.0,207.0,215.4,28.9,0.0,,,87.0,82.0,153.0,126.0,,167.0,304.0,,29.0,7.0,,,,,,,,,156.0,2067.0,,,0.0,,1.0,3989.9,,,,,,,,,,,,,,,,,,,,,,,,,,0.0,1.872,3341.0,,,,4774.0,,,56.0,99.0,2.347,,,,,,,,,,,,""
14727219491,"Jun 7, 2025, 1:29:39 PM",Afternoon Trail Run,Run,"",4996,11.31,190.0,271,,,,activities/15716098243.fit.gz,,,4996.0,4935.0,11313.0,6.8,2.292,800.0,717.0,861.2,1519.0,45.7,0.7,,,110.0,78.0,190.0,177.0,,216.0,1325.0,,28.0,271.0,,,,,,,,,215.0,4936.0,,,0.0,,1.0,16295.1,,,,,,,,,,,,,,,,,,,,,,,,,,0.0,2.264,0.0,,,,12040.0,,,253.0,136.0,3.302,,,,,,,,,,,,""
14708149334,"Jun 5, 2025, 4:50:39 PM",Evening Trail Run,Run,,3129,7.24,,,,,,activities/14708149334.fit,,,3129.0,3069.0,7241.6,4.367,2.36,252.0,243.0,203.4,430.8,50.0,0.2,,,,,,,,,718.0,,29.0,,,,,,,,,,,,,,0.0,,1.0,8225.4,,,,,,,,,,,,,,,,,,,,,,,,,,0.0,2.314,4805.4,,,,,,,,,2.68,,,,,,,,,,,,""
14714735033,"Jun 4, 2025, 5:13:44 PM",Evening Trail Run,Run,"",2544,4.88,141.0,7,,,,activities/15702620099.fit.gz,,,2544.0,2224.0,4886.0,3.4,2.197,15.0,4.0,206.8,217.2,31.4,0.1,,,96.0,81.0,141.0,119.0,,163.0,333.0,,28.0,7.0,,,,,,,,,155.0,2545.0,,,0.0,,1.0,5024.1,,,,,,,,,,,,,,,,,,,,,,,,,,0.0,1.921,4361.5,,,,6036.0,,,67.0,98.0,2.259,,,,,,,,,,,,""
14658497214,"Jun 1, 2025, 4:57:56 AM",Morning Trail Run,Run,"",6851,5.85,183.0,33,,,,activities/15642188485.fit.gz,,,6851.0,5156.0,5856.0,3.6,1.136,1169.0,15.0,491.2,1072.4,49.9,0.1,,,88.0,64.0,183.0,127.0,,167.0,806.0,,25.0,33.0,,,,,,,,,162.0,5544.0,,,0.0,,1.0,13513.6,,,,,,,,,,,,,,,,,,,,,,,,,,0.0,0.855,3045.0,,,,11222.0,,,162.0,103.0,2.621,,,,,,,,,,,,""
14649439252,"May 31, 2025, 8:10:56 AM",Lunch Trail Run,Run,"",6066,16.92,199.0,202,,,,activities/15632412782.fit.gz,,,6066.0,6028.0,16920.0,5.4,2.807,456.0,451.0,490.4,931.8,48.9,0.0,,,120.0,88.0,199.0,166.0,,223.0,1369.0,,23.0,202.0,,,,,,,,,222.0,6067.0,,,0.0,,1.0,18679.5,,,,,,,,,,,,,,,,,,,,,,,,,,0.0,2.789,608.0,,,,16768.0,,,333.0,141.0,3.099,,,,,,,,,,,,""
14648282923,"May 29, 2025, 3:41:15 PM",Evening Trail Run,Run,"",2244,2.67,152.0,4,,,,activities/15631185729.fit.gz,,,2244.0,1321.0,2674.0,3.4,2.024,47.0,37.0,202.8,215.2,34.3,0.2,,,110.0,78.0,152.0,116.0,,156.0,259.0,,27.0,4.0,,,,,,,,,136.0,2245.0,,,0.0,,1.0,2914.8,,,,,,,,,,,,,,,,,,,,,,,,,,0.0,1.192,2037.0,,,,3836.0,,,46.0,86.0,2.207,,,,,,,,,,,,""
14602433461,"May 26, 2025, 3:23:42 PM",Evening Trail Run,Run,"",5452,14.14,200.0,123,,,,activities/15581911011.fit.gz,,,5452.0,5407.0,14147.0,4.4,2.616,391.0,373.0,174.4,434.2,30.0,0.1,,,91.0,84.0,200.0,154.0,,200.0,1109.0,,25.0,123.0,,,,,,,,,202.0,5453.0,,,0.0,,1.0,15519.5,,,,,,,,,,,,,,,,,,,,,,,,,,0.0,2.595,11580.0,,,,15146.0,,,247.0,128.0,2.87,,,,,,,,,,,,""
14591210563,"May 25, 2025, 7:43:57 AM",Morning Trail Run,Run,"",8622,14.92,185.0,61,,,,activities/15569759898.fit.gz,,,8622.0,7946.0,14926.0,4.0,1.878,966.0,384.0,494.6,1345.2,49.1,3.9,,,86.0,73.0,185.0,134.0,,168.0,1244.0,,25.0,61.0,,,,,,,,,166.0,8623.0,,,0.0,,1.0,20493.1,,,,,,,,,,,,,,,,,,,,,,,,,,0.0,1.731,6352.0,,,,19112.0,,,264.0,105.0,2.579,,,,,,,,,,,,""
14578428441,"May 24, 2025, 8:02:23 AM",Lunch Trail Run,Run,"",8369,18.03,177.0,157,,,,activities/15556002877.fit.gz,,,8369.0,8149.0,18034.0,3.2,2.213,791.0,205.0,493.2,1162.6,33.3,3.2,,,98.0,83.0,177.0,151.0,,186.0,1556.0,,29.0,157.0,,,,,,,,,186.0,8370.0,,,0.0,,1.0,21617.1,,,,,,,,,,,,,,,,,,,,,,,,,,0.0,2.155,12860.0,,,,22460.0,,,322.0,118.0,2.653,,,,,,,,,,,,""
14571689657,"May 23, 2025, 3:39:17 PM",Evening Trail Run,Run,"",3134,3.38,138.0,5,,,,activities/15548715717.fit.gz,,,3134.0,1795.0,3386.0,4.2,1.886,64.0,61.0,204.0,227.0,40.0,0.1,,,87.0,73.0,138.0,115.0,,151.0,365.0,,28.0,5.0,,,,,,,,,131.0,3135.0,,,0.0,,1.0,3756.5,,,,,,,,,,,,,,,,,,,,,,,,,,0.0,1.08,2921.0,,,,4746.0,,,59.0,83.0,2.093,,,,,,,,,,,,""
14561505838,"May 22, 2025, 1:59:09 PM",Afternoon Trail Run,Run,"",4875,11.75,186.0,47,,,,activities/15537769955.fit.gz,,,4875.0,4726.0,11757.0,6.0,2.488,332.0,322.0,211.0,450.0,35.6,0.1,,,95.0,82.0,186.0,140.0,,195.0,812.0,,30.0,47.0,,,,,,,,,203.0,4876.0,,,0.0,,1.0,12826.1,,,,,,,,,,,,,,,,,,,,,,,,,,0.0,2.412,10924.0,,,,12548.0,,,222.0,128.0,2.714,,,,,,,,,,,,""
14516676247,"May 18, 2025, 5:29:45 AM",Morning Trail Run,Run,"",14527,22.86,194.0,134,,,,activities/15488986989.fit.gz,,,14527.0,11568.0,22867.0,5.0,1.977,1452.0,1447.0,219.8,1455.4,49.1,0.0,,,130.0,73.0,194.0,142.0,,175.0,1994.0,,23.0,134.0,,,,,,,,,167.0,14528.0,,,0.0,,1.0,32230.9,,,,,,,,,,,,,,,,,,,,,,,,,,0.0,1.574,6026.0,,,,27268.0,,,452.0,106.0,2.786,,,,,,,,,,,,""
14510127592,"May 17, 2025, 9:59:40 AM",Lunch Trail Run,Run,"",5366,4.59,164.0,10,,,,activities/15481332150.fit.gz,,,5366.0,5160.0,4598.0,4.0,0.891,290.0,288.0,364.0,511.8,48.9,0.6,,,100.0,64.0,164.0,114.0,,123.0,522.0,,27.0,10.0,,,,,,,,,114.0,5267.0,,,0.0,,1.0,6537.0,,,,,,,,,,,,,,,,,,,,,,,,,,0.0,0.857,2096.0,,,,6908.0,,,76.0,72.0,1.267,,,,,,,,,,,,""
14489910205,"May 15, 2025, 3:40:27 PM",Evening Trail Run,Run,"",2123,2.98,139.0,4,,,,activities/15459471732.fit.gz,,,2123.0,1428.0,2988.0,3.2,2.092,14.0,14.0,200.2,210.6,22.9,0.1,,,87.0,78.0,139.0,110.0,,161.0,224.0,,24.0,4.0,,,,,,,,,148.0,2124.0,,,0.0,,1.0,3077.6,,,,,,,,,,,,,,,,,,,,,,,,,,0.0,1.407,2554.0,,,,3766.0,,,51.0,94.0,2.155,,,,,,,,,,,,""
14479078746,"May 14, 2025, 2:35:36 PM",Afternoon Trail Run,Run,"",3631,7.32,184.0,41,,,,activities/15447960975.fit.gz,,,3631.0,3509.0,7323.0,3.2,2.087,273.0,261.0,198.4,427.6,46.7,0.2,,,90.0,80.0,184.0,140.0,,163.0,635.0,,23.0,41.0,,,,,,,,,164.0,3632.0,,,0.0,,1.0,8607.0,,,,,,,,,,,,,,,,,,,,,,,,,,0.0,2.017,5030.0,,,,9398.0,,,108.0,104.0,2.453,,,,,,,,,,,,""
14458548600,"May 12, 2025, 4:49:36 PM",Evening Trail Run,Run,"",3493,8.92,181.0,32,,,,activities/15426278552.fit.gz,,,3493.0,3356.0,8919.0,5.2,2.658,63.0,52.0,197.4,213.8,33.3,0.1,,,105.0,84.0,181.0,137.0,,204.0,589.0,,22.0,32.0,,,,,,,,,210.0,3494.0,,,0.0,,1.0,9187.1,,,,,,,,,,,,,,,,,,,,,,,,,,0.0,2.553,8383.0,,,,8714.0,,,171.0,133.0,2.738,,,,,,,,,,,,""
14443488265,"May 11, 2025, 7:12:59 AM",Morning Trail Run,Run,"",6307,11.19,184.0,58,,,,activities/15410304627.fit.gz,,,6307.0,5674.0,11193.0,4.0,1.973,708.0,699.0,482.8,1065.6,49.1,0.1,,,107.0,77.0,184.0,138.0,,169.0,979.0,,26.0,58.0,,,,,,,,,171.0,6308.0,,,0.0,,1.0,15785.1,,,,,,,,,,,,,,,,,,,,,,,,,,0.0,1.775,8037.0,,,,14580.0,,,204.0,108.0,2.782,,,,,,,,,,,,""
14432581830,"May 10, 2025, 6:12:37 AM",Morning Trail Run,Run,"",9151,13.63,175.0,78,,,,activities/15398757683.fit.gz,,,9151.0,8438.0,13638.0,3.4,1.616,967.0,958.0,494.6,1340.0,49.1,0.1,,,103.0,71.0,175.0,136.0,,142.0,1334.0,,26.0,78.0,,,,,,,,,148.0,9152.0,,,0.0,,1.0,20545.7,,,,,,,,,,,,,,,,,,,,,,,,,,0.0,1.49,12576.0,,,,19692.0,,,223.0,94.0,2.435,,,,,,,,,,,,""
14427696365,"May 9, 2025, 4:17:36 PM",Evening Trail Run,Run,"",3971,10.05,187.0,63,,,,activities/15393565725.fit.gz,,,3971.0,3885.0,10051.0,5.2,2.587,317.0,309.0,141.6,450.8,22.9,0.1,,,95.0,84.0,187.0,145.0,,206.0,737.0,,25.0,63.0,,,,,,,,,212.0,3972.0,,,0.0,,1.0,11105.9,,,,,,,,,,,,,,,,,,,,,,,,,,0.0,2.531,6089.0,,,,10400.0,,,198.0,134.0,2.859,,,,,,,,,,,,""
14417096115,"May 8, 2025, 2:56:00 PM",Afternoon Trail Run,Run,"",4313,8.86,170.0,20,,,,activities/15382387617.fit.gz,,,4313.0,4029.0,8860.0,3.8,2.199,303.0,278.0,173.2,431.4,37.5,0.2,,,102.0,81.0,170.0,127.0,,175.0,595.0,,28.0,20.0,,,,,,,,,175.0,4314.0,,,0.0,,1.0,10468.9,,,,,,,,,,,,,,,,,,,,,,,,,,0.0,2.054,5542.0,,,,10924.0,,,147.0,111.0,2.598,,,,,,,,,,,,""
14407874931,"May 7, 2025, 5:02:16 PM",Evening Trail Run,Run,"",1899,4.47,133.0,5,,,,activities/15372717456.fit.gz,,,1899.0,1896.0,4477.0,3.0,2.361,37.0,46.0,196.2,213.4,20.0,-0.3,,,85.0,82.0,133.0,111.0,,173.0,233.0,,25.0,5.0,,,,,,,,,174.0,1900.0,,,0.0,,1.0,4603.8,,,,,,,,,,,,,,,,,,,,,,,,,,0.0,2.358,3984.5,,,,5140.0,,,63.0,110.0,2.428,,,,,,,,,,,,""
14374113427,"May 4, 2025, 7:53:40 AM",Morning Trail Run,Run,"",9635,20.21,195.0,137,,,,activities/15337256750.fit.gz,,,9635.0,9634.0,20218.0,4.6,2.099,724.0,146.0,497.6,1080.2,49.1,2.9,,,124.0,80.0,195.0,149.0,,195.0,1661.0,,27.0,137.0,,,,,,,,,198.0,9636.0,,,0.0,,1.0,24356.2,,,,,,,,,,,,,,,,,,,,,,,,,,0.0,2.098,15234.0,,,,22566.0,,,419.0,125.0,2.528,,,,,,,,,,,,""
14363425997,"May 3, 2025, 9:13:08 AM",Lunch Trail Run,Run,"",7309,11.02,175.0,44,,,,activities/15325993868.fit.gz,,,7309.0,6949.0,11021.0,3.4,1.586,775.0,761.0,492.4,1160.2,49.1,0.1,,,154.0,71.0,175.0,131.0,,140.0,989.0,,26.0,44.0,,,,,,,,,148.0,7310.0,,,0.0,,1.0,16660.2,,,,,,,,,,,,,,,,,,,,,,,,,,0.0,1.508,11021.0,,,,16078.0,,,178.0,94.0,2.397,,,,,,,,,,,,""
14360665395,"May 2, 2025, 4:32:54 PM",Evening Trail Run,Run,"",1976,6.32,193.0,38,,,,activities/15323103826.fit.gz,,,1976.0,1871.0,6322.0,5.2,3.379,39.0,41.0,200.4,209.0,33.3,0.0,,,94.0,87.0,193.0,151.0,,252.0,404.0,,23.0,38.0,,,,,,,,,254.0,1977.0,,,0.0,,1.0,6464.0,,,,,,,,,,,,,,,,,,,,,,,,,,0.0,3.199,5934.0,,,,5538.0,,,142.0,161.0,3.455,,,,,,,,,,,,""
14241786807,"Apr 21, 2025, 11:08:00 AM",Afternoon Trail Run,Run,"",4380,12.13,186.0,111,,,,activities/15198733045.fit.gz,,,4380.0,4107.0,12129.0,5.6,2.953,485.0,483.0,209.4,448.0,49.8,0.0,,,98.0,84.0,186.0,158.0,,239.0,933.0,,29.0,111.0,,,,,,,,,241.0,4381.0,,,0.0,,1.0,14286.2,,,,,,,,,,,,,,,,,,,,,,,,,,0.0,2.769,9773.0,,,,11242.0,,,284.0,153.0,3.479,,,,,,,,,,,,""
14235115875,"Apr 20, 2025, 3:52:47 PM",Evening Trail Run,Run,"",3190,8.96,177.0,54,,,,activities/15191727800.fit.gz,,,3190.0,3161.0,8960.0,4.4,2.835,262.0,256.0,209.4,450.4,38.0,0.0,,,90.0,86.0,177.0,149.0,,218.0,616.0,,22.0,54.0,,,,,,,,,220.0,3191.0,,,0.0,,1.0,9796.5,,,,,,,,,,,,,,,,,,,,,,,,,,0.0,2.809,7589.0,,,,9366.0,,,171.0,139.0,3.099,,,,,,,,,,,,""
14224955278,"Apr 19, 2025, 3:42:39 PM",Evening Trail Run,Run,"",2594,4.55,155.0,8,,,,activities/15181046626.fit.gz,,,2594.0,1988.0,4555.0,3.4,2.291,24.0,9.0,202.8,214.2,25.7,0.2,,,92.0,80.0,155.0,120.0,,176.0,345.0,,24.0,8.0,,,,,,,,,156.0,2595.0,,,0.0,,1.0,4693.8,,,,,,,,,,,,,,,,,,,,,,,,,,0.0,1.756,3981.0,,,,5414.0,,,70.0,99.0,2.361,,,,,,,,,,,,""
14214122078,"Apr 18, 2025, 1:58:45 PM",Afternoon Trail Run,Run,"",4126,10.71,174.0,53,,,,activities/15169705692.fit.gz,,,4126.0,4081.0,10717.0,5.8,2.626,302.0,295.0,199.8,365.8,47.5,0.1,,,93.0,84.0,174.0,144.0,,206.0,724.0,,27.0,53.0,,,,,,,,,210.0,4127.0,,,0.0,,1.0,11892.5,,,,,,,,,,,,,,,,,,,,,,,,,,0.0,2.597,8609.5,,,,11508.0,,,202.0,133.0,2.914,,,,,,,,,,,,""
14204995513,"Apr 17, 2025, 3:07:10 PM",Evening Trail Run,Run,"",3584,8.93,178.0,63,,,,activities/15160172456.fit.gz,,,3584.0,3152.0,8932.0,4.6,2.834,313.0,297.0,205.6,445.2,42.5,0.2,,,100.0,86.0,178.0,153.0,,230.0,688.0,,26.0,63.0,,,,,,,,,227.0,3585.0,,,0.0,,1.0,10484.2,,,,,,,,,,,,,,,,,,,,,,,,,,0.0,2.492,7336.0,,,,9332.0,,,206.0,144.0,3.326,,,,,,,,,,,,""
14176352230,"Apr 14, 2025, 3:41:36 PM",Evening Trail Run,Run,"",4173,12.39,197.0,108,,,,activities/15130361064.fit.gz,,,4173.0,3959.0,12395.0,5.6,3.131,417.0,411.0,207.8,448.2,48.9,0.0,,,93.0,84.0,197.0,161.0,,250.0,890.0,,19.0,108.0,,,,,,,,,251.0,4174.0,,,0.0,,1.0,14278.6,,,,,,,,,,,,,,,,,,,,,,,,,,0.0,2.97,10554.0,,,,11110.0,,,292.0,159.0,3.607,,,,,,,,,,,,""
14176350509,"Apr 12, 2025, 10:11:03 AM",Afternoon Trail Run,Run,"",4102,8.77,174.0,24,,,,activities/15130359329.fit.gz,,,4102.0,4056.0,8775.0,2.8,2.163,245.0,233.0,211.0,373.4,42.9,0.1,,,87.0,81.0,174.0,128.0,,166.0,622.0,,26.0,24.0,,,,,,,,,167.0,4103.0,,,0.0,,1.0,9749.6,,,,,,,,,,,,,,,,,,,,,,,,,,0.0,2.139,8562.0,,,,10912.0,,,127.0,106.0,2.404,,,,,,,,,,,,""
14147159949,"Apr 11, 2025, 3:04:13 PM",Evening Trail Run,Run,"",3355,8.89,186.0,47,,,,activities/15099723908.fit.gz,,,3355.0,3263.0,8895.0,4.4,2.726,328.0,322.0,209.4,450.6,49.1,0.1,,,89.0,82.0,186.0,144.0,,218.0,585.0,,18.0,47.0,,,,,,,,,221.0,3356.0,,,0.0,,1.0,10565.2,,,,,,,,,,,,,,,,,,,,,,,,,,0.0,2.651,7595.0,,,,8884.0,,,182.0,140.0,3.238,,,,,,,,,,,,""
14147158392,"Apr 8, 2025, 3:44:08 PM",Evening Crossfit,Crossfit,"",3015,0,105.0,5,,,,activities/15099722322.fit.gz,,,3015.0,3015.0,0.0,0.0,0.0,0.0,0.0,213.2,213.2,0.0,0.0,,,,,105.0,84.0,,,254.0,,25.0,5.0,,,,,,,,,,,,,0.0,,1.0,,,,,,,,,,,,,,,,,,,,,,,,,,,0.0,0.0,0.0,,,,,,,,,,,,,,,,,,,,,""
14099511647,"Apr 6, 2025, 7:26:25 AM",Morning Trail Run,Run,"",6874,4.40,150.0,8,,,,activities/15050055374.fit.gz,,,6874.0,3203.0,4407.0,2.8,1.376,285.0,274.0,204.0,434.6,48.0,0.1,,,199.0,55.0,150.0,103.0,,107.0,583.0,,26.0,8.0,,,,,,,,,95.0,6875.0,,,0.0,,1.0,6223.1,,,,,,,,,,,,,,,,,,,,,,,,,,0.0,0.641,1691.0,,,,7932.0,,,68.0,60.0,1.943,,,,,,,,,,,,""
14089746367,"Apr 5, 2025, 4:42:10 PM",Evening Trail Run,Run,"",2173,7.33,187.0,44,,,,activities/15039794111.fit.gz,,,2173.0,2153.0,7337.0,5.8,3.408,260.0,260.0,201.8,444.2,49.1,0.0,,,95.0,87.0,187.0,155.0,,276.0,453.0,,17.0,44.0,,,,,,,,,274.0,2174.0,,,0.0,,1.0,8594.0,,,,,,,,,,,,,,,,,,,,,,,,,,0.0,3.376,5421.0,,,,6040.0,,,181.0,173.0,3.992,,,,,,,,,,,,""
14081104819,"Apr 4, 2025, 4:28:51 PM",Evening Trail Run,Run,"",2633,5.52,185.0,38,,,,activities/15030695730.fit.gz,,,2633.0,2556.0,5525.0,4.0,2.162,247.0,235.0,206.6,447.6,34.3,0.2,,,98.0,82.0,185.0,146.0,,176.0,487.0,,18.0,38.0,,,,,,,,,182.0,2634.0,,,0.0,,1.0,6811.6,,,,,,,,,,,,,,,,,,,,,,,,,,0.0,2.098,3734.0,,,,7018.0,,,96.0,115.0,2.665,,,,,,,,,,,,""
14081104584,"Apr 4, 2025, 2:45:28 PM",Afternoon Weight Training,Weight Training,"",2128,0,139.0,3,,,,activities/15030695447.fit.gz,,,2128.0,2128.0,0.0,0.0,0.0,0.0,0.0,214.6,214.6,0.0,0.0,,,,,139.0,87.0,,,194.0,,26.0,3.0,,,,,,,,,,,,,0.0,,1.0,,,,,,,,,,,,,,,,,,,,,,,,,,,0.0,0.0,0.0,,,,,,,,,,,,,,,,,,,,,""
14059333241,"Apr 2, 2025, 2:13:12 PM",Afternoon Trail Run,Run,"",3598,10.62,195.0,95,,,,activities/15007802051.fit.gz,,,3598.0,3424.0,10622.0,5.2,3.102,250.0,247.0,209.4,447.8,48.6,0.0,,,95.0,85.0,195.0,158.0,,245.0,732.0,,22.0,95.0,,,,,,,,,249.0,3599.0,,,0.0,,1.0,11932.2,,,,,,,,,,,,,,,,,,,,,,,,,,0.0,2.952,8205.0,,,,9356.0,,,248.0,158.0,3.485,,,,,,,,,,,,""
14059331430,"Apr 1, 2025, 3:29:36 PM",Evening Weight Training,Weight Training,"",2470,0,105.0,3,,,,activities/15007800260.fit.gz,,,2470.0,2470.0,0.0,0.0,0.0,0.0,0.0,224.8,224.8,0.0,0.0,,,,,105.0,81.0,,,195.0,,27.0,3.0,,,,,,,,,,,,,0.0,,1.0,,,,,,,,,,,,,,,,,,,,,,,,,,,0.0,0.0,0.0,,,,,,,,,,,,,,,,,,,,,""
14027621216,"Mar 30, 2025, 8:03:06 AM",Lunch Trail Run,Run,"",7490,9.74,167.0,23,,,,activities/14973905049.fit.gz,,,7490.0,6021.0,9746.0,10.4,1.619,1180.0,1170.0,489.6,1081.6,50.0,0.1,,,129.0,62.0,167.0,105.0,,165.0,848.0,,25.0,23.0,,,,,,,,,162.0,7491.0,,,0.0,,1.0,19413.0,,,,,,,,,,,,,,,,,,,,,,,,,,0.0,1.301,5753.0,,,,10062.0,,,219.0,103.0,3.224,,,,,,,,,,,,""
14012779969,"Mar 28, 2025, 4:01:25 PM",Evening Run,Run,"",3603,10.28,189.0,102,,,,activities/14957884782.fit.gz,,,3603.0,3321.0,10282.0,5.0,3.096,0.0,0.0,247.6,248.8,2.5,0.0,,,96.0,89.0,189.0,162.0,,,753.0,,19.0,102.0,,,,,,,,,,,,,0.0,,1.0,10281.2,,,,,,,,,,,,,,,,,,,,,,,,,,0.0,2.854,10255.0,,,,9944.0,,,,,3.096,,,,,,,,,,,,""
14003425676,"Mar 27, 2025, 3:32:29 PM",Afternoon Workout,Workout,"",3636,7.46,181.0,29,,,,activities/14947831060.fit.gz,,,3636.0,2354.0,7464.0,5.0,3.171,19.0,7.0,202.6,216.2,37.1,0.1,,,103.0,87.0,181.0,140.0,,,569.0,,22.0,29.0,,,,,,,,,,,,,0.0,,1.0,,,,,,,,,,,,,,,,,,,,,,,,,,,0.0,2.053,7038.0,,,,,,,,,,,6874.0,,,,,,,,,,""
13994012054,"Mar 26, 2025, 4:10:01 PM",Evening Crossfit,Crossfit,"",2871,0,130.0,5,,,,activities/14937736854.fit.gz,,,2871.0,2871.0,0.0,0.0,0.0,0.0,0.0,212.0,212.0,0.0,0.0,,,,,130.0,91.0,,,256.0,,28.0,5.0,,,,,,,,,,,,,0.0,,1.0,,,,,,,,,,,,,,,,,,,,,,,,,,,0.0,0.0,0.0,,,,,,,,,,,,,,,,,,,,,""
13981839939,"Mar 25, 2025, 10:35:34 AM",🏃🏼‍♀️🏃🏻‍♂️,Run,"",6525,16.57,201.0,105,,,,activities/14924732676.fit.gz,,,6525.0,6515.0,16579.0,5.4,2.545,600.0,599.0,495.6,1052.8,48.6,0.0,,,97.0,81.0,201.0,149.0,,212.0,1126.0,,22.0,105.0,,,,,,,,,214.0,6526.0,0.0,,0.0,,1.0,19345.8,,,,,,,,,,,,,,,,,,,,,,,,,,0.0,2.541,4447.0,,,,15952.0,,,331.0,135.0,2.969,,,,,,,,,,,,""
13964613815,"Mar 23, 2025, 11:52:58 AM",Afternoon Stand Up Paddling,Stand Up Paddling,"",6974,4.55,149.0,9,,,,activities/14906230196.fit.gz,,,6974.0,4477.0,4558.0,4.4,1.018,46.0,54.0,-2.8,46.8,48.9,0.0,,,95.0,49.0,149.0,92.0,,,450.0,,26.0,9.0,,,,,,,,,,,,,0.0,,1.0,,,,,,,,,,,,,,,,,,,,,,,,,,,0.0,0.654,0.0,,,,,,,,,,,,,,,,,,,,,""
13955910239,"Mar 22, 2025, 9:34:05 AM",Lunch Trail Run,Run,"",18003,26.77,190.0,165,,,,activities/14896852198.fit.gz,,,18003.0,16215.0,26776.0,3.8,1.651,2005.0,2004.0,503.0,1349.2,49.1,0.0,,,105.0,72.0,190.0,134.0,,140.0,2315.0,,21.0,165.0,,,,,,,,,146.0,18004.0,,,0.0,,1.0,41116.5,,,,,,,,,,,,,,,,,,,,,,,,,,0.0,1.487,25587.0,,,,39050.0,,,425.0,92.0,2.536,,,,,,,,,,,,""
13955910763,"Mar 21, 2025, 3:09:57 PM",Afternoon Trail Run,Run,"",3679,8.61,195.0,49,,,,activities/14896853491.fit.gz,,,3679.0,3549.0,8611.0,3.4,2.426,266.0,251.0,211.8,452.6,42.9,0.2,,,91.0,83.0,195.0,145.0,,180.0,628.0,,16.0,49.0,,,,,,,,,181.0,3680.0,,,0.0,,1.0,9655.0,,,,,,,,,,,,,,,,,,,,,,,,,,0.0,2.341,7992.0,,,,9736.0,,,134.0,115.0,2.72,,,,,,,,,,,,""
13938726850,"Mar 20, 2025, 3:44:43 PM",Afternoon Workout,Workout,"",4270,10.30,186.0,121,,,,activities/14878358914.fit.gz,,,4270.0,3833.0,10303.0,4.4,2.688,21.0,18.0,210.4,220.0,40.0,0.0,,,96.0,85.0,186.0,163.0,,,874.0,,14.0,121.0,,,,,,,,,,,,,0.0,,1.0,,,,,,,,,,,,,,,,,,,,,,,,,,,0.0,2.413,9705.0,,,,,,,,,,,11278.0,,,,,,,,,,""
13938724966,"Mar 19, 2025, 3:48:35 PM",Afternoon Trail Run,Run,"",2804,6.53,185.0,87,,,,activities/14878356989.fit.gz,,,2804.0,2777.0,6535.0,4.4,2.353,385.0,365.0,192.0,450.4,49.1,0.3,,,103.0,85.0,185.0,163.0,,194.0,614.0,,13.0,87.0,,,,,,,,,203.0,2805.0,,,0.0,,1.0,8976.0,,,,,,,,,,,,,,,,,,,,,,,,,,0.0,2.331,3053.0,,,,7920.0,,,128.0,128.0,3.232,,,,,,,,,,,,""
13918196486,"Mar 18, 2025, 4:35:53 PM",Evening Weight Training,Weight Training,"",2566,0,112.0,4,,,,activities/14856161890.fit.gz,,,2566.0,2566.0,0.0,0.0,0.0,0.0,0.0,250.2,250.2,0.0,0.0,,,,,112.0,83.0,,,210.0,,28.0,4.0,,,,,,,,,,,,,0.0,,1.0,,,,,,,,,,,,,,,,,,,,,,,,,,,0.0,0.0,0.0,,,,,,,,,,,,,,,,,,,,,""
13898367656,"Mar 16, 2025, 10:09:52 AM",Lunch Stand Up Paddling,Stand Up Paddling,"",7997,11.14,161.0,23,,,,activities/14834600959.fit.gz,,,7997.0,7553.0,11144.0,4.2,1.475,0.0,0.0,4.2,8.4,11.4,0.0,,,110.0,40.0,161.0,111.0,,,838.0,,29.0,23.0,,,,,,,,,,,,,0.0,,1.0,,,,,,,,,,,,,,,,,,,,,,,,,,,0.0,1.394,0.0,,,,,,,,,,,,,,,,,,,,,""
13889545261,"Mar 15, 2025, 9:53:11 AM",Lunch Trail Run,Run,"",10459,11.86,173.0,110,,,,activities/14824999422.fit.gz,,,10459.0,8297.0,11859.0,3.2,1.429,1553.0,1536.0,498.2,1065.4,49.8,0.1,,,113.0,69.0,173.0,141.0,,130.0,1659.0,,30.0,110.0,,,,,,,,,138.0,10460.0,,,0.0,,1.0,24323.9,,,,,,,,,,,,,,,,,,,,,,,,,,0.0,1.134,11024.0,,,,20638.0,,,220.0,87.0,2.932,,,,,,,,,,,,""
13881275532,"Mar 14, 2025, 3:02:32 PM",Afternoon Trail Run,Run,"",3513,10.66,184.0,75,,,,activities/14816021166.fit.gz,,,3513.0,3299.0,10667.0,4.8,3.233,0.0,0.0,247.2,250.6,20.0,0.0,,,93.0,88.0,184.0,155.0,,230.0,686.0,,22.0,75.0,,,,,,,,,236.0,3514.0,,,0.0,,1.0,10732.0,,,,,,,,,,,,,,,,,,,,,,,,,,0.0,3.036,10628.0,,,,9744.0,,,217.0,149.0,3.253,,,,,,,,,,,,""
13872225409,"Mar 13, 2025, 4:00:10 PM",Evening Crossfit,Crossfit,"",3016,0,118.0,5,,,,activities/14806992051.fit.gz,,,3016.0,3016.0,0.0,0.0,0.0,0.0,0.0,214.2,214.2,0.0,0.0,,,,,118.0,88.0,,,263.0,,28.0,5.0,,,,,,,,,,,,,0.0,,1.0,,,,,,,,,,,,,,,,,,,,,,,,,,,0.0,0.0,0.0,,,,,,,,,,,,,,,,,,,,,""
13863152422,"Mar 12, 2025, 3:32:58 PM",Afternoon Workout,Workout,"",3660,5.53,177.0,19,,,,activities/14797163718.fit.gz,,,3660.0,2429.0,5535.0,4.6,2.279,64.0,129.0,138.4,218.6,42.5,-1.2,,,116.0,84.0,177.0,135.0,,,478.0,,24.0,19.0,,,,,,,,,,,,,0.0,,1.0,,,,,,,,,,,,,,,,,,,,,,,,,,,0.0,1.512,4567.0,,,,,,,,,,,7048.0,,,,,,,,,,""
13853243680,"Mar 11, 2025, 3:16:36 PM",Afternoon Trail Run,Run,,3896,12.39,188.0,125,,,,activities/14786476711.fit.gz,,,3896.0,3828.0,12397.0,7.6,3.239,449.0,459.0,195.4,447.8,48.9,-0.1,,,122.0,87.0,188.0,164.0,,250.0,861.0,,20.0,125.0,,,,,,,,,254.0,3897.0,,,0.0,,1.0,14269.2,,,,,,,,,,,,,,,,,,,,,,,,,,0.0,3.182,9818.8,,,,10644.0,,,280.0,161.0,3.728,,,,,,,,,,,,""
13834239720,"Mar 9, 2025, 11:30:18 AM",Afternoon Stand Up Paddling,Stand Up Paddling,,8232,10.11,155.0,27,,,,activities/14765804778.fit.gz,,,8232.0,7202.0,10111.0,4.2,1.404,0.0,0.0,2.4,10.4,25.2,0.0,,,84.0,42.0,155.0,115.0,,,881.0,,25.0,27.0,,,,,,,,,,,,,0.0,,1.0,,,,,,,,,,,,,,,,,,,,,,,,,,,0.0,1.228,0.0,,,,,,,,,,,,,,,,,,,,,""
13824421596,"Mar 8, 2025, 10:51:03 AM",Lunch Trail Run,Run,,10152,16.01,188.0,96,,,,activities/14755137793.fit.gz,,,10152.0,9235.0,16009.0,4.0,1.734,1183.0,1168.0,495.8,1347.0,49.1,0.1,,,103.0,73.0,188.0,139.0,,146.0,1540.0,,22.0,96.0,,,,,,,,,151.0,10153.0,,,0.0,,1.0,24360.6,,,,,,,,,,,,,,,,,,,,,,,,,,0.0,1.577,14776.0,,,,22032.0,,,258.0,96.0,2.638,,,,,,,,,,,,""
13816827317,"Mar 7, 2025, 6:05:00 PM",Evening Trail Run,Run,,2995,8.50,185.0,61,,,,activities/14746877809.fit.gz,,,2995.0,2826.0,8503.0,4.8,3.009,0.0,0.0,112.8,115.0,10.0,0.0,,,92.0,87.0,185.0,153.0,,217.0,564.0,,19.0,61.0,,,,,,,,,220.0,2996.0,,,0.0,,1.0,8545.5,,,,,,,,,,,,,,,,,,,,,,,,,,0.0,2.839,0.0,,,,8182.0,,,161.0,139.0,3.024,,,,,,,,,,,,""
13816827459,"Mar 7, 2025, 5:13:06 PM",Evening Weight Training,Weight Training,,1775,0,113.0,3,,,,activities/14746878010.fit.gz,,,1775.0,1775.0,0.0,0.0,0.0,0.0,0.0,228.4,228.4,0.0,0.0,,,,,113.0,91.0,,,170.0,,27.0,3.0,,,,,,,,,,,,,0.0,,1.0,,,,,,,,,,,,,,,,,,,,,,,,,,,0.0,0.0,0.0,,,,,,,,,,,,,,,,,,,,,""
13806569189,"Mar 6, 2025, 3:33:26 PM",Afternoon Workout,Crossfit,"",3746,8.77,179.0,48,,,,activities/14735788817.fit.gz,,,3746.0,3301.0,8774.0,5.4,2.658,415.0,396.0,155.4,438.0,48.9,0.2,,,110.0,86.0,179.0,142.0,,,585.0,,20.0,48.0,,,,,,,,,,,0.0,,0.0,,1.0,,,,,,,,,,,,,,,,,,,,,,,,,,,0.0,2.342,6015.0,,,,,,,,,,,8822.0,,,,,,,,,,""
13806567149,"Mar 5, 2025, 5:09:38 PM",Evening Weight Training,Weight Training,,1805,0,125.0,3,,,,activities/14735786782.fit.gz,,,1805.0,1805.0,0.0,0.0,0.0,0.0,0.0,211.6,211.6,0.0,0.0,,,,,125.0,84.0,,,148.0,,26.0,3.0,,,,,,,,,,,,,0.0,,1.0,,,,,,,,,,,,,,,,,,,,,,,,,,,0.0,0.0,0.0,,,,,,,,,,,,,,,,,,,,,""
13779309570,"Mar 3, 2025, 4:36:20 PM",Evening Crossfit,Crossfit,,3167,5.54,181.0,14,,,,activities/14706315773.fit.gz,,,3167.0,2212.0,5542.0,6.0,2.505,0.0,0.0,110.2,110.2,0.0,0.0,,,,,181.0,129.0,,,432.0,,17.0,14.0,,,,,,,,,,,,,0.0,,1.0,,,,,,,,,,,,,,,,,,,,,,,,,,,0.0,1.75,0.0,,,,,,,,,,,,,,,,,,,,,""
13768291135,"Mar 2, 2025, 9:41:50 AM",Lunch Trail Run,Run,,7029,13.90,203.0,78,,,,activities/14694270173.fit.gz,,,7029.0,6705.0,13905.0,5.8,2.074,573.0,563.0,178.0,450.0,44.4,0.1,,,115.0,79.0,203.0,142.0,,163.0,1097.0,,21.0,78.0,,,,,,,,,164.0,7030.0,,,0.0,,1.0,17133.8,,,,,,,,,,,,,,,,,,,,,,,,,,0.0,1.978,7059.0,,,,17448.0,,,210.0,104.0,2.555,,,,,,,,,,,,""
13758487877,"Mar 1, 2025, 10:29:14 AM",Lunch Trail Run,Run,,7063,9.11,193.0,94,,,,activities/14683579492.fit.gz,,,7063.0,5637.0,9111.0,4.2,1.616,1152.0,1138.0,492.0,1066.0,49.2,0.1,,,119.0,72.0,193.0,145.0,,152.0,1157.0,,21.0,94.0,,,,,,,,,153.0,7064.0,,,0.0,,1.0,18441.3,,,,,,,,,,,,,,,,,,,,,,,,,,0.0,1.29,6929.0,,,,14066.0,,,184.0,97.0,3.271,,,,,,,,,,,,""
13733642483,"Feb 26, 2025, 3:32:50 PM",Afternoon Trail Run,Run,,3118,10.07,191.0,107,,,,activities/14656623657.fit.gz,,,3118.0,3062.0,10072.0,5.8,3.289,259.0,268.0,207.6,457.0,36.7,-0.1,,,102.0,89.0,191.0,164.0,,243.0,688.0,,17.0,107.0,,,,,,,,,246.0,3119.0,,,0.0,,1.0,10922.2,,,,,,,,,,,,,,,,,,,,,,,,,,0.0,3.23,8935.0,,,,9126.0,,,210.0,156.0,3.567,,,,,,,,,,,,""
13688991746,"Feb 21, 2025, 4:04:30 PM",Evening Crossfit,Crossfit,,1864,0,120.0,4,,,,activities/14608026231.fit.gz,,,1864.0,1864.0,0.0,0.0,0.0,0.0,0.0,216.0,216.0,0.0,0.0,,,,,120.0,96.0,,,187.0,,23.0,4.0,,,,,,,,,,,,,0.0,,1.0,,,,,,,,,,,,,,,,,,,,,,,,,,,0.0,0.0,0.0,,,,,,,,,,,,,,,,,,,,,""
13688991567,"Feb 21, 2025, 3:02:07 PM",Afternoon Trail Run,Run,,3190,6.81,162.0,16,,,,activities/14608026024.fit.gz,,,3190.0,3030.0,6818.0,4.0,2.25,256.0,249.0,204.6,371.0,45.7,0.1,,,98.0,81.0,162.0,130.0,,172.0,473.0,,14.0,16.0,,,,,,,,,173.0,3191.0,,,0.0,,1.0,8250.5,,,,,,,,,,,,,,,,,,,,,,,,,,0.0,2.137,5028.0,,,,8332.0,,,105.0,109.0,2.723,,,,,,,,,,,,""
13661500696,"Feb 18, 2025, 4:05:35 PM",Evening Crossfit,Crossfit,,1822,0,110.0,3,,,,activities/14578002579.fit.gz,,,1822.0,1822.0,0.0,0.0,0.0,0.0,0.0,199.0,199.0,0.0,0.0,,,,,110.0,93.0,,,173.0,,23.0,3.0,,,,,,,,,,,,,0.0,,1.0,,,,,,,,,,,,,,,,,,,,,,,,,,,0.0,0.0,0.0,,,,,,,,,,,,,,,,,,,,,""
13661500507,"Feb 18, 2025, 3:30:03 PM",Afternoon Trail Run,Run,,1800,3.75,198.0,37,,,,activities/14578002325.fit.gz,,,1800.0,1747.0,3751.0,4.0,2.147,268.0,258.0,196.2,450.2,49.1,0.2,,,111.0,81.0,198.0,155.0,,185.0,380.0,,15.0,37.0,,,,,,,,,187.0,1800.0,,,0.0,,1.0,5532.2,,,,,,,,,,,,,,,,,,,,,,,,,,0.0,2.084,1554.0,,,,4756.0,,,69.0,118.0,3.167,,,,,,,,,,,,""
13661500019,"Feb 17, 2025, 3:37:34 PM",Afternoon Trail Run,Run,,2801,7.84,195.0,53,,,,activities/14578001837.fit.gz,,,2801.0,2374.0,7839.0,5.4,3.302,40.0,39.0,211.0,224.8,24.4,0.0,,,97.0,88.0,195.0,149.0,,231.0,513.0,,17.0,53.0,,,,,,,,,239.0,2802.0,,,0.0,,1.0,8025.1,,,,,,,,,,,,,,,,,,,,,,,,,,0.0,2.799,7487.0,,,,7082.0,,,177.0,151.0,3.38,,,,,,,,,,,,""
13644555235,"Feb 16, 2025, 11:19:50 AM",Afternoon Trail Run,Run,,8297,16.67,182.0,77,,,,activities/14559384464.fit.gz,,,8297.0,7984.0,16677.0,5.0,2.089,542.0,546.0,4.8,169.2,49.1,0.0,,,118.0,82.0,182.0,141.0,,184.0,1235.0,,23.0,77.0,,,,,,,,,177.0,8140.0,,,0.0,,1.0,19429.0,,,,,,,,,,,,,,,,,,,,,,,,,,0.0,2.01,8102.0,,,,19450.0,,,283.0,112.0,2.433,,,,,,,,,,,,""
13640066135,"Feb 16, 2025, 8:26:09 AM",Morning Weight Training,Weight Training,,1667,0,106.0,3,,,,activities/14554502267.fit.gz,,,1667.0,1667.0,0.0,0.0,0.0,0.0,0.0,212.6,212.6,0.0,0.0,,,,,106.0,90.0,,,158.0,,22.0,3.0,,,,,,,,,,,,,0.0,,1.0,,,,,,,,,,,,,,,,,,,,,,,,,,,0.0,0.0,0.0,,,,,,,,,,,,,,,,,,,,,""
13633097468,"Feb 15, 2025, 10:26:37 AM",Lunch Trail Run,Run,,7060,16.47,188.0,140,,,,activities/14546822744.fit.gz,,,7060.0,6897.0,16471.0,4.0,2.388,636.0,628.0,492.6,1049.4,49.1,0.0,,,87.0,81.0,188.0,154.0,,189.0,1330.0,,19.0,140.0,,,,,,,,,186.0,7061.0,,,0.0,,1.0,19489.3,,,,,,,,,,,,,,,,,,,,,,,,,,0.0,2.333,13821.0,,,,18550.0,,,272.0,118.0,2.826,,,,,,,,,,,,""
13626581298,"Feb 14, 2025, 3:11:56 PM",Afternoon Trail Run,Run,,3656,6.85,194.0,54,,,,activities/14539666854.fit.gz,,,3656.0,3289.0,6853.0,4.0,2.084,337.0,343.0,174.8,405.0,48.9,-0.1,,,114.0,80.0,194.0,150.0,,168.0,651.0,,19.0,54.0,,,,,,,,,168.0,3657.0,,,0.0,,1.0,8980.1,,,,,,,,,,,,,,,,,,,,,,,,,,0.0,1.874,4534.0,,,,8952.0,,,114.0,106.0,2.73,,,,,,,,,,,,""
13625216257,"Feb 13, 2025, 4:11:59 PM",Evening Weight Training,Weight Training,,2365,0,104.0,3,,,,activities/14538168384.fit.gz,,,2365.0,2365.0,0.0,0.0,0.0,0.0,0.0,202.8,202.8,0.0,0.0,,,,,104.0,78.0,,,174.0,,23.0,3.0,,,,,,,,,,,,,0.0,,1.0,,,,,,,,,,,,,,,,,,,,,,,,,,,0.0,0.0,0.0,,,,,,,,,,,,,,,,,,,,,""
13609789159,"Feb 12, 2025, 3:20:58 PM",Afternoon Trail Run,Run,,2739,5.97,187.0,45,,,,activities/14521322343.fit.gz,,,2739.0,2697.0,5970.0,5.0,2.214,467.0,457.0,194.2,447.8,48.9,0.1,,,112.0,83.0,187.0,150.0,,195.0,505.0,,14.0,45.0,,,,,,,,,203.0,2740.0,,,0.0,,1.0,9278.7,,,,,,,,,,,,,,,,,,,,,,,,,,0.0,2.18,2438.0,,,,7550.0,,,125.0,128.0,3.44,,,,,,,,,,,,""
13600264691,"Feb 11, 2025, 3:18:57 PM",Afternoon Trail Run,Run,,2966,8.11,186.0,45,,,,activities/14510972935.fit.gz,,,2966.0,2941.0,8110.0,4.4,2.758,272.0,261.0,202.0,448.6,36.7,0.1,,,108.0,88.0,186.0,149.0,,217.0,543.0,,10.0,45.0,,,,,,,,,216.0,2968.0,,,0.0,,1.0,9265.4,,,,,,,,,,,,,,,,,,,,,,,,,,0.0,2.734,7325.0,,,,8540.0,,,154.0,137.0,3.15,,,,,,,,,,,,""
13591141010,"Feb 9, 2025, 9:47:54 AM",Lunch Trail Run,Run,,4150,8.73,186.0,95,,,,activities/14501022901.fit.gz,,,4150.0,4111.0,8731.0,4.8,2.124,587.0,566.0,188.6,450.4,48.9,0.2,,,109.0,83.0,186.0,155.0,,183.0,827.0,,15.0,95.0,,,,,,,,,189.0,4151.0,,,0.0,,1.0,12530.3,,,,,,,,,,,,,,,,,,,,,,,,,,0.0,2.104,3983.0,,,,11260.0,,,165.0,120.0,3.048,,,,,,,,,,,,""
13591139686,"Feb 8, 2025, 4:58:55 PM",Evening Weight Training,Weight Training,,2741,0,127.0,4,,,,activities/14501021163.fit.gz,,,2741.0,2741.0,0.0,0.0,0.0,0.0,0.0,214.2,214.2,0.0,0.0,,,,,127.0,85.0,,,228.0,,24.0,4.0,,,,,,,,,,,,,0.0,,1.0,,,,,,,,,,,,,,,,,,,,,,,,,,,0.0,0.0,0.0,,,,,,,,,,,,,,,,,,,,,""
13571471430,"Feb 8, 2025, 10:29:42 AM",Lunch Trail Run,Run,,3694,7.38,197.0,80,,,,activities/14479354716.fit.gz,,,3694.0,3138.0,7388.0,4.2,2.354,265.0,245.0,199.2,375.4,36.4,0.3,,,99.0,84.0,197.0,159.0,,180.0,709.0,,13.0,80.0,,,,,,,,,177.0,3695.0,,,0.0,,1.0,8767.4,,,,,,,,,,,,,,,,,,,,,,,,,,0.0,2.0,6407.0,,,,9056.0,,,128.0,112.0,2.794,,,,,,,,,,,,""
13521648442,"Feb 2, 2025, 1:26:00 PM",Afternoon Trail Run,Run,,1453,1.20,118.0,1,,,,activities/14424788612.fit.gz,,,1453.0,878.0,1205.0,4.8,1.372,33.0,33.0,208.6,243.0,42.2,0.1,,,78.0,54.0,118.0,96.0,,91.0,149.0,,26.0,1.0,,,,,,,,,80.0,1451.0,,,0.0,,1.0,1375.4,,,,,,,,,,,,,,,,,,,,,,,,,,0.0,0.829,1182.0,,,,1584.0,,,10.0,51.0,1.567,,,,,,,,,,,,""
13521648464,"Feb 2, 2025, 8:56:20 AM",Morning Trail Run,Run,,14134,21.89,192.0,124,,,,activities/14424788219.fit.gz,,,14134.0,13963.0,21893.0,4.8,1.568,1316.0,1309.0,210.4,866.0,49.1,0.0,,,113.0,75.0,192.0,139.0,,153.0,1928.0,,20.0,124.0,,,,,,,,,149.0,14103.0,,,0.0,,1.0,30670.3,,,,,,,,,,,,,,,,,,,,,,,,,,0.0,1.549,3549.0,,,,29476.0,,,347.0,94.0,2.197,,,,,,,,,,,,""
13510218792,"Feb 1, 2025, 12:17:33 PM",Afternoon Trail Run,Run,,5113,9.25,184.0,101,,,,activities/14412261188.fit.gz,,,5113.0,5090.0,9256.0,4.8,1.818,807.0,791.0,485.4,1069.8,49.2,0.2,,,105.0,78.0,184.0,151.0,,174.0,963.0,,21.0,101.0,,,,,,,,,181.0,5114.0,,,0.0,,1.0,15058.8,,,,,,,,,,,,,,,,,,,,,,,,,,0.0,1.81,8913.0,,,,12464.0,,,187.0,115.0,2.959,,,,,,,,,,,,""
13503518337,"Jan 31, 2025, 4:38:30 PM",Evening Workout,Workout,,1692,0,138.0,4,,,,activities/14404983312.fit.gz,,,1692.0,1692.0,0.0,0.0,0.0,0.0,0.0,205.8,205.8,0.0,0.0,,,,,138.0,105.0,,,169.0,,28.0,4.0,,,,,,,,,,,,,0.0,,1.0,,,,,,,,,,,,,,,,,,,,,,,,,,,0.0,0.0,0.0,,,,,,,,,,,,,,,,,,,,,""
13503518336,"Jan 31, 2025, 4:05:03 PM",Evening Ride,Ride,,2006,0,137.0,5,,,CYCL⚙️PATH  ,activities/14404983199.fit.gz,,16.0,2006.0,2006.0,0.0,0.0,0.0,0.0,0.0,204.8,206.6,0.0,0.0,,,,,137.0,104.0,,,233.0,,27.0,5.0,,,,,,,,,,,,,0.0,,1.0,,,,,,,,,,,,,,,,11507033.0,,,,,,,,,,,0.0,0.0,0.0,,,,,,,,,,,,,,,,,,,,,""
13503518486,"Jan 30, 2025, 5:34:05 PM",Evening Workout,Workout,,2662,0,126.0,4,,,,activities/14404983361.fit.gz,,,2662.0,2662.0,0.0,0.0,0.0,0.0,0.0,206.4,206.4,0.0,0.0,,,,,126.0,87.0,,,231.0,,25.0,4.0,,,,,,,,,,,,,0.0,,1.0,,,,,,,,,,,,,,,,,,,,,,,,,,,0.0,0.0,0.0,,,,,,,,,,,,,,,,,,,,,""
13484909118,"Jan 29, 2025, 3:14:04 PM",Afternoon Trail Run,Run,,2850,8.20,191.0,58,,,,activities/14384730260.fit.gz,,,2850.0,2816.0,8204.0,5.2,2.913,260.0,252.0,206.4,449.8,40.0,0.0,,,95.0,87.0,191.0,154.0,,220.0,573.0,,17.0,58.0,,,,,,,,,223.0,2851.0,,,0.0,,1.0,9098.2,,,,,,,,,,,,,,,,,,,,,,,,,,0.0,2.879,6973.0,,,,8296.0,,,157.0,141.0,3.231,,,,,,,,,,,,""
13484908364,"Jan 28, 2025, 3:12:30 PM",Afternoon Trail Run,Run,,3321,7.25,184.0,56,,,,activities/14384729408.fit.gz,,,3321.0,3003.0,7249.0,4.0,2.414,328.0,320.0,203.4,434.4,48.9,0.1,,,105.0,83.0,184.0,152.0,,189.0,615.0,,17.0,56.0,,,,,,,,,190.0,3322.0,,,0.0,,1.0,8961.9,,,,,,,,,,,,,,,,,,,,,,,,,,0.0,2.183,5267.0,,,,8434.0,,,133.0,120.0,2.984,,,,,,,,,,,,""
13454701461,"Jan 26, 2025, 6:26:15 AM",Morning Crossfit,Crossfit,,4217,0,162.0,21,,,,activities/14351819491.fit.gz,,,4217.0,4217.0,0.0,0.0,0.0,0.0,0.0,206.8,206.8,0.0,0.0,,,,,162.0,129.0,,,595.0,,24.0,21.0,,,,,,,,,,,,,0.0,,1.0,,,,,,,,,,,,,,,,,,,,,,,,,,,0.0,0.0,0.0,,,,,,,,,,,,,,,,,,,,,""
13448213386,"Jan 25, 2025, 11:45:33 AM",Afternoon Trail Run,Run,,6097,10.93,176.0,85,,,,activities/14344724745.fit.gz,,,6097.0,5763.0,10933.0,4.0,1.897,776.0,768.0,489.8,1157.0,49.1,0.1,,,107.0,78.0,176.0,145.0,,164.0,1031.0,,21.0,85.0,,,,,,,,,172.0,6098.0,,,0.0,,1.0,16667.1,,,,,,,,,,,,,,,,,,,,,,,,,,0.0,1.793,10933.0,,,,15048.0,,,200.0,109.0,2.892,,,,,,,,,,,,""
13441463451,"Jan 24, 2025, 4:57:23 PM",Evening Weight Training,Weight Training,,3010,0,129.0,4,,,,activities/14337377640.fit.gz,,,3010.0,3010.0,0.0,0.0,0.0,0.0,0.0,225.8,225.8,0.0,0.0,,,,,129.0,74.0,,,206.0,,27.0,4.0,,,,,,,,,,,,,0.0,,1.0,,,,,,,,,,,,,,,,,,,,,,,,,,,0.0,0.0,0.0,,,,,,,,,,,,,,,,,,,,,""
13441463218,"Jan 23, 2025, 4:56:45 PM",Evening Workout,Workout,,3298,0,124.0,5,,,,activities/14337377467.fit.gz,,,3298.0,3298.0,0.0,0.0,0.0,0.0,0.0,220.4,220.4,0.0,0.0,,,,,124.0,80.0,,,231.0,,25.0,5.0,,,,,,,,,,,,,0.0,,1.0,,,,,,,,,,,,,,,,,,,,,,,,,,,0.0,0.0,0.0,,,,,,,,,,,,,,,,,,,,,""
13441463019,"Jan 22, 2025, 3:14:42 PM",Afternoon Trail Run,Run,,3703,8.68,183.0,55,,,,activities/14337377152.fit.gz,,,3703.0,3703.0,8683.0,3.2,2.345,260.0,252.0,209.8,448.8,48.9,0.0,,,89.0,82.0,183.0,146.0,,175.0,663.0,,17.0,55.0,,,,,,,,,178.0,3704.0,,,0.0,,1.0,9656.4,,,,,,,,,,,,,,,,,,,,,,,,,,0.0,2.345,7169.0,,,,10062.0,,,130.0,113.0,2.608,,,,,,,,,,,,""
13414858262,"Jan 21, 2025, 2:58:33 PM",Afternoon Trail Run,Run,,3447,10.21,192.0,42,,,,activities/14308647766.fit.gz,,,3447.0,3420.0,10216.0,5.8,2.987,38.0,31.0,204.0,221.0,28.6,0.1,,,104.0,88.0,192.0,144.0,,245.0,601.0,,18.0,42.0,,,,,,,,,250.0,3448.0,,,0.0,,1.0,10450.0,,,,,,,,,,,,,,,,,,,,,,,,,,0.0,2.964,9634.0,,,,8948.0,,,239.0,158.0,3.056,,,,,,,,,,,,""
13413897654,"Jan 20, 2025, 4:37:27 PM",Evening Weight Training,Weight Training,,1239,0,113.0,2,,,,activities/14307609834.fit.gz,,,1239.0,1239.0,0.0,0.0,0.0,0.0,0.0,208.0,208.0,0.0,0.0,,,,,113.0,84.0,,,55.0,,27.0,2.0,,,,,,,,,,,,,0.0,,1.0,,,,,,,,,,,,,,,,,,,,,,,,,,,0.0,0.0,0.0,,,,,,,,,,,,,,,,,,,,,""
13413897653,"Jan 20, 2025, 3:45:35 PM",Afternoon Ride,Ride,,3110,0,133.0,8,,,CYCL⚙️PATH  ,activities/14307609683.fit.gz,,16.0,3110.0,3110.0,0.0,0.0,0.0,4.0,4.0,207.2,211.8,0.0,0.0,,,,,133.0,105.0,,,349.0,,27.0,8.0,,,,,,,,,,,,,0.0,,1.0,,,,,,,,,,,,,,,,11507033.0,,,,,,,,,,,0.0,0.0,0.0,,,,,,,,,,,,,,,,,,,,,""
13413897312,"Jan 19, 2025, 6:14:06 PM",Evening Weight Training,Weight Training,,2008,0,114.0,3,,,,activities/14307609330.fit.gz,,,2008.0,2008.0,0.0,0.0,0.0,0.0,0.0,208.0,208.0,0.0,0.0,,,,,114.0,88.0,,,176.0,,26.0,3.0,,,,,,,,,,,,,0.0,,1.0,,,,,,,,,,,,,,,,,,,,,,,,,,,0.0,0.0,0.0,,,,,,,,,,,,,,,,,,,,,""
13389145823,"Jan 18, 2025, 1:33:52 PM",Afternoon Trail Run,Run,,6561,18.00,187.0,139,,,,activities/14280780358.fit.gz,,,6561.0,6539.0,18001.0,5.4,2.753,899.0,894.0,192.6,448.6,49.1,0.0,,,118.0,84.0,187.0,153.0,,230.0,1169.0,,18.0,139.0,,,,,,,,,230.0,6562.0,,,0.0,,1.0,23485.6,,,,,,,,,,,,,,,,,,,,,,,,,,0.0,2.744,9861.0,,,,17936.0,,,387.0,146.0,3.592,,,,,,,,,,,,""
13380353034,"Jan 17, 2025, 3:27:47 PM",Afternoon Trail Run,Run,,3750,11.04,193.0,109,,,,activities/14271269196.fit.gz,,,3750.0,3690.0,11044.0,5.8,2.993,272.0,270.0,150.4,214.8,40.0,0.0,,,99.0,89.0,193.0,161.0,,222.0,783.0,,14.0,109.0,,,,,,,,,226.0,3751.0,,,0.0,,1.0,11948.8,,,,,,,,,,,,,,,,,,,,,,,,,,0.0,2.945,5231.0,,,,11122.0,,,213.0,143.0,3.238,,,,,,,,,,,,""
13380352448,"Jan 16, 2025, 5:34:28 PM",Evening Weight Training,Weight Training,,1892,0,138.0,3,,,,activities/14271268588.fit.gz,,,1892.0,1892.0,0.0,0.0,0.0,0.0,0.0,205.6,205.6,0.0,0.0,,,,,138.0,88.0,,,165.0,,22.0,3.0,,,,,,,,,,,,,0.0,,1.0,,,,,,,,,,,,,,,,,,,,,,,,,,,0.0,0.0,0.0,,,,,,,,,,,,,,,,,,,,,""
13367837354,"Jan 15, 2025, 4:32:51 PM",Evening Trail Run,Run,,3482,11.42,199.0,132,,,,activities/14257782513.fit.gz,,,3482.0,3385.0,11427.0,5.6,3.376,114.0,110.0,197.0,215.0,24.4,0.0,,,101.0,90.0,199.0,169.0,,245.0,793.0,,12.0,132.0,,,,,,,,,253.0,3483.0,,,0.0,,1.0,11949.5,,,,,,,,,,,,,,,,,,,,,,,,,,0.0,3.282,10850.0,,,,10254.0,,,247.0,160.0,3.53,,,,,,,,,,,,""
13367837037,"Jan 14, 2025, 4:17:28 PM",Evening Ride,Ride,,3597,0,134.0,8,,,CYCL⚙️PATH  ,activities/14257782271.fit.gz,,16.0,3597.0,3597.0,0.0,0.0,0.0,0.0,0.0,211.6,220.2,0.0,0.0,,,,,134.0,98.0,,,348.0,,24.0,8.0,,,,,,,,,,,,,0.0,,1.0,,,,,,,,,,,,,,,,11507033.0,,,,,,,,,,,0.0,0.0,0.0,,,,,,,,,,,,,,,,,,,,,""
13367836910,"Jan 13, 2025, 4:58:39 PM",Evening Weight Training,Weight Training,,2337,0,103.0,3,,,,activities/14257782199.fit.gz,,,2337.0,2337.0,0.0,0.0,0.0,0.0,0.0,202.6,202.6,0.0,0.0,,,,,103.0,75.0,,,117.0,,25.0,3.0,,,,,,,,,,,,,0.0,,1.0,,,,,,,,,,,,,,,,,,,,,,,,,,,0.0,0.0,0.0,,,,,,,,,,,,,,,,,,,,,""
13367836901,"Jan 13, 2025, 4:23:03 PM",Evening Ride,Ride,,2134,0,102.0,4,,,CYCL⚙️PATH  ,activities/14257782105.fit.gz,,16.0,2134.0,2134.0,0.0,0.0,0.0,0.0,0.0,197.4,202.8,0.0,0.0,,,,,102.0,89.0,,,192.0,,24.0,4.0,,,,,,,,,,,,,0.0,,1.0,,,,,,,,,,,,,,,,11507033.0,,,,,,,,,,,0.0,0.0,0.0,,,,,,,,,,,,,,,,,,,,,""
13335667231,"Jan 12, 2025, 10:34:11 AM",Lunch Trail Run,Run,,7922,11.56,182.0,42,,,,activities/14223283675.fit.gz,,,7922.0,5916.0,11562.0,4.8,1.954,732.0,724.0,537.0,1039.0,50.0,0.1,,,101.0,73.0,182.0,130.0,,158.0,986.0,,22.0,42.0,,,,,,,,,150.0,7923.0,,,0.0,,1.0,15971.3,,,,,,,,,,,,,,,,,,,,,,,,,,0.0,1.459,2648.0,,,,14366.0,,,198.0,95.0,2.7,,,,,,,,,,,,""
13327666960,"Jan 11, 2025, 5:29:30 PM",Evening Trail Run,Run,,3577,11.64,187.0,112,,,,activities/14214660175.fit.gz,,,3577.0,3546.0,11640.0,5.2,3.283,204.0,196.0,88.2,219.0,24.0,0.0,,,95.0,88.0,187.0,163.0,,243.0,775.0,,19.0,112.0,,,,,,,,,247.0,3579.0,,,0.0,,1.0,12179.7,,,,,,,,,,,,,,,,,,,,,,,,,,0.0,3.254,4351.0,,,,10428.0,,,242.0,156.0,3.435,,,,,,,,,,,,""
13317154278,"Jan 10, 2025, 2:31:26 PM",Afternoon Trail Run,Run,,4712,12.94,177.0,95,,,,activities/14203400943.fit.gz,,,4712.0,4690.0,12939.0,4.8,2.759,447.0,432.0,204.6,435.2,48.9,0.1,,,104.0,85.0,177.0,153.0,,217.0,903.0,,19.0,95.0,,,,,,,,,223.0,4713.0,,,0.0,,1.0,15325.9,,,,,,,,,,,,,,,,,,,,,,,,,,0.0,2.746,10220.0,,,,13334.0,,,260.0,141.0,3.268,,,,,,,,,,,,""
13310879473,"Jan 9, 2025, 2:39:15 PM",Afternoon Trail Run,Run,,3519,10.23,206.0,111,,,,activities/14196644890.fit.gz,,,3519.0,3456.0,10237.0,4.4,2.962,180.0,169.0,169.4,236.4,46.0,0.1,,,93.0,87.0,206.0,164.0,,221.0,773.0,,19.0,111.0,,,,,,,,,220.0,3519.0,,,0.0,,1.0,11012.0,,,,,,,,,,,,,,,,,,,,,,,,,,0.0,2.909,6790.0,,,,10076.0,,,189.0,139.0,3.186,,,,,,,,,,,,""
13300759266,"Jan 8, 2025, 3:05:46 PM",Afternoon Trail Run,Run,,3692,11.60,201.0,80,,,,activities/14185844925.fit.gz,,,3692.0,3623.0,11606.0,6.2,3.203,27.0,23.0,206.2,215.8,40.0,0.0,,,104.0,87.0,201.0,154.0,,240.0,723.0,,19.0,80.0,,,,,,,,,248.0,3693.0,,,0.0,,1.0,11825.6,,,,,,,,,,,,,,,,,,,,,,,,,,0.0,3.144,11065.0,,,,10310.0,,,252.0,157.0,3.264,,,,,,,,,,,,""
13279553754,"Jan 6, 2025, 9:43:22 AM",Lunch Trail Run,Run,,2611,5.80,153.0,10,,,,activities/14163108087.fit.gz,,,2611.0,2512.0,5801.0,3.2,2.309,186.0,164.0,201.4,370.6,44.4,0.4,,,93.0,83.0,153.0,122.0,,173.0,357.0,,24.0,10.0,,,,,,,,,175.0,2612.0,,,0.0,,1.0,6630.6,,,,,,,,,,,,,,,,,,,,,,,,,,0.0,2.222,4899.0,,,,7162.0,,,89.0,111.0,2.64,,,,,,,,,,,,""
13273323917,"Jan 5, 2025, 1:03:39 PM",Afternoon Trail Run,Run,,5689,10.57,186.0,97,,,,activities/14156359907.fit.gz,,,5689.0,5258.0,10576.0,4.6,2.011,722.0,708.0,487.6,1107.2,49.1,0.1,,,102.0,77.0,186.0,149.0,,171.0,1014.0,,15.0,97.0,,,,,,,,,177.0,5690.0,,,0.0,,1.0,15715.3,,,,,,,,,,,,,,,,,,,,,,,,,,0.0,1.859,10392.0,,,,13730.0,,,198.0,112.0,2.989,,,,,,,,,,,,""
13264551278,"Jan 4, 2025, 1:35:32 PM",Afternoon Trail Run,Run,,4358,10.10,175.0,31,,,,activities/14146885210.fit.gz,,,4358.0,4356.0,10107.0,4.6,2.32,446.0,445.0,213.6,370.8,40.0,0.0,,,98.0,82.0,175.0,138.0,,191.0,694.0,,19.0,31.0,,,,,,,,,203.0,4359.0,,,0.0,,1.0,12249.9,,,,,,,,,,,,,,,,,,,,,,,,,,0.0,2.319,9419.0,,,,11680.0,,,199.0,128.0,2.812,,,,,,,,,,,,""
13255860887,"Jan 3, 2025, 2:01:47 PM",Afternoon Trail Run,Run,,4596,13.00,185.0,104,,,,activities/14137577125.fit.gz,,,4596.0,4579.0,13007.0,5.0,2.841,387.0,377.0,204.6,433.0,50.0,0.1,,,111.0,85.0,185.0,155.0,,219.0,896.0,,18.0,104.0,,,,,,,,,221.0,4597.0,,,0.0,,1.0,14732.5,,,,,,,,,,,,,,,,,,,,,,,,,,0.0,2.83,9505.0,,,,13124.0,,,250.0,140.0,3.217,,,,,,,,,,,,""
13255861436,"Jan 2, 2025, 4:36:20 PM",Evening Trail Run,Run,,3102,8.44,182.0,52,,,,activities/14137577783.fit.gz,,,3102.0,3079.0,8446.0,5.4,2.743,165.0,164.0,196.4,215.0,43.3,0.0,,,118.0,84.0,182.0,149.0,,208.0,559.0,,16.0,52.0,,,,,,,,,207.0,3103.0,,,0.0,,1.0,9067.4,,,,,,,,,,,,,,,,,,,,,,,,,,0.0,2.723,7963.5,,,,8754.0,,,147.0,131.0,2.945,,,,,,,,,,,,""
13239893343,"Jan 1, 2025, 4:01:24 PM",Evening Trail Run,Run,,2695,6.12,189.0,53,,,,activities/14120359873.fit.gz,,,2695.0,2662.0,6123.0,3.6,2.3,91.0,92.0,202.2,222.0,28.6,-0.1,,,87.0,82.0,189.0,153.0,,165.0,512.0,,15.0,53.0,,,,,,,,,166.0,2696.0,,,0.0,,1.0,6460.1,,,,,,,,,,,,,,,,,,,,,,,,,,0.0,2.272,5484.0,,,,7110.0,,,82.0,105.0,2.427,,,,,,,,,,,,""
13175552719,"Dec 23, 2024, 3:31:14 PM",Afternoon Trail Run,Run,,2987,9.46,175.0,51,,,,activities/14050887792.fit.gz,,,2987.0,2951.0,9460.0,5.2,3.206,176.0,173.0,201.4,217.6,20.0,0.0,,,95.0,88.0,175.0,149.0,,234.0,574.0,,19.0,51.0,,,,,,,,,237.0,2988.0,,,0.0,,1.0,9976.3,,,,,,,,,,,,,,,,,,,,,,,,,,0.0,3.167,8839.0,,,,8738.0,,,186.0,150.0,3.381,,,,,,,,,,,,""
13167373601,"Dec 22, 2024, 9:39:48 AM",Lunch Trail Run,Run,,5966,16.57,170.0,84,,,,activities/14042045944.fit.gz,,,5966.0,5938.0,16572.0,4.2,2.791,371.0,361.0,203.4,373.4,33.3,0.1,,,108.0,83.0,170.0,146.0,,206.0,1050.0,,23.0,84.0,,,,,,,,,207.0,5967.0,,,0.0,,1.0,17973.2,,,,,,,,,,,,,,,,,,,,,,,,,,0.0,2.778,14880.0,,,,16630.0,,,284.0,131.0,3.027,,,,,,,,,,,,""
13163342511,"Dec 21, 2024, 4:58:48 PM",Evening Trail Run,Run,,3410,10.30,183.0,67,,,,activities/14037706908.fit.gz,,,3410.0,3105.0,10305.0,5.2,3.319,223.0,227.0,149.8,251.0,20.0,-0.1,,,95.0,87.0,183.0,154.0,,250.0,648.0,,18.0,67.0,,,,,,,,,243.0,3411.0,,,0.0,,1.0,11026.9,,,,,,,,,,,,,,,,,,,,,,,,,,0.0,3.022,7786.0,,,,8996.0,,,224.0,154.0,3.551,,,,,,,,,,,,""
13155754491,"Dec 20, 2024, 2:57:48 PM",Afternoon Trail Run,Run,,3018,7.98,176.0,32,,,,activities/14029552604.fit.gz,,,3018.0,2956.0,7981.0,5.0,2.7,22.0,15.0,204.0,213.4,26.7,0.0,,,93.0,84.0,176.0,140.0,,198.0,508.0,,18.0,32.0,,,,,,,,,204.0,3019.0,,,0.0,,1.0,8125.6,,,,,,,,,,,,,,,,,,,,,,,,,,0.0,2.644,7569.0,,,,8224.0,,,139.0,129.0,2.749,,,,,,,,,,,,""
13149934401,"Dec 19, 2024, 2:55:36 PM",Afternoon Trail Run,Run,,4451,10.64,,,,,,activities/13149934401.fit,,,4451.0,4228.0,10639.0,3.8,2.516,307.0,307.0,156.0,441.0,47.6,0.0,,,,,,,,,1068.0,,21.0,,,,,,,,,,,,,,0.0,,1.0,12247.7,,,,,,,,,,,,,,,,,,,,,,,,,,0.0,2.39,8533.0,,,,,,,,,2.897,,,,,,,,,,,,""
13122235465,"Dec 15, 2024, 2:34:52 PM",Afternoon Trail Run,Run,,2757,7.79,183.0,35,,,,activities/13993587751.fit.gz,,,2757.0,2731.0,7796.0,6.0,2.855,28.0,30.0,202.4,211.2,26.7,0.0,,,99.0,86.0,183.0,141.0,,217.0,472.0,,20.0,35.0,,,,,,,,,230.0,2758.0,,,0.0,,1.0,7968.1,,,,,,,,,,,,,,,,,,,,,,,,,,0.0,2.828,7356.0,,,,7476.0,,,162.0,146.0,2.918,,,,,,,,,,,,""
13113875998,"Dec 14, 2024, 12:53:26 PM",Afternoon Trail Run,Run,,3832,8.16,184.0,42,,,,activities/13984642539.fit.gz,,,3832.0,3767.0,8164.0,3.2,2.167,268.0,263.0,206.4,452.2,37.1,0.1,,,92.0,81.0,184.0,143.0,,167.0,660.0,,19.0,42.0,,,,,,,,,167.0,3833.0,,,0.0,,1.0,9291.2,,,,,,,,,,,,,,,,,,,,,,,,,,0.0,2.13,6718.0,,,,9896.0,,,119.0,106.0,2.466,,,,,,,,,,,,""
13108412465,"Dec 13, 2024, 4:49:36 PM",Evening Trail Run,Run,,3252,10.00,189.0,65,,,,activities/13978760886.fit.gz,,,3252.0,3182.0,10007.0,5.4,3.145,169.0,172.0,197.0,216.0,30.0,-0.1,,,101.0,87.0,189.0,153.0,,230.0,653.0,,17.0,65.0,,,,,,,,,240.0,3253.0,,,0.0,,1.0,10546.4,,,,,,,,,,,,,,,,,,,,,,,,,,0.0,3.077,9426.0,,,,9380.0,,,208.0,152.0,3.314,,,,,,,,,,,,""
13100631253,"Dec 12, 2024, 2:58:15 PM",Afternoon Trail Run,Run,,2644,8.23,179.0,35,,,,activities/13970445815.fit.gz,,,2644.0,2590.0,8229.0,5.1,3.177,55.0,55.0,198.2,216.2,20.0,0.0,,,90.0,85.0,179.0,145.0,,228.0,479.0,,18.0,35.0,,,,,,,,,233.0,2645.0,,,0.0,,1.0,8438.6,,,,,,,,,,,,,,,,,,,,,,,,,,0.0,3.112,7669.0,,,,7532.0,,,159.0,147.0,3.258,,,,,,,,,,,,""
13060352703,"Dec 6, 2024, 4:41:54 PM",Evening Trail Run,Run,,2610,3.46,122.0,3,,,,activities/13927391615.fit.gz,,,2610.0,2520.0,3465.0,2.4,1.375,45.0,53.0,196.8,216.6,34.3,-0.2,,,78.0,53.0,122.0,76.0,,99.0,163.0,,22.0,3.0,,,,,,,,,99.0,2611.0,,,0.0,,1.0,3618.0,,,,,,,,,,,,,,,,,,,,,,,,,,0.0,1.328,2866.0,,,,4374.0,,,28.0,63.0,1.436,,,,,,,,,,,,""
13053873156,"Dec 5, 2024, 5:13:29 PM",Evening Trail Run,Run,🍻,2635,5.53,160.0,12,,,,activities/13920488233.fit.gz,,,2635.0,2516.0,5531.0,3.4,2.198,92.0,90.0,197.2,213.8,26.7,0.1,,,86.0,81.0,160.0,125.0,,159.0,380.0,,19.0,12.0,,,,,,,,,159.0,2636.0,0.0,,0.0,,1.0,5931.7,,,,,,,,,,,,,,,,,,,,,,,,,,0.0,2.099,5278.0,,,,6746.0,,,74.0,101.0,2.358,,,,,,,,,,,,media/1380235f-0009-4820-af2b-9860749676a7.jpg
13025354923,"Nov 29, 2024, 3:34:53 PM",Afternoon Trail Run,Run,,2249,4.92,167.0,10,,,,activities/13890037500.fit.gz,,,2249.0,2068.0,4925.0,3.8,2.382,71.0,89.0,204.8,238.0,22.9,-0.4,,,92.0,86.0,167.0,123.0,,171.0,312.0,,21.0,10.0,,,,,,,,,167.0,2250.0,,,0.0,,1.0,5145.4,,,,,,,,,,,,,,,,,,,,,,,,,,0.0,2.19,4208.5,,,,6122.0,,,70.0,106.0,2.488,,,,,,,,,,,,""
12996341335,"Nov 27, 2024, 4:56:25 PM",Evening Trail Run,Run,,2916,9.80,182.0,80,,,,activities/13858858444.fit.gz,,,2916.0,2882.0,9806.0,4.8,3.402,188.0,189.0,209.0,231.0,22.2,0.0,,,96.0,89.0,182.0,160.0,,250.0,621.0,,17.0,80.0,,,,,,,,,252.0,2917.0,,,0.0,,1.0,10361.4,,,,,,,,,,,,,,,,,,,,,,,,,,0.0,3.363,9198.0,,,,8610.0,,,205.0,159.0,3.595,,,,,,,,,,,,""
12971047015,"Nov 24, 2024, 7:05:29 AM",Morning Trail Run,Run,,11809,32.54,199.0,331,,,,activities/13831912814.fit.gz,,,11809.0,11650.0,32541.0,6.4,2.793,1674.0,1672.0,385.4,1160.8,48.9,0.0,,,123.0,85.0,199.0,160.0,,226.0,2301.0,,10.0,331.0,,,,,,,,,232.0,11810.0,,,0.0,,1.0,42589.5,,,,,,,,,,,,,,,,,,,,,,,,,,0.0,2.756,16957.5,,,,33490.0,,,708.0,147.0,3.656,,,,,,,,,,,,""
12966469144,"Nov 23, 2024, 4:10:00 PM",Evening Ride,Ride,,1492,0,111.0,2,,,CYCL⚙️PATH  ,activities/13827026346.fit.gz,,16.0,1492.0,1492.0,0.0,0.0,0.0,0.0,0.0,191.0,201.2,0.0,0.0,,,,,111.0,84.0,,,128.0,,26.0,2.0,,,,,,,,,,,,,0.0,,1.0,,,,,,,,,,,,,,,,11507033.0,,,,,,,,,,,0.0,0.0,0.0,,,,,,,,,,,,,,,,,,,,,""
12959548989,"Nov 22, 2024, 4:23:04 PM",Evening Trail Run,Run,,2285,5.91,160.0,9,,,,activities/13819712995.fit.gz,,,2285.0,2256.0,5916.0,4.0,2.622,93.0,88.0,188.8,208.2,20.0,0.1,,,89.0,86.0,160.0,121.0,,193.0,307.0,,23.0,9.0,,,,,,,,,192.0,2286.0,,,0.0,,1.0,6221.9,,,,,,,,,,,,,,,,,,,,,,,,,,0.0,2.589,5224.0,,,,6616.0,,,94.0,122.0,2.758,,,,,,,,,,,,""
12952548165,"Nov 21, 2024, 4:05:50 PM",Evening Ride,Ride,,2736,0,155.0,8,,,CYCL⚙️PATH  ,activities/13812314536.fit.gz,,16.0,2736.0,2736.0,0.0,0.0,0.0,7.0,20.0,204.4,218.8,0.0,0.0,,,,,155.0,105.0,,,315.0,,28.0,8.0,,,,,,,,,,,,,0.0,,1.0,,,,,,,,,,,,,,,,11507033.0,,,,,,,,,,,0.0,0.0,0.0,,,,,,,,,,,,,,,,,,,,,""
12945940045,"Nov 20, 2024, 5:17:33 PM",Evening Ride,Ride,,3586,0,152.0,13,,,CYCL⚙️PATH  ,activities/13805307835.fit.gz,,16.0,3586.0,3586.0,0.0,0.0,0.0,0.0,0.0,213.8,219.2,0.0,0.0,,,,,152.0,113.0,,,447.0,,27.0,13.0,,,,,,,,,,,,,0.0,,1.0,,,,,,,,,,,,,,,,11507033.0,,,,,,,,,,,0.0,0.0,0.0,,,,,,,,,,,,,,,,,,,,,""
12937065649,"Nov 19, 2024, 2:30:16 PM",Afternoon Trail Run,Run,,3560,9.89,189.0,35,,,,activities/13795805550.fit.gz,,,3560.0,3424.0,9892.0,6.2,2.889,209.0,200.0,177.8,348.6,31.4,0.1,,,102.0,86.0,189.0,141.0,,229.0,603.0,,19.0,35.0,,,,,,,,,236.0,3561.0,,,0.0,,1.0,10678.3,,,,,,,,,,,,,,,,,,,,,,,,,,0.0,2.779,7373.0,,,,9348.0,,,220.0,149.0,3.119,,,,,,,,,,,,""
12920748645,"Nov 17, 2024, 9:33:27 AM",Lunch Trail Run,Run,,6923,17.04,188.0,107,,,,activities/13778180567.fit.gz,,,6923.0,6552.0,17043.0,4.8,2.601,643.0,632.0,486.8,1047.0,49.1,0.1,,,92.0,81.0,188.0,151.0,,203.0,1207.0,,11.0,107.0,,,,,,,,,199.0,6924.0,,,0.0,,1.0,20150.7,,,,,,,,,,,,,,,,,,,,,,,,,,0.0,2.462,13815.0,,,,17370.0,,,305.0,126.0,3.076,,,,,,,,,,,,""
12913286689,"Nov 16, 2024, 10:50:58 AM",Lunch Trail Run,Run,"",6391,9.73,179.0,92,,,,activities/13770128653.fit.gz,,,6391.0,5839.0,9733.0,4.4,1.667,1212.0,1203.0,487.4,1059.8,49.2,0.1,,,112.0,72.0,179.0,144.0,,167.0,1075.0,,19.0,92.0,,,,,,,,,179.0,6392.0,0.0,,0.0,,1.0,19644.9,,,,,,,,,,,,,,,,,,,,,,,,,,0.0,1.523,9481.0,,,,14826.0,,,227.0,113.0,3.364,,,,,,,,,,,,""
12908208620,"Nov 15, 2024, 3:19:57 PM",Afternoon Trail Run,Run,,2417,6.26,182.0,50,,,,activities/13764661282.fit.gz,,,2417.0,2416.0,6259.0,3.4,2.591,33.0,25.0,203.8,215.6,18.0,0.1,,,87.0,84.0,182.0,152.0,,186.0,513.0,,19.0,50.0,,,,,,,,,186.0,2418.0,,,0.0,,1.0,6404.9,,,,,,,,,,,,,,,,,,,,,,,,,,0.0,2.59,5697.5,,,,7024.0,,,93.0,118.0,2.651,,,,,,,,,,,,""
12899826742,"Nov 14, 2024, 2:41:03 PM",Afternoon Trail Run,Run,,4435,15.59,192.0,153,,,,activities/13755658062.fit.gz,,,4435.0,4397.0,15596.0,5.6,3.547,377.5,353.0,178.0,450.3,31.1,0.1,,,99.0,91.0,192.0,165.0,,261.0,1041.0,,20.0,153.0,,,,,,,,,263.0,4436.0,,,0.0,,1.0,16528.0,,,,,,,,,,,,,,,,,,,,,,,,,,0.0,3.517,13640.0,,,,13520.0,,,340.0,166.0,3.779,,,,,,,,,,,,""
12893672551,"Nov 13, 2024, 5:20:10 PM",Evening Trail Run,Run,,3688,11.82,177.0,84,,,,activities/13749035275.fit.gz,,,3688.0,3644.0,11824.0,5.2,3.245,412.0,413.0,163.6,244.8,28.6,0.0,,,91.0,88.0,177.0,155.0,,244.0,762.0,,19.0,84.0,,,,,,,,,246.0,3689.0,,,0.0,,1.0,13044.4,,,,,,,,,,,,,,,,,,,,,,,,,,0.0,3.206,1700.0,,,,10914.0,,,248.0,156.0,3.58,,,,,,,,,,,,""
12884782507,"Nov 12, 2024, 3:58:40 PM",Afternoon Trail Run,Run,,4201,12.77,194.0,71,,,,activities/13739539567.fit.gz,,,4201.0,4091.0,12769.0,6.4,3.121,176.0,176.0,190.0,210.4,25.7,0.0,,,112.0,90.0,194.0,149.0,,242.0,771.0,,17.0,71.0,,,,,,,,,249.0,4203.0,,,0.0,,1.0,13336.7,,,,,,,,,,,,,,,,,,,,,,,,,,0.0,3.04,12270.0,,,,11716.0,,,290.0,158.0,3.26,,,,,,,,,,,,""
12876631605,"Nov 11, 2024, 3:36:00 PM",Afternoon Trail Run,Run,,3258,10.25,191.0,72,,,,activities/13730803178.fit.gz,,,3258.0,3168.0,10254.0,5.0,3.237,157.0,158.0,88.8,219.6,37.1,0.0,,,91.0,87.0,191.0,155.0,,242.0,639.0,,20.0,72.0,,,,,,,,,247.0,3259.0,,,0.0,,1.0,10683.4,,,,,,,,,,,,,,,,,,,,,,,,,,0.0,3.147,623.0,,,,9264.0,,,220.0,156.0,3.372,,,,,,,,,,,,""
12868004833,"Nov 10, 2024, 11:33:22 AM",Afternoon Trail Run,Run,,5459,9.19,182.0,48,,,,activities/13721471600.fit.gz,,,5459.0,5134.0,9195.0,3.8,1.791,772.0,765.0,245.4,996.4,48.9,0.1,,,104.0,76.0,182.0,137.0,,160.0,841.0,,21.0,48.0,,,,,,,,,170.0,5460.0,,,0.0,,1.0,14780.3,,,,,,,,,,,,,,,,,,,,,,,,,,0.0,1.684,7165.0,,,,12602.0,,,176.0,108.0,2.879,,,,,,,,,,,,""
12859094678,"Nov 9, 2024, 9:08:56 AM",Lunch Trail Run,Run,,10940,22.37,183.0,109,,,,activities/13711872686.fit.gz,,,10940.0,10420.0,22374.0,4.6,2.147,1344.0,1309.0,475.0,1287.6,49.1,0.2,,,110.0,79.0,183.0,138.0,,180.0,1596.0,,16.0,109.0,,,,,,,,,184.0,10941.0,,,0.0,,1.0,31944.7,,,,,,,,,,,,,,,,,,,,,,,,,,0.0,2.045,21494.0,,,,27534.0,,,410.0,116.0,3.066,,,,,,,,,,,,""
12853144488,"Nov 8, 2024, 2:15:29 PM",Afternoon Ride,Ride,,4496,0,133.0,14,,,CYCL⚙️PATH  ,activities/13705478378.fit.gz,,16.0,4496.0,4496.0,0.0,0.0,0.0,0.0,0.0,212.0,216.4,0.0,0.0,,,,,133.0,115.0,,,558.0,,28.0,14.0,,,,,,,,,,,,,0.0,,1.0,,,,,,,,,,,,,,,,11507033.0,,,,,,,,,,,0.0,0.0,0.0,,,,,,,,,,,,,,,,,,,,,""
12846681156,"Nov 7, 2024, 5:37:46 PM",Evening Trail Run,Run,"",4102,13.09,185.0,76,,,,activities/13698519703.fit.gz,,,4102.0,4053.0,13091.0,5.0,3.23,105.0,103.0,112.2,201.2,25.0,0.0,,,93.0,88.0,185.0,150.0,,241.0,761.0,,19.0,76.0,,,,,,,,,252.0,4103.0,0.0,,0.0,,1.0,13448.0,,,,,,,,,,,,,,,,,,,,,,,,,,0.0,3.191,0.0,,,,11688.0,,,289.0,159.0,3.318,,,,,,,,,,,,""
12837097966,"Nov 6, 2024, 1:01:39 PM",Afternoon Trail Run,Run,,4547,10.92,185.0,73,,,,activities/13688254159.fit.gz,,,4547.0,4474.0,10927.0,4.2,2.442,480.0,484.0,217.4,457.8,48.3,-0.1,,,98.0,84.0,185.0,150.0,,189.0,836.0,,18.0,73.0,,,,,,,,,192.0,4548.0,,,0.0,,1.0,13211.9,,,,,,,,,,,,,,,,,,,,,,,,,,0.0,2.403,7655.0,,,,12814.0,,,187.0,122.0,2.953,,,,,,,,,,,,""
12829423109,"Nov 5, 2024, 2:42:14 PM",Afternoon Trail Run,Run,"",3627,12.46,189.0,81,,,,activities/13680043838.fit.gz,,,3627.0,3626.0,12466.0,6.4,3.438,65.0,65.0,208.0,221.4,20.0,0.0,,,101.0,88.0,189.0,156.0,,261.0,720.0,,18.0,81.0,,,,,,,,,270.0,3627.0,0.0,,0.0,,1.0,12756.5,,,,,,,,,,,,,,,,,,,,,,,,,,0.0,3.437,11921.0,,,,10274.0,,,294.0,171.0,3.518,,,,,,,,,,,,""
12813045214,"Nov 3, 2024, 9:44:47 AM",Lunch Swim,Swim,,4081,"2,483",178.0,35,,,,activities/13662428511.fit.gz,,,4081.0,4049.0,2483.0,2.2,0.613,0.0,0.0,-3.0,12.6,50.0,-0.1,,,,,178.0,142.0,,,718.0,,22.0,35.0,,,,,,,,,,,,,0.0,,1.0,,,,,,,,,,,,,,,,,,,,,,,,,,,0.0,0.608,0.0,,,,,,,,,,,,,,,,,,,,,""
12803217753,"Nov 2, 2024, 9:10:08 AM",Lunch Trail Run,Run,,5788,20.03,187.0,209,,,,activities/13651860319.fit.gz,,,5788.0,5738.0,20038.0,5.2,3.492,531.0,519.0,497.0,1023.2,22.0,0.1,,,97.0,91.0,187.0,167.0,,257.0,1312.0,,25.0,209.0,,,,,,,,,257.0,5788.0,,,0.0,,1.0,21219.9,,,,,,,,,,,,,,,,,,,,,,,,,,0.0,3.462,177.0,,,,17602.0,,,426.0,163.0,3.698,,,,,,,,,,,,""
12797843433,"Nov 1, 2024, 2:29:41 PM",Afternoon Trail Run,Run,,4026,8.49,185.0,102,,,,activities/13646058362.fit.gz,,,4026.0,4014.0,8497.0,5.0,2.117,790.0,770.0,205.6,442.2,49.1,0.2,,,125.0,79.0,185.0,158.0,,203.0,829.0,,23.0,102.0,,,,,,,,,210.0,4027.0,,,0.0,,1.0,14183.3,,,,,,,,,,,,,,,,,,,,,,,,,,0.0,2.111,1815.0,,,,10328.0,,,197.0,133.0,3.533,,,,,,,,,,,,""
12790926620,"Oct 31, 2024, 4:03:47 PM",Evening Trail Run,Run,,3744,10.93,175.0,49,,,,activities/13638581751.fit.gz,,,3744.0,3683.0,10934.0,4.8,2.969,186.0,186.0,199.6,218.0,25.5,0.0,,,94.0,88.0,175.0,146.0,,217.0,668.0,,21.0,49.0,,,,,,,,,216.0,3746.0,,,0.0,,1.0,11583.0,,,,,,,,,,,,,,,,,,,,,,,,,,0.0,2.92,10385.0,,,,11022.0,,,194.0,137.0,3.145,,,,,,,,,,,,""
12782208080,"Oct 30, 2024, 1:44:12 PM",Afternoon Trail Run,Run,,3172,9.52,187.0,94,,,,activities/13629222737.fit.gz,,,3172.0,3117.0,9527.0,4.6,3.056,356.0,350.0,108.6,456.6,24.4,0.1,,,106.0,90.0,187.0,160.0,,235.0,693.0,,24.0,94.0,,,,,,,,,241.0,3173.0,,,0.0,,1.0,10985.5,,,,,,,,,,,,,,,,,,,,,,,,,,0.0,3.003,4148.0,,,,9372.0,,,205.0,153.0,3.524,,,,,,,,,,,,""
12774099891,"Oct 29, 2024, 2:37:49 PM",Afternoon Trail Run,Run,,3983,12.61,189.0,108,,,,activities/13620562160.fit.gz,,,3983.0,3850.0,12612.0,5.4,3.276,24.0,20.0,208.2,215.8,26.7,0.0,,,92.0,87.0,189.0,159.0,,242.0,850.0,,24.0,108.0,,,,,,,,,247.0,3984.0,,,0.0,,1.0,12858.9,,,,,,,,,,,,,,,,,,,,,,,,,,0.0,3.166,11844.0,,,,11132.0,,,269.0,156.0,3.34,,,,,,,,,,,,""
12764045204,"Oct 28, 2024, 9:04:27 AM",Lunch Trail Run,Run,,6694,11.03,183.0,140,,,,activities/13609735430.fit.gz,,,6694.0,6312.0,11032.0,4.0,1.748,775.0,766.0,493.2,1164.4,48.9,0.1,,,104.0,77.0,183.0,153.0,,152.0,1225.0,,25.0,140.0,,,,,,,,,164.0,6695.0,,,0.0,,1.0,16514.7,,,,,,,,,,,,,,,,,,,,,,,,,,0.0,1.648,11032.0,,,,16874.0,,,200.0,104.0,2.616,,,,,,,,,,,,""
12758877040,"Oct 27, 2024, 2:32:53 PM",Afternoon Trail Run,Run,,3385,7.43,174.0,54,,,,activities/13604105342.fit.gz,,,3385.0,3198.0,7435.0,3.4,2.325,259.0,248.0,214.6,450.2,48.6,0.1,,,90.0,82.0,174.0,147.0,,175.0,628.0,,21.0,54.0,,,,,,,,,176.0,3386.0,,,0.0,,1.0,8564.1,,,,,,,,,,,,,,,,,,,,,,,,,,0.0,2.196,6462.0,,,,8750.0,,,116.0,111.0,2.678,,,,,,,,,,,,""
12750498867,"Oct 26, 2024, 3:32:23 PM",Evening Trail Run,Run,,1777,4.26,141.0,4,,,,activities/13595030902.fit.gz,,,1777.0,1758.0,4268.0,6.6,2.428,19.0,8.0,81.8,97.2,28.9,0.2,,,88.0,84.0,141.0,108.0,,172.0,209.0,,23.0,4.0,,,,,,,,,172.0,1778.0,,,0.0,,1.0,4414.7,,,,,,,,,,,,,,,,,,,,,,,,,,0.0,2.402,3419.0,,,,4916.0,,,58.0,109.0,2.511,,,,,,,,,,,,""
12700890318,"Oct 20, 2024, 11:23:19 AM",Afternoon Swim,Swim,,4977,"3,011",163.0,26,,,,activities/13541642970.fit.gz,,,4977.0,4822.0,3011.0,8.4,0.624,0.0,0.0,-50.2,21.4,48.3,-0.2,,,,,163.0,133.0,,,716.0,,23.0,26.0,,,,,,,,,,,,,0.0,,1.0,,,,,,,,,,,,,,,,,,,,,,,,,,,0.0,0.605,0.0,,,,,,,,,,,,,,,,,,,,,""
12691171526,"Oct 19, 2024, 8:01:37 AM",Lunch Trail Run,Run,7 x  1.0km @ 14.8 km/h   4'02 min/km Avg. 156 (Max. 176) bpm / 2Min. 30s Avg. 138 bpm;,8214,17.26,191.0,79,,,,activities/13531160374.fit.gz,,,8214.0,7821.0,17260.0,5.2,2.207,895.0,885.0,271.4,990.0,48.9,0.1,,,107.0,79.0,191.0,141.0,,185.0,1268.0,,20.0,79.0,,,,,,,,,190.0,8215.0,,,0.0,,1.0,22444.1,,,,,,,,,,,,,,,,,,,,,,,,,,0.0,2.101,13640.0,,,,19080.0,,,329.0,120.0,2.87,,,,,,,,,,,,""
12686203558,"Oct 18, 2024, 3:20:27 PM",Evening Trail Run,Run,,3660,10.84,185.0,55,,,,activities/13525836450.fit.gz,,,3660.0,3619.0,10845.0,6.2,2.997,271.0,282.0,148.8,210.8,26.7,-0.1,,,100.0,86.0,185.0,148.0,,221.0,671.0,,19.0,55.0,,,,,,,,,223.0,3661.0,,,0.0,,1.0,11712.0,,,,,,,,,,,,,,,,,,,,,,,,,,0.0,2.963,7835.5,,,,10692.0,,,202.0,141.0,3.236,,,,,,,,,,,,""
12679774321,"Oct 17, 2024, 5:25:17 PM",Evening Trail Run,Run,,3344,10.90,192.0,78,,,,activities/13518940610.fit.gz,,,3344.0,3122.0,10903.0,5.0,3.492,5.0,5.0,110.4,118.0,35.6,0.0,,,94.0,88.0,192.0,155.0,,249.0,656.0,,21.0,78.0,,,,,,,,,260.0,3345.0,,,0.0,,1.0,11020.1,,,,,,,,,,,,,,,,,,,,,,,,,,0.0,3.26,0.0,,,,9292.0,,,252.0,165.0,3.53,,,,,,,,,,,,""
12670578275,"Oct 16, 2024, 1:51:04 PM",Afternoon Trail Run,Run,,7602,14.52,187.0,191,,,,activities/13509131860.fit.gz,,,7602.0,7463.0,14528.0,4.8,1.947,969.0,965.0,490.6,1337.4,49.1,0.0,,,106.0,79.0,187.0,156.0,,169.0,1484.0,,22.0,191.0,,,,,,,,,181.0,7603.0,,,0.0,,1.0,21354.1,,,,,,,,,,,,,,,,,,,,,,,,,,0.0,1.911,12609.2,,,,19512.0,,,278.0,115.0,2.861,,,,,,,,,,,,""
12662289374,"Oct 15, 2024, 3:01:56 PM",Evening Trail Run,Run,,4109,12.74,183.0,71,,,,activities/13500303418.fit.gz,,,4109.0,4049.0,12747.0,5.2,3.148,47.0,48.0,190.4,201.6,18.2,0.0,,,96.0,86.0,183.0,150.0,,226.0,760.0,,25.0,71.0,,,,,,,,,236.0,4110.0,,,0.0,,1.0,13012.4,,,,,,,,,,,,,,,,,,,,,,,,,,0.0,3.102,12323.0,,,,11732.0,,,254.0,149.0,3.214,,,,,,,,,,,,""
12645398386,"Oct 13, 2024, 9:34:37 AM",Lunch Trail Run,Run,,11772,23.38,173.0,103,,,,activities/13482096084.fit.gz,,,11772.0,10709.0,23384.0,4.6,2.184,1302.0,1284.0,413.8,1404.0,49.2,0.1,,,131.0,79.0,173.0,141.0,,178.0,1819.0,,27.0,103.0,,,,,,,,,177.0,11773.0,,,0.0,,1.0,31120.1,,,,,,,,,,,,,,,,,,,,,,,,,,0.0,1.986,3964.0,,,,28214.0,,,410.0,112.0,2.906,,,,,,,,,,,,""
12636635886,"Oct 12, 2024, 9:16:48 AM",Lunch Trail Run,Run,,9746,15.60,196.0,99,,,,activities/13472635282.fit.gz,,,9746.0,8508.0,15603.0,4.8,1.834,1203.0,1178.0,488.6,1075.0,49.8,0.2,,,109.0,75.0,196.0,138.0,,154.0,1499.0,,28.0,99.0,,,,,,,,,158.0,9747.0,,,0.0,,1.0,23923.6,,,,,,,,,,,,,,,,,,,,,,,,,,0.0,1.601,15575.0,,,,21542.0,,,270.0,100.0,2.812,,,,,,,,,,,,""
12622131418,"Oct 10, 2024, 2:14:04 PM",Afternoon Swim,Swim,,3578,"2,109",164.0,17,,,,activities/13457027727.fit.gz,,,3578.0,3474.0,2109.0,5.4,0.607,0.0,0.0,-35.4,53.0,47.5,1.6,,,,,164.0,130.0,,,526.0,,25.0,17.0,,,,,,,,,,,,,0.0,,1.0,,,,,,,,,,,,,,,,,,,,,,,,,,,0.0,0.589,0.0,,,,,,,,,,,,,,,,,,,,,""
12615799470,"Oct 9, 2024, 2:09:48 PM",Afternoon Trail Run,Run,,7019,12.73,184.0,93,,,,activities/13450240641.fit.gz,,,7019.0,6555.0,12730.0,4.8,1.942,830.0,822.0,496.6,1165.8,49.1,0.1,,,118.0,79.0,184.0,144.0,,166.0,1186.0,,24.0,93.0,,,,,,,,,169.0,7020.0,,,0.0,,1.0,18362.4,,,,,,,,,,,,,,,,,,,,,,,,,,0.0,1.814,12436.0,,,,17496.0,,,223.0,107.0,2.801,,,,,,,,,,,,""
12608071193,"Oct 8, 2024, 5:28:43 PM",Evening Trail Run,Run,,4162,10.19,159.0,15,,,,activities/13442020610.fit.gz,,,4162.0,4033.0,10189.0,5.2,2.526,125.0,124.0,196.4,219.0,25.7,-0.1,,,92.0,83.0,159.0,119.0,,185.0,534.0,,25.0,15.0,,,,,,,,,185.0,4163.0,,,0.0,,1.0,10620.5,,,,,,,,,,,,,,,,,,,,,,,,,,0.0,2.448,9914.0,,,,10942.0,,,158.0,117.0,2.633,,,,,,,,,,,,""
12589926725,"Oct 6, 2024, 7:26:23 AM",Morning Trail Run,Run,,18687,32.21,180.0,99,,,,activities/13422629536.fit.gz,,,18687.0,18619.0,32209.0,4.2,1.73,1589.0,1572.0,495.4,1216.6,49.1,0.0,,,101.0,75.0,180.0,131.0,,154.0,2412.0,,26.0,99.0,,,,,,,,,152.0,18688.0,,,0.0,,1.0,41445.3,,,,,,,,,,,,,,,,,,,,,,,,,,0.0,1.724,28466.0,,,,41518.0,,,479.0,96.0,2.226,,,,,,,,,,,,""
12581880203,"Oct 5, 2024, 2:38:38 PM",Afternoon Trail Run,Run,,4549,10.45,174.0,49,,,,activities/13414848468.fit.gz,,,4549.0,4336.0,10455.0,5.0,2.411,458.0,445.0,211.4,434.6,48.9,0.1,,,93.0,80.0,174.0,139.0,,193.0,745.0,,25.0,49.0,,,,,,,,,194.0,4550.0,,,0.0,,1.0,12718.3,,,,,,,,,,,,,,,,,,,,,,,,,,0.0,2.298,6562.0,,,,11360.0,,,190.0,123.0,2.933,,,,,,,,,,,,""
12575026023,"Oct 4, 2024, 4:06:48 PM",Evening Trail Run,Run,,2593,6.10,152.0,9,,,,activities/13407501044.fit.gz,,,2593.0,2568.0,6108.0,3.2,2.379,23.0,22.0,206.6,215.2,17.5,0.0,,,86.0,82.0,152.0,121.0,,170.0,352.0,,26.0,9.0,,,,,,,,,169.0,2595.0,,,0.0,,1.0,6243.9,,,,,,,,,,,,,,,,,,,,,,,,,,0.0,2.356,5719.0,,,,6864.0,,,82.0,107.0,2.431,,,,,,,,,,,,""
12565388787,"Oct 3, 2024, 2:34:32 PM",Afternoon Trail Run,Run,,3270,9.68,187.0,76,,,,activities/13397171476.fit.gz,,,3270.0,3182.0,9682.0,5.4,3.043,261.0,259.0,212.0,451.0,24.4,0.0,,,93.0,86.0,187.0,156.0,,229.0,664.0,,26.0,76.0,,,,,,,,,239.0,3271.0,,,0.0,,1.0,10550.3,,,,,,,,,,,,,,,,,,,,,,,,,,0.0,2.961,8518.0,,,,9170.0,,,207.0,151.0,3.316,,,,,,,,,,,,""
12557900849,"Oct 2, 2024, 1:18:21 PM",Afternoon Trail Run,Run,,10484,14.43,190.0,97,,,,activities/13389165102.fit.gz,,,10484.0,10330.0,14432.0,3.8,1.397,1259.0,1245.0,499.6,1166.0,49.1,0.1,,,117.0,72.0,190.0,137.0,,146.0,1419.0,,23.0,97.0,,,,,,,,,148.0,10486.0,,,0.0,,1.0,23822.9,,,,,,,,,,,,,,,,,,,,,,,,,,0.0,1.377,13299.0,,,,21416.0,,,256.0,94.0,2.306,,,,,,,,,,,,""
12549763218,"Oct 1, 2024, 3:51:59 PM",Evening Trail Run,Run,,4550,14.23,185.0,106,,,,activities/13380491884.fit.gz,,,4550.0,4523.0,14235.0,5.8,3.147,58.0,59.0,199.8,219.8,20.0,0.0,,,104.0,86.0,185.0,156.0,,243.0,891.0,,24.0,106.0,,,,,,,,,248.0,4551.0,,,0.0,,1.0,14582.4,,,,,,,,,,,,,,,,,,,,,,,,,,0.0,3.129,13630.0,,,,12262.0,,,311.0,157.0,3.224,,,,,,,,,,,,""
12549760906,"Sep 30, 2024, 3:33:13 PM",Evening Trail Run,Run,,2558,7.23,148.0,11,,,,activities/13380489542.fit.gz,,,2558.0,2511.0,7231.0,3.8,2.88,35.0,38.0,204.0,220.6,28.9,0.0,,,92.0,85.0,148.0,131.0,,206.0,391.0,,25.0,11.0,,,,,,,,,206.0,2559.0,,,0.0,,1.0,7407.4,,,,,,,,,,,,,,,,,,,,,,,,,,0.0,2.827,6722.0,,,,7498.0,,,120.0,130.0,2.95,,,,,,,,,,,,""
12533232208,"Sep 29, 2024, 10:15:04 AM",Afternoon Trail Run,Run,,12023,21.37,180.0,180,,,,activities/13362767846.fit.gz,,,12023.0,11146.0,21377.0,4.4,1.918,1308.0,1293.0,13.2,1065.6,49.1,0.1,,,116.0,76.0,180.0,148.0,,163.0,1951.0,,30.0,180.0,,,,,,,,,162.0,12024.0,,,0.0,,1.0,30374.4,,,,,,,,,,,,,,,,,,,,,,,,,,0.0,1.778,1921.0,,,,27360.0,,,352.0,103.0,2.725,,,,,,,,,,,,""
12525704999,"Sep 28, 2024, 1:03:51 PM",Afternoon Swim,Swim,,3972,"2,241",185.0,24,,,,activities/13354731758.fit.gz,,,3972.0,3495.0,2241.0,7.5,0.641,0.0,0.0,-41.0,22.8,50.0,-0.4,,,,,185.0,129.0,,,513.0,,27.0,24.0,,,,,,,,,,,,,0.0,,1.0,,,,,,,,,,,,,,,,,,,,,,,,,,,0.0,0.564,0.0,,,,,,,,,,,,,,,,,,,,,""
12509582963,"Sep 26, 2024, 2:13:11 PM",Afternoon Trail Run,Run,,6651,15.31,181.0,110,,,,activities/13337540442.fit.gz,,,6651.0,6354.0,15315.0,5.0,2.41,381.0,360.0,206.4,448.4,49.1,0.1,,,116.0,82.0,181.0,149.0,,190.0,1137.0,,29.0,110.0,,,,,,,,,195.0,6652.0,,,0.0,,1.0,17618.5,,,,,,,,,,,,,,,,,,,,,,,,,,0.0,2.303,11563.5,,,,16818.0,,,280.0,123.0,2.773,,,,,,,,,,,,""
12502272141,"Sep 25, 2024, 2:41:40 PM",Afternoon Trail Run,Run,,6419,10.88,166.0,53,,,,activities/13329752359.fit.gz,,,6419.0,6024.0,10887.0,3.8,1.807,756.0,751.0,502.2,1155.2,49.1,0.0,,,129.0,74.0,166.0,138.0,,153.0,967.0,,25.0,53.0,,,,,,,,,158.0,6420.0,,,0.0,,1.0,16207.0,,,,,,,,,,,,,,,,,,,,,,,,,,0.0,1.696,10887.0,,,,14568.0,,,178.0,100.0,2.69,,,,,,,,,,,,""
12492984782,"Sep 24, 2024, 2:39:18 PM",Afternoon Trail Run,Run,,4050,10.41,210.0,66,,,,activities/13319874669.fit.gz,,,4050.0,4031.0,10409.0,5.8,2.582,145.0,135.0,193.6,228.0,40.0,0.1,,,105.0,84.0,210.0,148.0,,219.0,680.0,,27.0,66.0,,,,,,,,,226.0,4051.0,,,0.0,,1.0,10959.1,,,,,,,,,,,,,,,,,,,,,,,,,,0.0,2.57,10046.0,,,,9982.0,,,230.0,143.0,2.719,,,,,,,,,,,,""
12474677533,"Sep 22, 2024, 8:20:40 AM",Lunch Trail Run,Run,,9277,13.34,187.0,54,,,,activities/13300310880.fit.gz,,,9277.0,6914.0,13345.0,4.6,1.93,686.0,676.0,1784.0,2454.2,48.9,0.1,,,108.0,75.0,187.0,133.0,,158.0,1102.0,,22.0,54.0,,,,,,,,,149.0,9278.0,,,0.0,,1.0,17418.2,,,,,,,,,,,,,,,,,,,,,,,,,,0.0,1.439,10670.0,,,,16988.0,,,228.0,94.0,2.519,,,,,,,,,,,,""
12467963362,"Sep 21, 2024, 11:24:39 AM",Afternoon Trail Run,Run,,13633,12.10,178.0,29,,,,activities/13293111816.fit.gz,,,13633.0,13624.0,12104.0,7.0,0.888,808.0,802.0,484.0,1142.8,49.8,0.0,,,118.0,68.0,178.0,120.0,,135.0,1248.0,,23.0,29.0,,,,,,,,,122.0,13625.0,,,0.0,,1.0,17172.5,,,,,,,,,,,,,,,,,,,,,,,,,,0.0,0.888,8016.0,,,,17574.0,,,225.0,77.0,1.26,,,,,,,,,,,,""
12465736264,"Sep 21, 2024, 7:22:15 AM",Morning Trail Run,Run,,9181,3.38,,,,,,activities/13290729843.fit.gz,,,9181.0,5637.0,3381.0,2.8,0.6,112.0,125.0,529.0,646.4,45.7,-0.4,,,84.0,55.0,,,,80.0,405.0,,30.0,,,,,,,,,,69.0,6125.0,,,0.0,,1.0,4034.0,,,,,,,,,,,,,,,,,,,,,,,,,,0.0,0.368,2033.3,,,,4510.0,,,32.0,44.0,0.716,,,,,,,,,,,,""
12459766628,"Sep 20, 2024, 2:49:28 PM",Afternoon Trail Run,Run,,4743,13.10,191.0,100,,,,activities/13284345656.fit.gz,,,4743.0,4627.0,13104.0,5.8,2.832,170.0,166.0,190.2,214.4,30.0,0.0,,,106.0,84.0,191.0,154.0,,224.0,877.0,,25.0,100.0,,,,,,,,,227.0,4744.0,,,0.0,,1.0,13687.2,,,,,,,,,,,,,,,,,,,,,,,,,,0.0,2.763,12679.0,,,,12280.0,,,272.0,144.0,2.958,,,,,,,,,,,,""
12451429854,"Sep 19, 2024, 3:09:23 PM",Evening Trail Run,Run,,2650,6.82,180.0,19,,,,activities/13275445847.fit.gz,,,2650.0,2598.0,6825.0,3.6,2.627,33.0,35.0,210.4,219.6,15.6,-0.1,,,86.0,84.0,180.0,135.0,,188.0,420.0,,24.0,19.0,,,,,,,,,187.0,2651.0,,,0.0,,1.0,6960.6,,,,,,,,,,,,,,,,,,,,,,,,,,0.0,2.575,6265.0,,,,7340.0,,,102.0,118.0,2.679,,,,,,,,,,,,""
12443714824,"Sep 18, 2024, 2:58:53 PM",Afternoon Trail Run,Run,,6639,16.66,179.0,80,,,,activities/13267206900.fit.gz,,,6639.0,6638.0,16667.0,4.8,2.511,595.0,582.0,169.2,444.0,49.1,0.1,,,100.0,82.0,179.0,142.0,,197.0,1109.0,,26.0,80.0,,,,,,,,,198.0,6641.0,,,0.0,,1.0,19497.5,,,,,,,,,,,,,,,,,,,,,,,,,,0.0,2.51,10872.5,,,,17758.0,,,288.0,125.0,2.937,,,,,,,,,,,,""
12434085298,"Sep 17, 2024, 3:44:16 PM",Evening Trail Run,Run,,2600,8.16,190.0,68,,,,activities/13256969537.fit.gz,,,2600.0,2546.0,8162.0,5.4,3.206,59.0,59.0,188.8,210.4,26.7,0.0,,,95.0,86.0,190.0,159.0,,241.0,540.0,,27.0,68.0,,,,,,,,,249.0,2601.0,,,0.0,,1.0,8443.3,,,,,,,,,,,,,,,,,,,,,,,,,,0.0,3.139,7555.5,,,,7140.0,,,179.0,158.0,3.316,,,,,,,,,,,,""
12416971102,"Sep 15, 2024, 12:42:01 PM",Afternoon Swim,Swim,,3962,"2,343",183.0,27,,,,activities/13238652309.fit.gz,,,3962.0,3667.0,2343.0,2.4,0.639,0.0,0.0,-4.0,25.8,48.9,0.2,,,,,183.0,135.0,,,581.0,,26.0,27.0,,,,,,,,,,,,,0.0,,1.0,,,,,,,,,,,,,,,,,,,,,,,,,,,0.0,0.591,0.0,,,,,,,,,,,,,,,,,,,,,""
12409499987,"Sep 14, 2024, 2:59:42 PM",Afternoon Trail Run,Run,,5284,10.38,157.0,20,,,,activities/13230628763.fit.gz,,,5284.0,4875.0,10388.0,3.8,2.131,339.0,332.0,206.2,447.8,47.5,0.1,,,99.0,80.0,157.0,125.0,,164.0,672.0,,28.0,20.0,,,,,,,,,163.0,5285.0,,,0.0,,1.0,12095.1,,,,,,,,,,,,,,,,,,,,,,,,,,0.0,1.966,8663.0,,,,12756.0,,,155.0,103.0,2.481,,,,,,,,,,,,""
12400714169,"Sep 13, 2024, 3:10:19 PM",Evening Trail Run,Run,,3361,7.93,156.0,20,,,,activities/13221187180.fit.gz,,,3361.0,3317.0,7930.0,3.4,2.391,249.0,242.0,225.4,457.8,40.0,0.1,,,93.0,83.0,156.0,128.0,,178.0,475.0,,29.0,20.0,,,,,,,,,182.0,3362.0,,,0.0,,1.0,8818.0,,,,,,,,,,,,,,,,,,,,,,,,,,0.0,2.359,7175.0,,,,9022.0,,,123.0,115.0,2.658,,,,,,,,,,,,""
12392885250,"Sep 12, 2024, 3:25:12 PM",Evening Trail Run,Run,,2944,7.67,203.0,59,,,,activities/13212779862.fit.gz,,,2944.0,2890.0,7675.0,6.6,2.656,221.0,224.0,195.2,249.4,24.4,0.0,,,102.0,84.0,203.0,153.0,,206.0,561.0,,28.0,59.0,,,,,,,,,218.0,2946.0,,,0.0,,1.0,8418.2,,,,,,,,,,,,,,,,,,,,,,,,,,0.0,2.607,6795.0,,,,7912.0,,,155.0,138.0,2.913,,,,,,,,,,,,""
12385496704,"Sep 11, 2024, 2:30:38 PM",Afternoon Trail Run,Run,,5819,7.23,198.0,60,,,,activities/13204864005.fit.gz,,,5819.0,4422.0,7233.0,3.6,1.636,586.0,593.0,512.6,1082.8,49.7,-0.1,,,109.0,71.0,198.0,143.0,,123.0,917.0,,26.0,60.0,,,,,,,,,126.0,5820.0,,,0.0,,1.0,11179.2,,,,,,,,,,,,,,,,,,,,,,,,,,0.0,1.243,6090.0,,,,11172.0,,,103.0,80.0,2.528,,,,,,,,,,,,""
12350578544,"Sep 7, 2024, 2:16:08 PM",Afternoon Swim,Swim,,4079,"2,252",166.0,13,,,,activities/13167555852.fit.gz,,,4079.0,3794.0,2252.0,3.2,0.594,0.0,0.0,-1.8,33.0,48.9,0.4,,,,,166.0,121.0,,,499.0,,28.0,13.0,,,,,,,,,,,,,0.0,,1.0,,,,,,,,,,,,,,,,,,,,,,,,,,,0.0,0.552,0.0,,,,,,,,,,,,,,,,,,,,,""
12342409232,"Sep 6, 2024, 4:03:59 PM",Evening Trail Run,Run,,2805,7.98,186.0,65,,,,activities/13158769824.fit.gz,,,2805.0,2575.0,7983.0,5.2,3.1,52.0,48.0,206.8,223.6,22.5,0.0,,,96.0,83.0,186.0,158.0,,228.0,539.0,,29.0,65.0,,,,,,,,,230.0,2806.0,,,0.0,,1.0,8189.5,,,,,,,,,,,,,,,,,,,,,,,,,,0.0,2.846,7764.0,,,,7074.0,,,165.0,146.0,3.18,,,,,,,,,,,,""
12326401229,"Sep 4, 2024, 3:45:56 PM",Evening Trail Run,Run,,4973,8.48,186.0,36,,,,activities/13141489364.fit.gz,,,4973.0,4476.0,8479.0,3.6,1.894,446.0,444.0,214.0,452.4,49.1,0.0,,,102.0,72.0,186.0,134.0,,151.0,700.0,,29.0,36.0,,,,,,,,,150.0,4974.0,,,0.0,,1.0,10996.7,,,,,,,,,,,,,,,,,,,,,,,,,,0.0,1.705,4185.0,,,,10396.0,,,124.0,95.0,2.457,,,,,,,,,,,,""
12316547587,"Sep 3, 2024, 4:14:03 PM",Evening Trail Run,Run,,2131,5.47,161.0,17,,,,activities/13130077194.fit.gz,,,2131.0,2046.0,5474.0,3.6,2.675,6.0,3.0,211.6,218.6,22.9,0.0,,,86.0,83.0,161.0,140.0,,193.0,351.0,,28.0,17.0,,,,,,,,,191.0,2132.0,,,0.0,,1.0,5583.7,,,,,,,,,,,,,,,,,,,,,,,,,,0.0,2.569,5151.0,,,,5620.0,,,86.0,121.0,2.729,,,,,,,,,,,,""
12308454002,"Sep 2, 2024, 3:55:05 PM",Evening Trail Run,Run,,5430,12.97,174.0,64,,,,activities/13121313312.fit.gz,,,5430.0,5018.0,12977.0,4.6,2.586,364.0,351.0,197.2,435.0,33.3,0.1,,,89.0,82.0,174.0,143.0,,192.0,861.0,,27.0,64.0,,,,,,,,,189.0,5431.0,,,0.0,,1.0,14100.8,,,,,,,,,,,,,,,,,,,,,,,,,,0.0,2.39,11511.0,,,,13822.0,,,216.0,120.0,2.81,,,,,,,,,,,,""
12299109847,"Sep 1, 2024, 12:55:57 PM",Afternoon Swim,Swim,,1248,873,156.0,2,,,,activities/13110926156.fit.gz,,,1248.0,1248.0,873.0,2.0,0.7,0.0,0.0,-1.0,0.3,2.2,-0.1,,,,,156.0,101.0,,,125.0,,28.0,2.0,,,,,,,,,,,,,0.0,,1.0,,,,,,,,,,,,,,,,,,,,,,,,,,,0.0,0.7,0.0,,,,,,,,,,,,,,,,,,,,,""
12299109921,"Sep 1, 2024, 11:17:14 AM",Afternoon Hike,Hike,,5921,2.73,141.0,5,,,,activities/13110926128.fit.gz,,,5921.0,2414.0,2730.0,5.2,1.131,107.0,104.0,10.2,57.2,49.7,0.1,,,100.0,52.0,141.0,98.0,,,341.0,,33.0,5.0,,,,,,,,,,,,,0.0,,1.0,,,,,,,,,,,,,,,,,,,,,,,,,,,0.0,0.461,2730.0,,,,,,,,,,,,,,,,,,,,,""
12299109843,"Sep 1, 2024, 10:28:03 AM",Afternoon Swim,Swim,,2951,"1,155",122.0,2,,,,activities/13110925437.fit.gz,,,2951.0,1880.0,1155.0,5.0,0.614,0.0,0.0,-0.8,0.4,7.3,0.1,,,,,122.0,105.0,,,284.0,,28.0,2.0,,,,,,,,,,,,,0.0,,1.0,,,,,,,,,,,,,,,,,,,,,,,,,,,0.0,0.391,0.0,,,,,,,,,,,,,,,,,,,,,""
12265904318,"Aug 28, 2024, 4:19:47 PM",Evening Trail Run,Run,,2564,7.19,186.0,70,,,,activities/13075387033.fit.gz,,,2564.0,2547.0,7196.0,5.0,2.825,24.0,31.0,208.6,220.6,25.7,0.0,,,90.0,85.0,186.0,160.0,,228.0,520.0,,29.0,70.0,,,,,,,,,229.0,2565.0,,,0.0,,1.0,7381.4,,,,,,,,,,,,,,,,,,,,,,,,,,0.0,2.807,6693.0,,,,6710.0,,,149.0,145.0,2.898,,,,,,,,,,,,""
12257208086,"Aug 27, 2024, 3:46:17 PM",Evening Trail Run,Run,,3337,7.89,166.0,31,,,,activities/13066350206.fit.gz,,,3337.0,3275.0,7897.0,3.8,2.411,242.0,241.0,221.6,374.8,37.5,0.0,,,119.0,84.0,166.0,142.0,,189.0,566.0,,28.0,31.0,,,,,,,,,187.0,3337.0,,,0.0,,1.0,8935.8,,,,,,,,,,,,,,,,,,,,,,,,,,0.0,2.366,6965.0,,,,9168.0,,,129.0,118.0,2.728,,,,,,,,,,,,""
12249181576,"Aug 26, 2024, 4:09:28 PM",Evening Trail Run,Run,,3299,7.74,188.0,58,,,,activities/13058003011.fit.gz,,,3299.0,2607.0,7748.0,6.0,2.972,33.0,33.0,211.2,219.2,20.0,0.0,,,98.0,85.0,188.0,155.0,,219.0,578.0,,29.0,58.0,,,,,,,,,218.0,3300.0,,,0.0,,1.0,7898.0,,,,,,,,,,,,,,,,,,,,,,,,,,0.0,2.349,7590.0,,,,7394.0,,,174.0,138.0,3.03,,,,,,,,,,,,""
12241673631,"Aug 25, 2024, 3:50:20 PM",Evening Trail Run,Run,,5292,12.17,168.0,42,,,,activities/13050171502.fit.gz,,,5292.0,4800.0,12173.0,4.0,2.536,325.0,320.0,206.8,452.0,48.9,0.0,,,92.0,83.0,168.0,139.0,,187.0,829.0,,29.0,42.0,,,,,,,,,183.0,5293.0,,,0.0,,1.0,13387.3,,,,,,,,,,,,,,,,,,,,,,,,,,0.0,2.3,9142.0,,,,13522.0,,,197.0,116.0,2.789,,,,,,,,,,,,""
12233054670,"Aug 24, 2024, 4:54:15 PM",Evening Trail Run,Run,,3894,6.71,156.0,12,,,,activities/13041168263.fit.gz,,,3894.0,3313.0,6713.0,3.8,2.026,57.0,68.0,5.2,31.6,40.0,-0.1,,,88.0,75.0,156.0,121.0,,154.0,477.0,,33.0,12.0,,,,,,,,,149.0,3895.0,,,0.0,,1.0,7040.8,,,,,,,,,,,,,,,,,,,,,,,,,,0.0,1.724,890.5,,,,7808.0,,,95.0,94.0,2.125,,,,,,,,,,,,""
12231135737,"Aug 24, 2024, 1:47:23 PM",Afternoon Swim,Swim,,5627,"1,861",164.0,18,,,,activities/13039172887.fit.gz,,,5627.0,3492.0,1861.0,3.4,0.533,0.0,0.0,-24.4,41.0,49.2,0.3,,,,,164.0,135.0,,,626.0,,28.0,18.0,,,,,,,,,,,,,0.0,,1.0,,,,,,,,,,,,,,,,,,,,,,,,,,,0.0,0.331,1861.0,,,,,,,,,,,,,,,,,,,,,""
12216718289,"Aug 22, 2024, 3:40:34 PM",Evening Trail Run,Run,,3241,6.33,164.0,27,,,,activities/13024159361.fit.gz,,,3241.0,2699.0,6332.0,4.2,2.346,231.0,222.0,219.4,433.4,49.1,0.1,,,87.0,79.0,164.0,139.0,,179.0,509.0,,31.0,27.0,,,,,,,,,173.0,3242.0,,,0.0,,1.0,7399.4,,,,,,,,,,,,,,,,,,,,,,,,,,0.0,1.954,4593.0,,,,7302.0,,,107.0,109.0,2.742,,,,,,,,,,,,""
12197340203,"Aug 20, 2024, 2:56:38 PM",Afternoon Trail Run,Run,,3865,9.39,179.0,115,,,,activities/13003810983.fit.gz,,,3865.0,3591.0,9391.0,4.2,2.615,253.0,237.0,8.2,148.2,48.0,0.2,,,93.0,84.0,179.0,164.0,,203.0,775.0,,31.0,115.0,,,,,,,,,201.0,3674.0,,,0.0,,1.0,10602.4,,,,,,,,,,,,,,,,,,,,,,,,,,0.0,2.43,6032.0,,,,,,,164.0,127.0,2.952,,,,,,,,,,,,""
12197340069,"Aug 20, 2024, 2:11:04 PM",Afternoon Swim,Swim,,2734,"1,438",157.0,10,,,,activities/13003810790.fit.gz,,,2734.0,2391.0,1438.0,11.4,0.601,0.0,0.0,12.6,13.8,1.3,-0.1,,,,,157.0,128.0,,,405.0,,28.0,10.0,,,,,,,,,,,,,0.0,,1.0,,,,,,,,,,,,,,,,,,,,,,,,,,,0.0,0.526,0.0,,,,,,,,,,,,,,,,,,,,,""
12188324251,"Aug 19, 2024, 3:06:08 PM",Evening Trail Run,Run,,4037,7.41,180.0,52,,,,activities/12993897270.fit.gz,,,4037.0,3227.0,7416.0,4.8,2.298,309.0,304.0,225.8,444.8,49.9,0.1,,,90.0,80.0,180.0,147.0,,174.0,721.0,,31.0,52.0,,,,,,,,,168.0,4038.0,,,0.0,,1.0,8872.3,,,,,,,,,,,,,,,,,,,,,,,,,,0.0,1.837,6167.0,,,,9090.0,,,126.0,106.0,2.749,,,,,,,,,,,,""
12182449443,"Aug 18, 2024, 2:18:13 PM",Afternoon Swim,Swim,,2911,"1,571",174.0,7,,,,activities/12987249675.fit.gz,,,2911.0,2366.0,1571.0,3.4,0.664,0.0,0.0,-3.8,27.6,32.5,-0.3,,,,,174.0,118.0,,,375.0,,27.0,7.0,,,,,,,,,,,,,0.0,,1.0,,,,,,,,,,,,,,,,,,,,,,,,,,,0.0,0.54,0.0,,,,,,,,,,,,,,,,,,,,,""
12172522756,"Aug 17, 2024, 3:47:29 PM",Evening Trail Run,Run,,3340,5.70,183.0,58,,,,activities/12976204965.fit.gz,,,3340.0,2461.0,5702.0,4.4,2.317,269.0,263.0,222.2,439.2,50.0,0.1,,,105.0,80.0,183.0,155.0,,179.0,634.0,,30.0,58.0,,,,,,,,,170.0,3341.0,,,0.0,,1.0,7179.8,,,,,,,,,,,,,,,,,,,,,,,,,,0.0,1.707,3607.0,,,,6918.0,,,107.0,108.0,2.917,,,,,,,,,,,,""
12163908383,"Aug 16, 2024, 3:14:25 PM",Evening Swim,Swim,,4089,"2,261",195.0,35,,,,activities/12966500302.fit.gz,,,4089.0,3661.0,2261.0,4.8,0.618,0.0,0.0,-4.2,39.2,46.7,-0.8,,,,,195.0,141.0,,,619.0,,27.0,35.0,,,,,,,,,,,,,0.0,,1.0,,,,,,,,,,,,,,,,,,,,,,,,,,,0.0,0.553,0.0,,,,,,,,,,,,,,,,,,,,,""
12155575740,"Aug 15, 2024, 3:25:58 PM",Evening Trail Run,Run,"",3026,6.07,188.0,86,,"",,activities/12956708989.fit.gz,,,3026.0,2715.0,6074.0,4.4,2.237,272.0,264.0,222.2,457.4,49.9,0.1,,,112.0,81.0,188.0,163.0,,173.0,681.0,,32.0,86.0,,,,,,,,,170.0,3027.0,,,0.0,,1.0,7496.1,,,,,,,,,,,,,,,,,,,,,,,,,,0.0,2.007,4088.0,,,,7528.0,,,97.0,108.0,2.761,,,,,,,,,,,,""
12147467415,"Aug 14, 2024, 2:07:10 PM",Afternoon Swim,Swim,,4872,"2,433",152.0,13,,,,activities/12947247113.fit.gz,,,4872.0,4872.0,2433.0,4.4,0.499,0.0,0.0,-3.4,44.8,49.2,-0.1,,,,,152.0,122.0,,,637.0,,27.0,13.0,,,,,,,,,,,,,0.0,,1.0,,,,,,,,,,,,,,,,,,,,,,,,,,,0.0,0.499,0.0,,,,,,,,,,,,,,,,,,,,,""
12121725114,"Aug 11, 2024, 3:45:28 PM",Evening Swim,Swim,,2097,"1,185",119.0,2,,,,activities/12920264091.fit.gz,,,2097.0,1834.0,1185.0,1.8,0.646,0.0,0.0,2.4,23.8,40.0,0.2,,,,,119.0,99.0,,,218.0,,26.0,2.0,,,,,,,,,,,,,0.0,,1.0,,,,,,,,,,,,,,,,,,,,,,,,,,,0.0,0.565,0.0,,,,,,,,,,,,,,,,,,,,,""
12071911500,"Aug 5, 2024, 5:33:00 PM",Evening Trail Run,Run,,3757,4.80,91.0,4,,,,activities/12868054231.fit.gz,,,3757.0,3282.0,4801.0,3.5,1.463,5.0,9.0,169.2,182.0,15.0,-0.1,,,78.0,55.0,91.0,77.0,,102.0,266.0,,27.0,4.0,,,,,,,,,99.0,3756.0,,,0.0,,1.0,4864.2,,,,,,,,,,,,,,,,,,,,,,,,,,0.0,1.278,0.0,,,,4312.0,,,41.0,63.0,1.482,,,,,,,,,,,,""
12071910950,"Aug 5, 2024, 1:45:42 PM",Afternoon Trail Run,Run,,11587,13.30,117.0,14,,,,activities/12868053847.fit.gz,,,11587.0,8698.0,13299.0,4.8,1.529,48.0,59.0,168.2,203.4,48.0,-0.1,,,89.0,57.0,117.0,83.0,,106.0,868.0,,27.0,14.0,,,,,,,,,98.0,11588.0,,,0.0,,1.0,13589.5,,,,,,,,,,,,,,,,,,,,,,,,,,0.0,1.148,783.0,,,,12244.0,,,123.0,62.0,1.562,,,,,,,,,,,,""
12063327555,"Aug 4, 2024, 1:58:42 PM",Afternoon Trail Run,Run,,4430,3.77,160.0,7,,,,activities/12859031090.fit.gz,,,4430.0,2693.0,3773.0,4.6,1.401,156.0,159.0,1321.6,1482.2,48.9,-0.2,,,99.0,58.0,160.0,106.0,,104.0,449.0,,26.0,7.0,,,,,,,,,97.0,4431.0,,,0.0,,1.0,4627.4,,,,,,,,,,,,,,,,,,,,,,,,,,0.0,0.852,3355.3,,,,5804.0,,,46.0,61.0,1.718,,,,,,,,,,,,""
12063327419,"Aug 4, 2024, 9:26:13 AM",Lunch Trail Run,Run,,11409,13.88,176.0,39,,,,activities/12859030745.fit.gz,,,11409.0,11278.0,13888.0,6.2,1.231,586.0,587.0,1075.8,1592.0,44.4,0.0,,,103.0,67.0,176.0,121.0,,152.0,1146.0,,23.0,39.0,,,,,,,,,142.0,11411.0,,,0.0,,1.0,17103.1,,,,,,,,,,,,,,,,,,,,,,,,,,0.0,1.217,12485.0,,,,15244.0,,,256.0,90.0,1.517,,,,,,,,,,,,""
12053796945,"Aug 3, 2024, 3:09:54 PM",Afternoon Trail Run,Hike,"",4909,5.08,125.0,7,,,,activities/12849068155.fit.gz,,,4909.0,3870.0,5083.0,21.94,1.313,152.0,155.0,600.4,691.0,50.0,0.0,,,126.0,55.0,125.0,93.0,,77.0,387.0,,25.0,7.0,,,,,,,,,95.0,4910.0,0.0,,0.0,,1.0,6002.0,,,,,,,,,,,,,,,,,,,,,,,,,,0.0,1.035,876.0,,,,5306.0,,,49.0,60.0,1.965,,,,,,,,,,,,""
12053786479,"Aug 3, 2024, 10:01:58 AM",Lunch Trail Run,Run,,9817,7.50,,,,,,activities/12053786479.fit,,,9817.0,3866.0,7500.9,12.798,1.94,864.0,854.0,960.2,1755.8,49.6,0.2,,,,,,,,,1013.0,,19.0,,,,,,,,,,,,,,0.0,,1.0,11608.2,,,,,,,,,,,,,,,,,,,,,,,,,,0.0,0.764,4325.8,,,,,,,,,3.003,,,,,,,,,,,,""
12053791061,"Aug 3, 2024, 8:04:24 AM",Morning Trail Run,Run,,3527,2.59,,,,,,activities/12053791061.fit,,,3527.0,1733.0,2597.7,3.655,1.499,149.0,140.0,484.8,608.8,49.2,0.3,,,,,,,,,307.0,,21.0,,,,,,,,,,,,,,0.0,,1.0,3514.1,,,,,,,,,,,,,,,,,,,,,,,,,,0.0,0.737,1709.1,,,,,,,,,2.028,,,,,,,,,,,,""
12046203086,"Aug 2, 2024, 1:47:02 PM",Afternoon Trail Run,Hike,"",15433,9.82,125.0,14,,,,activities/12841146590.fit.gz,,,15433.0,7885.0,9822.0,17.7,1.246,179.0,182.0,427.8,566.2,49.5,0.0,,,78.0,52.0,125.0,88.0,,78.0,954.0,,28.0,14.0,,,,,,,,,86.0,13960.0,0.0,,0.0,,1.0,11113.4,,,,,,,,,,,,,,,,,,,,,,,,,,0.0,0.636,4581.4,,,,8500.0,,,113.0,54.0,0.805,,,,,,,,,,,,""
12043181415,"Aug 2, 2024, 9:13:11 AM",Lunch Trail Run,Run,,10299,9.84,175.0,19,,,,activities/12838004128.fit.gz,,,10299.0,10298.0,9841.0,5.4,0.956,117.0,115.0,538.4,565.6,48.9,0.0,,,127.0,62.0,175.0,105.0,,121.0,838.0,,27.0,19.0,,,,,,,,,111.0,10299.0,,,0.0,,1.0,10526.5,,,,,,,,,,,,,,,,,,,,,,,,,,0.0,0.956,4309.5,,,,10990.0,,,140.0,70.0,1.022,,,,,,,,,,,,""
12038327716,"Aug 1, 2024, 11:58:39 AM",Afternoon Trail Run,Run,,15612,9.44,184.0,24,,,,activities/12832945901.fit.gz,,,15612.0,10462.0,9443.0,4.8,0.903,433.0,374.0,514.2,856.6,49.6,0.0,,,111.0,57.0,184.0,111.0,,111.0,1182.0,,29.0,24.0,,,,,,,,,104.0,10776.0,,,0.0,,1.0,11911.5,,,,,,,,,,,,,,,,,,,,,,,,,,0.0,0.605,3377.0,,,,12144.0,,,130.0,66.0,1.139,,,,,,,,,,,,""
12038328349,"Aug 1, 2024, 7:31:58 AM",Morning Trail Run,Run,,10873,14.69,180.0,49,,,,activities/12832946589.fit.gz,,,10873.0,10522.0,14692.0,6.6,1.396,298.0,289.0,919.0,1178.4,48.9,0.0,,,101.0,74.0,180.0,127.0,,159.0,1143.0,,27.0,49.0,,,,,,,,,149.0,10661.0,,,0.0,,1.0,16230.5,,,,,,,,,,,,,,,,,,,,,,,,,,0.0,1.351,13545.0,,,,15908.0,,,262.0,94.0,1.543,,,,,,,,,,,,""
12032823396,"Jul 31, 2024, 4:07:46 PM",Evening Trail Run,Run,,3646,2.55,111.0,3,,,,activities/12827214138.fit.gz,,,3646.0,3639.0,2554.0,12.2,0.702,80.0,73.0,529.8,575.4,49.2,0.2,,,78.0,52.0,111.0,84.0,,105.0,287.0,,30.0,3.0,,,,,,,,,86.0,3645.0,,,0.0,,1.0,3092.3,,,,,,,,,,,,,,,,,,,,,,,,,,0.0,0.7,924.0,,,,3138.0,,,29.0,54.0,0.85,,,,,,,,,,,,""
11791665069,"Jul 2, 2024, 4:28:17 PM",Evening Trail Run,Run,,2027,5.71,168.0,13,,,,activities/12577232946.fit.gz,,,2027.0,2027.0,5715.0,5.0,2.819,36.0,28.0,211.8,222.0,14.7,0.1,,,91.0,84.0,168.0,137.0,,201.0,352.0,,30.0,13.0,,,,,,,,,203.0,2028.0,,,0.0,,1.0,5841.9,,,,,,,,,,,,,,,,,,,,,,,,,,0.0,2.819,5238.0,,,,5538.0,,,92.0,128.0,2.882,,,,,,,,,,,,""
11728813595,"Jun 24, 2024, 10:46:07 AM",Afternoon Swim,Swim,,2312,"1,358",161.0,13,,,,activities/12512562198.fit.gz,,,2312.0,2236.0,1358.0,6.6,0.607,0.0,0.0,-52.8,24.0,44.0,0.2,,,,,161.0,133.0,,,377.0,,26.0,13.0,,,,,,,,,,,,,0.0,,1.0,,,,,,,,,,,,,,,,,,,,,,,,,,,0.0,0.587,0.0,,,,,,,,,,,,,,,,,,,,,""
11719497078,"Jun 23, 2024, 7:55:28 AM",Morning Trail Run,Hike,"",14510,12.99,,,,,Salomon Pulsar trail GREy,activities/12502928878.fit.gz,,,14510.0,11915.0,12998.0,3.4,1.091,209.0,949.0,799.2,1546.2,48.6,-5.7,,,96.0,53.0,,,,80.0,804.0,,32.0,,,,,,,,,,78.0,14503.0,0.0,,0.0,,1.0,14332.6,,,,,,,,,,,,,,,,16542609.0,,,,,,,,,,0.0,0.896,860.0,,,,17424.0,,,97.0,49.0,1.345,,,,,,,,,,,,""
11716632306,"Jun 23, 2024, 1:21:54 AM",Morning Trail Run,Hike,"",10651,8.00,,,,,Salomon Pulsar trail GREy,activities/12499969522.fit.gz,,,10651.0,6898.0,8001.0,4.2,1.16,916.0,896.0,1550.8,2399.8,49.5,0.2,,,153.0,62.0,,,,119.0,598.0,,22.0,,,,,,,,,,109.0,10646.0,0.0,,0.0,,1.0,14652.1,,,,,,,,,,,,,,,,16542609.0,,,,,,,,,,0.0,0.751,8001.0,,,,14260.0,,,140.0,69.0,2.484,,,,,,,,,,,,""
11716635646,"Jun 22, 2024, 8:10:41 AM",Lunch Trail Run,Hike,"",37804,17.18,,,,,Salomon Pulsar trail GREy,activities/12499972919.fit.gz,,,37804.0,18694.0,17184.0,4.6,0.919,1894.0,1177.0,792.8,2231.8,50.0,4.2,,,105.0,56.0,,,,88.0,2068.0,,30.0,,,,,,,,,,72.0,37592.0,0.0,,0.0,,1.0,27689.5,,,,,,,,,,,,,,,,16542609.0,,,,,,,,,,0.0,0.455,2904.0,,,,30028.0,,,218.0,46.0,0.737,,,,,,,,,,,,""
11665815550,"Jun 16, 2024, 5:08:00 AM",Morning Trail Run,Run,Αργιθεα,18873,30.08,181.0,236,,"",Brooks catamount 2 / 42.5 bleu,activities/12447620881.fit.gz,,,18873.0,15487.0,30083.0,6.2,1.942,1993.0,1964.0,992.0,2146.4,49.7,0.1,,,120.0,76.0,181.0,145.0,,162.0,2856.0,,26.0,236.0,,,,,,,,,163.0,18873.0,0.0,,0.0,,1.0,42971.5,,,,,,,,,,,,,,,,16788492.0,,,,,,,,,,0.0,1.594,4088.0,,,,40014.0,,,557.0,103.0,2.775,,,,,,,,,,,,media/e450db75-d00a-4779-af60-10bb856f654d.jpg|media/4a20b915-9921-4c4e-a038-48e97d03a672.jpg|media/ba269426-480f-4924-889a-4df32d6e6cb6.jpg|media/233f38a0-3c1c-44ba-bbcc-92baa53bb646.jpg|media/7f22a44a-acec-403e-9050-3ef78f69b6b9.jpg|media/3dfc3d3d-5191-4e19-8762-f979850e3dee.jpg
11635953572,"Jun 12, 2024, 3:06:30 PM",Evening Trail Run,Run,,1931,6.36,191.0,61,,,,activities/12416877924.fit.gz,,,1931.0,1872.0,6366.0,5.6,3.401,14.0,17.0,204.0,217.6,30.0,0.0,,,95.0,86.0,191.0,164.0,,249.0,439.0,,32.0,61.0,,,,,,,,,250.0,1932.0,,,0.0,,1.0,6503.1,,,,,,,,,,,,,,,,,,,,,,,,,,0.0,3.297,6232.0,,,,5454.0,,,134.0,158.0,3.474,,,,,,,,,,,,""
11614684411,"Jun 9, 2024, 9:31:49 AM",Lunch Stand Up Paddling,Stand Up Paddling,,4111,3.63,,,,,,activities/11614684411.fit,,,4111.0,3360.0,3637.5,9.199,1.083,53.8,60.6,5.8,31.3,49.8,0.0,,,,,,,,,,,33.0,,,,,,,,,,,,,,0.0,,1.0,,,,,,,,,,,,,,,,,,,,,,,,,,,0.0,0.885,3637.5,,,,,,,,,,,,,,,,,,,,,""
11605629778,"Jun 8, 2024, 2:32:23 PM",Afternoon Trail Run,Run,,5349,9.70,157.0,25,,,,activities/12385635653.fit.gz,,,5349.0,4085.0,9700.0,4.0,2.375,282.0,290.0,171.6,452.2,33.3,-0.1,,,113.0,82.0,157.0,134.0,,179.0,703.0,,33.0,25.0,,,,,,,,,169.0,5350.0,,,0.0,,1.0,10714.8,,,,,,,,,,,,,,,,,,,,,,,,,,0.0,1.813,8626.0,,,,11782.0,,,170.0,107.0,2.623,,,,,,,,,,,,""
11589299897,"Jun 6, 2024, 3:32:05 PM",Evening Trail Run,Run,"",4062,6.51,183.0,38,,,,activities/12368867806.fit.gz,,,4062.0,2536.0,6515.0,4.4,2.569,121.0,119.0,170.4,222.8,34.3,0.0,,,92.0,82.0,183.0,143.0,,189.0,585.0,,30.0,38.0,,,,,,,,,171.0,4063.0,0.0,,0.0,,1.0,7014.9,,,,,,,,,,,,,,,,15495962.0,,,,,,,,,,0.0,1.604,5025.0,,,,7858.0,,,131.0,108.0,2.766,,,,,,,,,,,,""
11572718428,"Jun 4, 2024, 4:05:52 PM",Evening Trail Run,Run,"",2748,6.95,157.0,10,,,,activities/12351854963.fit.gz,,,2748.0,2550.0,6957.0,4.2,2.728,28.0,16.0,210.2,219.8,31.4,0.1,,,89.0,84.0,157.0,130.0,,194.0,428.0,,31.0,10.0,,,,,,,,,188.0,2749.0,0.0,,0.0,,1.0,7106.7,,,,,,,,,,,,,,,,15495962.0,,,,,,,,,,0.0,2.532,6305.0,,,,7400.0,,,108.0,119.0,2.787,,,,,,,,,,,,""
11547262496,"Jun 1, 2024, 11:42:16 AM",Afternoon Trail Run,Run,"",3120,6.52,152.0,12,,,Brooks Catamount 3,activities/12325610151.fit.gz,,,3120.0,2980.0,6527.0,3.4,2.19,233.0,214.0,211.2,435.0,42.5,0.3,,,102.0,81.0,152.0,124.0,,169.0,443.0,,32.0,12.0,,,,,,,,,169.0,3121.0,0.0,,0.0,,1.0,7602.6,,,,,,,,,,,,,,,,16962444.0,,,,,,,,,,0.0,2.092,5002.0,,,,8020.0,,,99.0,107.0,2.551,,,,,,,,,,,,""
11544614892,"May 31, 2024, 2:44:05 PM",Afternoon Trail Run,Run,"",5751,13.04,183.0,53,,,Brooks Catamount 2 Navy - g,activities/12322885070.fit.gz,,,5751.0,5723.0,13043.0,4.8,2.279,521.0,513.0,213.6,450.2,45.7,0.0,,,114.0,82.0,183.0,140.0,,182.0,957.0,,27.0,53.0,,,,,,,,,184.0,5752.0,0.0,,0.0,,1.0,15841.8,,,,,,,,,,,,,,,,16533458.0,,,,,,,,,,0.0,2.268,7396.0,,,,15692.0,,,215.0,116.0,2.768,,,,,,,,,,,,""
11534060315,"May 30, 2024, 3:57:56 PM",Evening Trail Run,Run,"",3189,6.85,172.0,14,,,Brooks Catamount 2 Navy - g,activities/12312014482.fit.gz,,,3189.0,3100.0,6857.0,3.4,2.212,228.0,217.0,215.2,437.2,42.9,0.2,,,89.0,82.0,172.0,127.0,,167.0,466.0,,25.0,14.0,,,,,,,,,169.0,3190.0,0.0,,0.0,,1.0,7749.1,,,,,,,,,,,,,,,,16533458.0,,,,,,,,,,0.0,2.15,5750.0,,,,8352.0,,,101.0,107.0,2.5,,,,,,,,,,,,""
11518070412,"May 28, 2024, 3:53:32 PM",Evening Trail Run,Run,"",2568,3.99,146.0,5,,,,activities/12295539498.fit.gz,,,2568.0,1636.0,3997.0,3.8,2.443,10.0,15.0,211.0,219.8,40.0,-0.1,,,144.0,82.0,146.0,117.0,,173.0,309.0,,26.0,5.0,,,,,,,,,145.0,2569.0,0.0,,0.0,,1.0,4107.8,,,,,,,,,,,,,,,,15495962.0,,,,,,,,,,0.0,1.556,3408.0,,,,5172.0,,,60.0,92.0,2.511,,,,,,,,,,,,""
11495869181,"May 25, 2024, 2:57:39 PM",Afternoon Trail Run,Run,"",7395,16.19,191.0,135,,,Salomon Pulsar trail GREy,activities/12272622481.fit.gz,,,7395.0,7361.0,16191.0,5.2,2.2,892.0,881.0,275.2,840.4,48.9,0.1,,,114.0,78.0,191.0,155.0,,196.0,1324.0,,25.0,135.0,,,,,,,,,197.0,7397.0,0.0,,0.0,,1.0,21331.8,,,,,,,,,,,,,,,,16542609.0,,,,,,,,,,0.0,2.189,7180.0,,,,17624.0,,,320.0,125.0,2.898,,,,,,,,,,,,""
11495864918,"May 24, 2024, 3:36:04 PM",Evening Trail Run,Run,"",2387,5.53,173.0,12,,,Salomon Pulsar trail GREy,activities/12272618140.fit.gz,,,2387.0,2316.0,5532.0,3.6,2.389,70.0,67.0,211.6,244.0,20.0,0.0,,,91.0,84.0,173.0,124.0,,172.0,348.0,,27.0,12.0,,,,,,,,,170.0,2388.0,0.0,,0.0,,1.0,5749.6,,,,,,,,,,,,,,,,16542609.0,,,,,,,,,,0.0,2.318,4773.0,,,,6456.0,,,77.0,108.0,2.483,,,,,,,,,,,,""
11479829110,"May 23, 2024, 3:08:39 PM",Evening Trail Run,Run,"",4073,13.51,191.0,93,,,,activities/12256082568.fit.gz,,,4073.0,3896.0,13518.0,5.0,3.47,64.8,63.0,205.9,222.1,40.0,-0.1,,,95.0,87.0,191.0,155.0,,249.0,818.0,,27.0,93.0,,,,,,,,,257.0,4074.0,0.0,,0.0,,1.0,13646.2,,,,,,,,,,,,,,,,15495962.0,,,,,,,,,,0.0,3.319,12947.0,,,,11560.0,,,300.0,163.0,3.53,,,,,,,,,,,,""
11464169982,"May 21, 2024, 2:30:01 PM",Afternoon Trail Run,Run,"",4801,14.38,186.0,95,,,Brooks Catamount 2 Navy - g,activities/12240001891.fit.gz,,,4801.0,4610.0,14380.0,6.6,3.119,281.0,278.0,219.6,456.2,48.9,0.0,,,104.0,86.0,186.0,152.0,,243.0,946.0,,28.0,95.0,,,,,,,,,249.0,4802.0,0.0,,0.0,,1.0,15615.5,,,,,,,,,,,,,,,,16533458.0,,,,,,,,,,0.0,2.995,12028.0,,,,12898.0,,,332.0,158.0,3.387,,,,,,,,,,,,""
11457014251,"May 20, 2024, 1:40:19 PM",Afternoon Trail Run,Run,"",3704,9.07,144.0,14,,,Salomon Pulsar trail GREy,activities/12232639506.fit.gz,,,3704.0,3704.0,9072.0,3.6,2.449,279.0,262.0,211.4,437.0,37.1,0.2,,,95.0,83.0,144.0,125.0,,183.0,535.0,,31.0,14.0,,,,,,,,,184.0,3705.0,0.0,,0.0,,1.0,10030.8,,,,,,,,,,,,,,,,16542609.0,,,,,,,,,,0.0,2.449,7142.0,,,,10330.0,,,139.0,116.0,2.708,,,,,,,,,,,,""
11449908185,"May 19, 2024, 4:08:38 PM",Evening Trail Run,Run,"",3707,9.93,153.0,13,,,,activities/12225286126.fit.gz,,,3707.0,3686.0,9934.0,4.2,2.695,0.0,0.0,251.8,256.2,10.0,0.0,,,91.0,86.0,153.0,121.0,,195.0,506.0,,26.0,13.0,,,,,,,,,194.0,3707.0,0.0,,0.0,,1.0,9987.3,,,,,,,,,,,,,,,,15495962.0,,,,,,,,,,0.0,2.68,9878.0,,,,10782.0,,,155.0,123.0,2.71,,,,,,,,,,,,""
11437793617,"May 18, 2024, 8:35:25 AM",Lunch Trail Run,Run,,7663,19.82,177.0,138,,,,activities/12212767665.fit.gz,,,7663.0,7619.0,19822.0,5.2,2.602,738.0,729.0,493.8,1158.8,49.1,0.0,,,94.0,80.0,177.0,150.0,,217.0,1441.0,,29.0,138.0,,,,,,,,,214.0,7664.0,,,0.0,,1.0,23298.3,,,,,,,,,,,,,,,,,,,,,,,,,,0.0,2.587,5881.0,,,,19520.0,,,389.0,135.0,3.058,,,,,,,,,,,,""
11432252260,"May 17, 2024, 2:16:21 PM",Afternoon Trail Run,Run,"",4288,13.79,194.0,97,,,Brooks Catamount 2 Navy - g,activities/12207058960.fit.gz,,,4288.0,4160.0,13790.0,5.8,3.315,78.0,72.0,203.2,220.6,22.5,0.0,,,101.0,87.0,194.0,157.0,,252.0,878.0,,23.0,97.0,,,,,,,,,259.0,4290.0,0.0,,0.0,,1.0,14063.2,,,,,,,,,,,,,,,,16533458.0,,,,,,,,,,0.0,3.216,13293.0,,,,11854.0,,,320.0,164.0,3.381,,,,,,,,,,,,""
11430177278,"May 16, 2024, 4:01:33 PM",Evening Weight Training,Weight Training,,3498,0,121.0,6,,,,activities/12204920144.fit.gz,,,3498.0,3498.0,0.0,0.0,0.0,0.0,0.0,155.6,155.6,0.0,0.0,,,,,121.0,85.0,,,276.0,,29.0,6.0,,,,,,,,,,,,,0.0,,1.0,,,,,,,,,,,,,,,,,,,,,,,,,,,0.0,0.0,0.0,,,,,,,,,,,,,,,,,,,,,""
11424772107,"May 16, 2024, 2:16:59 PM",Afternoon Trail Run,Run,"",2869,7.70,179.0,16,,,Brooks catamount 2 / 42.5 bleu,activities/12199364957.fit.gz,,,2869.0,2788.0,7701.0,6.6,2.762,122.0,125.0,201.6,246.2,40.0,0.0,,,107.0,86.0,179.0,133.0,,213.0,480.0,,24.0,16.0,,,,,,,,,208.0,2871.0,0.0,,0.0,,1.0,8076.5,,,,,,,,,,,,,,,,16788492.0,,,,,,,,,,0.0,2.684,6632.0,,,,7770.0,,,138.0,132.0,2.897,,,,,,,,,,,,""
11416915527,"May 15, 2024, 1:21:33 PM",Afternoon Trail Run,Run,"",5056,16.29,185.0,150,,,Salomon Pulsar trail GREy,activities/12191298301.fit.gz,,,5056.0,4945.0,16292.0,5.4,3.295,611.9,604.0,155.9,451.7,22.0,0.0,,,95.0,89.0,185.0,162.0,,248.0,1109.0,,25.0,150.0,,,,,,,,,247.0,5057.0,0.0,,0.0,,1.0,18184.9,,,,,,,,,,,,,,,,16542609.0,,,,,,,,,,0.0,3.222,10676.0,,,,14972.0,,,342.0,156.0,3.69,,,,,,,,,,,,""
11409520242,"May 14, 2024, 3:07:05 PM",Evening Trail Run,Run,"",3448,11.85,197.0,76,,,,activities/12183713058.fit.gz,,,3448.0,3360.0,11854.0,5.8,3.528,51.0,55.0,213.4,224.0,17.1,0.0,,,94.0,88.0,197.0,156.0,,251.0,738.0,,22.0,76.0,,,,,,,,,260.0,3449.0,0.0,,0.0,,1.0,12048.4,,,,,,,,,,,,,,,,15495962.0,,,,,,,,,,0.0,3.438,11194.0,,,,10054.0,,,260.0,165.0,3.586,,,,,,,,,,,,""
11402724447,"May 13, 2024, 5:40:14 PM",Evening Trail Run,Run,"",3093,7.85,176.0,22,,,,activities/12176735011.fit.gz,,,3093.0,3026.0,7851.0,5.6,2.595,191.0,187.0,169.4,208.6,35.0,0.0,,,122.0,84.0,176.0,132.0,,193.0,502.0,,21.0,22.0,,,,,,,,,198.0,3094.0,0.0,,0.0,,1.0,8594.4,,,,,,,,,,,,,,,,15495962.0,,,,,,,,,,0.0,2.538,3018.0,,,,8584.0,,,134.0,125.0,2.84,,,,,,,,,,,,""
11402724764,"May 13, 2024, 1:54:15 PM",Afternoon Weight Training,Weight Training,,3258,0,112.0,5,,,,activities/12176735444.fit.gz,,,3258.0,3258.0,0.0,0.0,0.0,0.0,0.0,160.0,160.0,0.0,0.0,,,,,112.0,85.0,,,266.0,,29.0,5.0,,,,,,,,,,,,,0.0,,1.0,,,,,,,,,,,,,,,,,,,,,,,,,,,0.0,0.0,0.0,,,,,,,,,,,,,,,,,,,,,""
11396279500,"May 12, 2024, 2:33:02 PM",Afternoon Trail Run,Run,"",3950,9.20,164.0,21,,"",Brooks Catamount 2 Navy - g,activities/12170069479.fit.gz,,,3950.0,3755.0,9205.0,4.2,2.451,259.0,254.0,213.4,455.8,37.1,0.0,,,94.0,83.0,164.0,132.0,,183.0,598.0,,27.0,21.0,,,,,,,,,182.0,3951.0,,,0.0,,1.0,10148.6,,,,,,,,,,,,,,,,16533458.0,,,,,,,,,,0.0,2.33,8097.0,,,,10578.0,,,145.0,115.0,2.703,,,,,,,,,,,,""
11386492615,"May 11, 2024, 2:03:35 PM",Afternoon Trail Run,Run,"",4031,11.42,188.0,73,,,Brooks Catamount 3,activities/12159965087.fit.gz,,,4031.0,3951.0,11424.0,4.0,2.891,55.0,51.0,204.4,213.4,20.0,0.0,,,88.0,85.0,188.0,150.0,,210.0,776.0,,22.0,73.0,,,,,,,,,208.0,4032.0,0.0,,0.0,,1.0,11677.3,,,,,,,,,,,,,,,,16962444.0,,,,,,,,,,0.0,2.834,11119.0,,,,11744.0,,,194.0,132.0,2.956,,,,,,,,,,,,""
11386490767,"May 11, 2024, 9:12:20 AM",Lunch Weight Training,Weight Training,,3321,0,111.0,4,,,,activities/12159963456.fit.gz,,,3321.0,3321.0,0.0,0.0,0.0,0.0,0.0,159.4,159.4,0.0,0.0,,,,,111.0,74.0,,,225.0,,28.0,4.0,,,,,,,,,,,,,0.0,,1.0,,,,,,,,,,,,,,,,,,,,,,,,,,,0.0,0.0,0.0,,,,,,,,,,,,,,,,,,,,,""
11378252190,"May 10, 2024, 2:24:27 PM",Afternoon Trail Run,Run,"",2536,7.18,173.0,35,,,Brooks Catamount 2 Navy - g,activities/12151474096.fit.gz,,,2536.0,2482.0,7185.0,4.4,2.895,37.0,30.0,209.8,219.6,30.0,0.1,,,89.0,85.0,173.0,144.0,,209.0,469.0,,21.0,35.0,,,,,,,,,210.0,2537.0,0.0,,0.0,,1.0,7392.8,,,,,,,,,,,,,,,,16533458.0,,,,,,,,,,0.0,2.833,6699.5,,,,7276.0,,,124.0,133.0,2.979,,,,,,,,,,,,""
11378251007,"May 8, 2024, 5:02:55 PM",Evening Weight Training,Weight Training,,2538,0,126.0,5,,,,activities/12151472940.fit.gz,,,2538.0,2538.0,0.0,0.0,0.0,0.0,0.0,156.0,156.0,0.0,0.0,,,,,126.0,98.0,,,270.0,,30.0,5.0,,,,,,,,,,,,,0.0,,1.0,,,,,,,,,,,,,,,,,,,,,,,,,,,0.0,0.0,0.0,,,,,,,,,,,,,,,,,,,,,""
11361772012,"May 8, 2024, 2:35:26 PM",Afternoon Trail Run,Run,,3196,9.84,187.0,51,,,,activities/12134524929.fit.gz,,,3196.0,3129.0,9846.0,6.8,3.147,40.0,44.0,204.8,217.0,18.2,0.0,,,114.0,89.0,187.0,149.0,,252.0,633.0,,25.0,51.0,,,,,,,,,249.0,3197.0,,,0.0,,1.0,10049.2,,,,,,,,,,,,,,,,,,,,,,,,,,0.0,3.081,9323.0,,,,8500.0,,,221.0,158.0,3.212,,,,,,,,,,,,""
11353067062,"May 7, 2024, 11:32:00 AM",Afternoon Trail Run,Run,"",4256,11.86,176.0,76,,,,activities/12125607546.fit.gz,,,4256.0,4222.0,11859.0,4.4,2.809,334.0,328.0,212.6,370.4,40.0,0.0,,,90.0,85.0,176.0,151.0,,211.0,848.0,,32.0,76.0,,,,,,,,,212.0,4257.0,0.0,,0.0,,1.0,13104.7,,,,,,,,,,,,,,,,15495962.0,,,,,,,,,,0.0,2.786,10219.0,,,,12164.0,,,212.0,134.0,3.104,,,,,,,,,,,,""
11345504532,"May 6, 2024, 12:53:56 PM",Afternoon Trail Run,Run,"",3564,9.74,173.0,63,,,,activities/12117840202.fit.gz,,,3564.0,3413.0,9739.0,4.6,2.854,300.0,268.0,13.4,141.6,47.5,0.3,,,88.0,83.0,173.0,150.0,,221.0,695.0,,26.0,63.0,,,,,,,,,217.0,3566.0,0.0,,0.0,,1.0,11055.9,,,,,,,,,,,,,,,,15495962.0,,,,,,,,,,0.0,2.733,8738.0,,,,9650.0,,,186.0,137.0,3.239,,,,,,,,,,,,""
11345504798,"May 6, 2024, 11:53:22 AM",Afternoon Swim,Swim,,2009,"1,430",190.0,28,,,,activities/12117840565.fit.gz,,,2009.0,1981.0,1430.0,1.6,0.722,0.0,0.0,-8.4,16.6,37.8,0.1,,,,,190.0,145.0,,,400.0,,19.0,28.0,,,,,,,,,,,,,0.0,,1.0,,,,,,,,,,,,,,,,,,,,,,,,,,,0.0,0.712,0.0,,,,,,,,,,,,,,,,,,,,,""
11339075632,"May 5, 2024, 7:49:35 AM",Morning Trail Run,Run,,3305,8.30,170.0,26,,,,activities/12111208475.fit.gz,,,3305.0,3241.0,8307.0,4.2,2.563,262.0,257.0,214.4,446.4,48.6,0.1,,,89.0,83.0,170.0,136.0,,195.0,559.0,,21.0,26.0,,,,,,,,,196.0,3306.0,,,0.0,,1.0,9522.3,,,,,,,,,,,,,,,,,,,,,,,,,,0.0,2.513,6743.0,,,,9282.0,,,141.0,124.0,2.938,,,,,,,,,,,,""
11330308988,"May 4, 2024, 12:52:34 PM",Afternoon Trail Run,Run,"",3858,13.81,199.0,131,,,Brooks Catamount 2 Navy - g,activities/12102169097.fit.gz,,,3858.0,3824.0,13811.0,5.6,3.612,48.0,47.0,207.0,217.6,30.0,0.0,,,98.0,88.0,199.0,165.0,,261.0,910.0,,19.0,131.0,,,,,,,,,263.0,3860.0,0.0,,0.0,,1.0,14146.4,,,,,,,,,,,,,,,,16533458.0,,,,,,,,,,0.0,3.58,13110.0,,,,11360.0,,,296.0,166.0,3.699,,,,,,,,,,,,""
11329665385,"May 4, 2024, 7:31:59 AM",Morning Weight Training,Weight Training,,3320,0,126.0,4,,,,activities/12101505897.fit.gz,,,3320.0,3320.0,0.0,0.0,0.0,0.0,0.0,164.0,164.0,0.0,0.0,,,,,126.0,78.0,,,250.0,,29.0,4.0,,,,,,,,,,,,,0.0,,1.0,,,,,,,,,,,,,,,,,,,,,,,,,,,0.0,0.0,0.0,,,,,,,,,,,,,,,,,,,,,""
11329664731,"May 3, 2024, 9:16:00 AM",Lunch Weight Training,Weight Training,,3093,0,105.0,4,,,,activities/12101505252.fit.gz,,,3093.0,3093.0,0.0,0.0,0.0,0.0,0.0,147.0,147.0,0.0,0.0,,,,,105.0,79.0,,,242.0,,29.0,4.0,,,,,,,,,,,,,0.0,,1.0,,,,,,,,,,,,,,,,,,,,,,,,,,,0.0,0.0,0.0,,,,,,,,,,,,,,,,,,,,,""
11315660073,"May 2, 2024, 1:39:34 PM",Afternoon Trail Run,Run,,3204,10.61,171.0,54,,,,activities/12087128895.fit.gz,,,3204.0,3127.0,10614.0,4.6,3.394,23.0,23.0,208.8,218.4,19.0,0.0,,,99.0,91.0,171.0,148.0,,242.0,627.0,,25.0,54.0,,,,,,,,,244.0,3206.0,,,0.0,,1.0,10792.0,,,,,,,,,,,,,,,,,,,,,,,,,,0.0,3.313,10111.0,,,,9408.0,,,211.0,154.0,3.451,,,,,,,,,,,,""
11309421532,"May 1, 2024, 1:49:35 PM",Afternoon Trail Run,Run,"",6369,14.44,186.0,49,,,,activities/12080705484.fit.gz,,,6369.0,6144.0,14441.0,3.8,2.35,416.0,401.0,210.4,371.0,48.9,0.1,,,87.0,81.0,186.0,134.0,,177.0,963.0,,26.0,49.0,,,,,,,,,177.0,6370.0,0.0,,0.0,,1.0,16214.5,,,,,,,,,,,,,,,,15041492.0,,,,,,,,,,0.0,2.267,13260.0,,,,16460.0,,,222.0,112.0,2.639,,,,,,,,,,,,""
11300887333,"Apr 30, 2024, 5:37:54 PM",Evening Weight Training,Weight Training,,2561,0,117.0,4,,,,activities/12071935621.fit.gz,,,2561.0,2561.0,0.0,0.0,0.0,0.0,0.0,161.2,161.2,0.0,0.0,,,,,117.0,81.0,,,193.0,,29.0,4.0,,,,,,,,,,,,,0.0,,1.0,,,,,,,,,,,,,,,,,,,,,,,,,,,0.0,0.0,0.0,,,,,,,,,,,,,,,,,,,,,""
11300099602,"Apr 30, 2024, 4:19:42 PM",Evening Trail Run,Run,"",2615,8.24,169.0,31,,,,activities/12071130402.fit.gz,,,2615.0,2615.0,8247.0,5.6,3.154,31.0,32.0,210.0,218.2,26.7,0.0,,,96.0,87.0,169.0,144.0,,221.0,504.0,,22.0,31.0,,,,,,,,,225.0,2616.0,0.0,,0.0,,1.0,8445.7,,,,,,,,,,,,,,,,15041492.0,,,,,,,,,,0.0,3.154,7585.0,,,,7854.0,,,146.0,142.0,3.23,,,,,,,,,,,,""
11292526793,"Apr 29, 2024, 4:51:16 PM",Evening Weight Training,Weight Training,,2727,0,140.0,5,,,,activities/12063332483.fit.gz,,,2727.0,2727.0,0.0,0.0,0.0,0.0,0.0,154.6,154.6,0.0,0.0,,,,,140.0,95.0,,,269.0,,28.0,5.0,,,,,,,,,,,,,0.0,,1.0,,,,,,,,,,,,,,,,,,,,,,,,,,,0.0,0.0,0.0,,,,,,,,,,,,,,,,,,,,,""
11292526713,"Apr 29, 2024, 3:30:04 PM",Evening Trail Run,Run,"",2965,8.78,177.0,62,,,,activities/12063332052.fit.gz,,,2965.0,2893.0,8780.0,4.8,3.035,283.0,284.0,163.6,436.2,45.7,0.0,,,89.0,85.0,177.0,153.0,,229.0,615.0,,23.0,62.0,,,,,,,,,228.0,2966.0,0.0,,0.0,,1.0,9807.7,,,,,,,,,,,,,,,,15041492.0,,,,,,,,,,0.0,2.961,6555.0,,,,8432.0,,,171.0,144.0,3.39,,,,,,,,,,,,""
11277443809,"Apr 27, 2024, 4:41:40 PM",Evening Ride,Ride,,2144,0,117.0,5,,,CYCL⚙️PATH  ,activities/12047821321.fit.gz,,16.0,2144.0,2144.0,0.0,0.0,0.0,2.0,0.0,215.0,218.6,0.0,0.0,,,43.0,0.0,117.0,103.0,,29.0,129.0,,27.0,5.0,,,,,,,,,29.0,2145.0,,,0.0,,1.0,,,,,,,,,,,,,,,,11507033.0,,,,,,,,,,,0.0,0.0,0.0,,,,,,,1.0,18.0,,,,,,,,,,,,,""
11277443847,"Apr 27, 2024, 3:45:07 PM",Evening Run,Run,"",3392,8.46,190.0,39,,,Salomon Pulsar trail GREy,activities/12047821113.fit.gz,,,3392.0,3220.0,8461.0,4.0,2.628,32.0,30.0,208.6,217.0,30.0,0.0,,,87.0,84.0,190.0,139.0,,187.0,618.0,,22.0,39.0,,,,,,,,,185.0,3393.0,0.0,,0.0,,1.0,8692.9,,,,,,,,,,,,,,,,16542609.0,,,,,,,,,,0.0,2.494,7766.0,,,,,,,129.0,117.0,2.7,,,,,,,,,,,,""
11277442158,"Apr 27, 2024, 8:57:56 AM",Lunch Weight Training,Weight Training,,2263,0,116.0,4,,,,activities/12047819432.fit.gz,,,2263.0,2263.0,0.0,0.0,0.0,0.0,0.0,160.8,160.8,0.0,0.0,,,,,116.0,89.0,,,213.0,,29.0,4.0,,,,,,,,,,,,,0.0,,1.0,,,,,,,,,,,,,,,,,,,,,,,,,,,0.0,0.0,0.0,,,,,,,,,,,,,,,,,,,,,""
11268747076,"Apr 26, 2024, 2:19:56 PM",Afternoon Trail Run,Run,,2366,5.35,179.0,28,,,,activities/12038838994.fit.gz,,,2366.0,2322.0,5357.0,5.8,2.307,254.0,249.0,214.4,450.6,49.1,0.0,,,95.0,83.0,179.0,144.0,,227.0,408.0,,25.0,28.0,,,,,,,,,212.0,2368.0,,,0.0,,1.0,6674.1,,,,,,,,,,,,,,,,,,,,,,,,,,0.0,2.264,3332.0,,,,5396.0,,,118.0,134.0,2.874,,,,,,,,,,,,""
11262524115,"Apr 25, 2024, 4:26:31 PM",Evening Weight Training,Weight Training,,2019,0,110.0,2,,,,activities/12032261815.fit.gz,,,2019.0,2019.0,0.0,0.0,0.0,0.0,0.0,209.0,209.0,0.0,0.0,,,,,110.0,76.0,,,76.0,,29.0,2.0,,,,,,,,,,,,,0.0,,1.0,,,,,,,,,,,,,,,,,,,,,,,,,,,0.0,0.0,0.0,,,,,,,,,,,,,,,,,,,,,""
11262524113,"Apr 25, 2024, 3:26:37 PM",Evening Ride,Ride,,3593,0,119.0,9,,,CYCL⚙️PATH  ,activities/12032261729.fit.gz,,16.0,3593.0,3593.0,0.0,0.0,0.0,0.0,0.0,208.2,212.8,0.0,0.0,,,,,119.0,103.0,,,398.0,,29.0,9.0,,,,,,,,,,,,,0.0,,1.0,,,,,,,,,,,,,,,,11507033.0,,,,,,,,,,,0.0,0.0,0.0,,,,,,,,,,,,,,,,,,,,,""
11255240229,"Apr 24, 2024, 4:29:57 PM",Evening Run,Run,,2250,7.36,178.0,53,,,,activities/12024736439.fit.gz,,,2250.0,2250.0,7367.0,5.8,3.274,0.0,0.0,148.0,148.0,0.0,0.0,,,91.0,87.0,178.0,154.0,,,489.0,,27.0,53.0,,,,,,,,,,,,,0.0,,1.0,7367.0,,,,,,,,,,,,,,,,,,,,,,,,,,0.0,3.274,0.0,,,,,,,,,3.274,,,,,,,,,,,,""
11255240179,"Apr 24, 2024, 3:56:05 PM",Evening Weight Training,Weight Training,,2031,0,108.0,2,,,,activities/12024736150.fit.gz,,,2031.0,2031.0,0.0,0.0,0.0,0.0,0.0,148.0,148.0,0.0,0.0,,,,,108.0,78.0,,,158.0,,29.0,2.0,,,,,,,,,,,,,0.0,,1.0,,,,,,,,,,,,,,,,,,,,,,,,,,,0.0,0.0,0.0,,,,,,,,,,,,,,,,,,,,,""
11248005769,"Apr 23, 2024, 4:38:06 PM",Evening Run,Run,,3487,8.73,191.0,136,,,,activities/12017319452.fit.gz,,,3487.0,3487.0,8736.0,6.4,2.505,0.0,0.0,168.2,168.2,0.0,0.0,,,95.0,85.0,191.0,167.0,,,846.0,,28.0,136.0,,,,,,,,,,,,,0.0,,1.0,8736.0,,,,,,,,,,,,,,,,,,,,,,,,,,0.0,2.505,0.0,,,,9544.0,,,,,2.505,,,,,,,,,,,,""
11246433185,"Apr 23, 2024, 11:26:10 AM",Afternoon Weight Training,Weight Training,,3256,0,124.0,6,,,,activities/12015703896.fit.gz,,,3256.0,3256.0,0.0,0.0,0.0,0.0,0.0,159.8,159.8,0.0,0.0,,,,,124.0,89.0,,,283.0,,29.0,6.0,,,,,,,,,,,,,0.0,,1.0,,,,,,,,,,,,,,,,,,,,,,,,,,,0.0,0.0,0.0,,,,,,,,,,,,,,,,,,,,,""
11239510991,"Apr 22, 2024, 3:11:44 PM",Evening Trail Run,Run,"",2731,7.01,178.0,44,,,,activities/12008589469.fit.gz,,,2731.0,2697.0,7018.0,5.0,2.602,46.0,55.0,216.2,235.0,31.1,-0.2,,,87.0,84.0,178.0,145.0,,189.0,528.0,,23.0,44.0,,,,,,,,,189.0,2733.0,0.0,,0.0,,1.0,7202.5,,,,,,,,,,,,,,,,15041492.0,,,,,,,,,,0.0,2.57,6352.0,,,,7480.0,,,108.0,120.0,2.671,,,,,,,,,,,,""
11177274755,"Apr 14, 2024, 5:00:27 AM",Morning Trail Run,Run,"-DNF- 🍻
Του χρόνου ολόκληρο 😊",10214,19.30,186.0,217,,,Brooks Catamount 3,activities/11944510546.fit.gz,,,10214.0,8361.0,19303.0,5.0,2.309,1162.0,1140.0,-3.8,583.8,48.9,0.1,,,115.0,79.0,186.0,157.0,,201.0,1679.0,,28.0,217.0,,,,,,,,,200.0,10215.0,0.0,,0.0,,1.0,26475.8,,,,,,,,,,,,,,,,16962444.0,,,,,,,,,,0.0,1.89,4633.0,,,,21984.0,,,456.0,127.0,3.167,,,,,,,,,,,,""
11171017249,"Apr 13, 2024, 10:06:40 AM",Afternoon Swim,Swim,"",1274,848,171.0,11,,,,activities/11938043023.fit.gz,,,1274.0,1274.0,848.0,9.6,0.666,0.0,0.0,-54.2,343.0,46.7,20.0,,,,,171.0,137.0,,,215.0,,18.0,11.0,,,,,,,,,,,0.0,,0.0,,1.0,,,,,,,,,,,,,,,,,,,,,,,,,,,0.0,0.666,0.0,,,,,,,,,,,,,,,,,,,,,""
11164687905,"Apr 12, 2024, 1:02:25 PM",Afternoon Trail Run,Run,"",3559,7.45,176.0,15,,,Brooks Catamount 3,activities/11931540350.fit.gz,,,3559.0,3198.0,7456.0,5.6,2.331,164.0,153.0,-3.8,35.0,46.0,0.2,,,105.0,82.0,176.0,119.0,,175.0,487.0,,29.0,15.0,,,,,,,,,171.0,3560.0,0.0,,0.0,,1.0,8336.1,,,,,,,,,,,,,,,,16962444.0,,,,,,,,,,0.0,2.095,3040.0,,,,8802.0,,,115.0,108.0,2.607,,,,,,,,,,,,""
11150839785,"Apr 10, 2024, 3:25:06 PM",Evening Mountain Bike Ride,Ride,"",4955,19.41,174.0,42,,,CYCL⚙️PATH  ,activities/11917334951.fit.gz,,16.0,4955.0,4829.0,19414.0,18.2,4.02,577.0,566.0,146.8,248.4,30.0,0.0,,,,,174.0,129.0,,201.0,721.0,,25.0,42.0,,,,,,,,,,,0.0,,0.0,,1.0,,,,,,,,,,,,,,,,11507033.0,,,,,,,,,,,0.0,3.918,7101.0,,,,,,,,,,,,,,,,,,,,,""
11144241671,"Apr 9, 2024, 5:04:00 PM",Evening Trail Run,Run,"",4851,10.40,175.0,30,,,,activities/11910569423.fit.gz,,,4851.0,4618.0,10402.0,3.6,2.252,298.0,284.0,188.4,431.0,45.7,0.1,,,101.0,82.0,175.0,126.0,,168.0,719.0,,23.0,30.0,,,,,,,,,167.0,4852.0,0.0,,0.0,,1.0,11605.9,,,,,,,,,,,,,,,,15041492.0,,,,,,,,,,0.0,2.144,8410.0,,,,12670.0,,,151.0,106.0,2.513,,,,,,,,,,,,""
11125140766,"Apr 7, 2024, 6:06:01 AM",Morning Trail Run,Run,"",10870,29.11,189.0,296,,,Brooks Catamount 3,activities/11890827631.fit.gz,,,10870.0,10745.0,29111.0,5.6,2.709,1632.0,1619.0,116.0,442.0,49.1,0.0,,,130.0,85.0,189.0,160.0,,227.0,2219.0,,24.0,296.0,,,,,,,,,230.0,10871.0,0.0,,0.0,,1.0,39507.6,,,,,,,,,,,,,,,,16962444.0,,,,,,,,,,0.0,2.678,16760.0,,,,29844.0,,,641.0,146.0,3.677,,,,,,,,,,,,""
11113212991,"Apr 5, 2024, 4:53:37 PM",Evening Trail Run,Run,"",1844,4.45,201.0,35,,,Brooks Catamount 3,activities/11878528032.fit.gz,,,1844.0,1813.0,4457.0,6.6,2.458,24.0,37.0,201.4,220.0,20.0,-0.3,,,107.0,83.0,201.0,147.0,,182.0,364.0,,22.0,35.0,,,,,,,,,181.0,1844.0,0.0,,0.0,,1.0,4554.6,,,,,,,,,,,,,,,,16962444.0,,,,,,,,,,0.0,2.417,3851.0,,,,4944.0,,,67.0,115.0,2.512,,,,,,,,,,,,""
11105463280,"Apr 4, 2024, 2:36:56 PM",Afternoon Trail Run,Run,"",2378,6.58,179.0,22,,,Salomon Pulsar trail GREy,activities/11870566474.fit.gz,,,2378.0,2260.0,6582.0,6.4,2.912,27.0,33.0,209.6,220.6,22.9,-0.1,,,105.0,87.0,179.0,138.0,,212.0,431.0,,25.0,22.0,,,,,,,,,209.0,2379.0,0.0,,0.0,,1.0,6717.7,,,,,,,,,,,,,,,,16542609.0,,,,,,,,,,0.0,2.768,5902.0,,,,6610.0,,,115.0,132.0,2.972,,,,,,,,,,,,""
11099064692,"Apr 3, 2024, 3:34:00 PM",Evening Trail Run,Run,"",4140,8.19,178.0,28,,,,activities/11863998126.fit.gz,,,4140.0,3766.0,8199.0,4.6,2.177,319.0,308.0,201.8,435.4,42.9,0.2,,,94.0,80.0,178.0,132.0,,168.0,658.0,,23.0,28.0,,,,,,,,,167.0,4141.0,0.0,,0.0,,1.0,9902.1,,,,,,,,,,,,,,,,15041492.0,,,,,,,,,,0.0,1.98,5812.0,,,,10068.0,,,,,,,,,,,,,,,,,""
11091564379,"Apr 2, 2024, 3:19:58 PM",Evening Trail Run,Run,"",3071,9.05,191.0,28,,,Brooks Catamount 3,activities/11856215665.fit.gz,,,3071.0,2889.0,9057.0,6.0,3.135,46.0,42.0,198.2,227.6,30.0,0.0,,,116.0,87.0,,138.0,,227.0,546.0,,25.0,28.0,,,,,,,,,233.0,3072.0,0.0,,0.0,,1.0,9309.2,,,,,,,,,,,,,,,,16962444.0,,,,,,,,,,0.0,2.949,8460.0,,,,8456.0,,,,,,,,,,,,,,,,,""
11077349284,"Mar 31, 2024, 1:12:52 PM",Afternoon Stand Up Paddling,Stand Up Paddling,"",2409,2.19,112.0,2,,,,activities/11841034700.fit.gz,,,2409.0,2152.0,2191.0,2.6,1.018,0.0,0.0,-1.0,3.6,14.3,0.1,,,78.0,41.0,,72.0,,,161.0,,30.0,2.0,,,,,,,,,,,0.0,,0.0,,1.0,,,,,,,,,,,,,,,,,,,,,,,,,,,0.0,0.91,0.0,,,,,,,,,,,,,,,,,,,,,""
11077349313,"Mar 31, 2024, 10:00:10 AM",Afternoon Trail Run,Run,"",8772,13.87,173.0,41,,,,activities/11841034440.fit.gz,,,8772.0,7410.0,13870.0,3.4,1.872,414.0,412.0,2.6,67.4,48.9,0.0,,,101.0,75.0,,127.0,,147.0,1066.0,,28.0,41.0,,,,,,,,,146.0,8772.0,0.0,,0.0,,1.0,16606.7,,,,,,,,,,,,,,,,15495962.0,,,,,,,,,,0.0,1.581,4743.0,,,,19918.0,,,,,,,,,,,,,,,,,""
11069713819,"Mar 30, 2024, 1:01:47 PM",Afternoon Trail Run,Run,"",6386,13.35,184.0,109,,,Brooks Catamount 3,activities/11832556057.fit.gz,,,6386.0,6234.0,13351.0,4.6,2.142,1015.0,993.0,209.2,450.0,49.1,0.2,,,110.0,81.0,,149.0,,186.0,1237.0,,26.0,109.0,,,,,,,,,192.0,6387.0,0.0,,0.0,,1.0,20210.8,,,,,,,,,,,,,,,,16962444.0,,,,,,,,,,0.0,2.091,5065.0,,,,17070.0,,,,,,,,,,,,,,,,,""
11062981000,"Mar 29, 2024, 2:43:31 PM",Afternoon Trail Run,Run,"",4176,14.51,206.0,123,,,Brooks Catamount 3,activities/11825280259.fit.gz,,,4176.0,3935.0,14518.0,6.6,3.689,0.0,0.0,246.2,251.0,26.7,0.0,,,104.0,91.0,,162.0,,262.0,952.0,,24.0,123.0,,,,,,,,,275.0,4177.0,0.0,,0.0,,1.0,14586.5,,,,,,,,,,,,,,,,16962444.0,,,,,,,,,,0.0,3.477,14301.0,,,,12102.0,,,,,,,,,,,,,,,,,""
11056236543,"Mar 28, 2024, 3:46:07 PM",Afternoon Trail Run,Run,"",3227,8.02,185.0,24,,,Brooks Catamount 3,activities/11818315936.fit.gz,,,3227.0,3186.0,8029.0,3.8,2.52,127.0,124.0,198.8,216.0,22.9,0.0,,,88.0,84.0,,130.0,,181.0,525.0,,23.0,24.0,,,,,,,,,181.0,3228.0,0.0,,0.0,,1.0,8411.0,,,,,,,,,,,,,,,,16962444.0,,,,,,,,,,0.0,2.488,7073.0,,,,9230.0,,,,,,,,,,,,,,,,,""
11049899159,"Mar 27, 2024, 3:30:11 PM",Afternoon Trail Run,Run,"",6575,18.53,199.0,154,,,Brooks catamount 2 / 42.5 bleu,activities/11811706784.fit.gz,,,6575.0,6484.0,18529.0,5.8,2.858,621.0,609.0,212.4,449.8,48.6,0.1,,,121.0,87.0,,157.0,,229.0,1351.0,,21.0,154.0,,,,,,,,,239.0,6576.0,0.0,,0.0,,1.0,22147.5,,,,,,,,,,,,,,,,16788492.0,,,,,,,,,,0.0,2.818,13704.0,,,,18682.0,,,,,,,,,,,,,,,,,""
11034375676,"Mar 25, 2024, 11:00:49 AM",Afternoon Trail Run,Run,"",4584,9.39,191.0,82,,,Salomon Pulsar trail GREy,activities/11795291763.fit.gz,,,4584.0,3722.0,9390.0,4.4,2.523,496.0,484.0,104.0,470.8,49.1,0.1,,,114.0,83.0,,156.0,,208.0,798.0,,24.0,82.0,,,,,,,,,214.0,4585.0,0.0,,0.0,,1.0,11780.7,,,,,,,,,,,,,,,,16542609.0,,,,,,,,,,0.0,2.048,994.0,,,,10738.0,,,,,,,,,,,,,,,,,media/c379c9f8-2b79-468b-a058-682a3991b212.jpg|media/5561b99b-e0f8-4b61-afb9-7daa0e4ec02b.jpg|media/48eb4037-4fb8-42ac-8ccb-819a4d71bafc.jpg
11027865506,"Mar 24, 2024, 7:44:18 AM",Morning Trail Run,Run,"",16334,25.76,176.0,68,,,Salomon Pulsar trail GREy,activities/11788556978.fit.gz,,,16334.0,16333.0,25765.0,5.8,1.577,1662.0,1646.0,843.2,1984.8,49.1,0.1,,,133.0,79.0,,127.0,,162.0,1959.0,,16.0,68.0,,,,,,,,,156.0,16336.0,0.0,,0.0,,1.0,36300.3,,,,,,,,,,,,,,,,16542609.0,,,,,,,,,,0.0,1.577,15339.0,,,,34974.0,,,,,,,,,,,,,,,,,media/034728e1-bde0-41dd-b231-9529e405853b.jpg|media/e4c5a043-9b7b-4069-805c-d1e862b8eafc.jpg|media/7ed6c353-7698-4bb9-be40-5aa15f7456bd.jpg|media/0d1e4c9b-9464-49a2-8291-64ed782ae0c8.jpg|media/5909dc94-e139-4370-a736-a55e9a37991f.mp4
11023043752,"Mar 23, 2024, 10:26:29 AM",Lunch Trail Run,Run,"",4434,10.64,154.0,17,,,,activities/11783563576.fit.gz,,,4434.0,4289.0,10644.0,4.2,2.482,349.0,342.0,208.4,434.0,48.9,0.1,,,112.0,83.0,,123.0,,188.0,617.0,,26.0,17.0,,,,,,,,,187.0,4435.0,0.0,,0.0,,1.0,12272.8,,,,,,,,,,,,,,,,15495962.0,,,,,,,,,,0.0,2.401,8769.0,,,,11894.0,,,,,,,,,,,,,,,,,""
11015442892,"Mar 22, 2024, 3:32:24 PM",Afternoon Trail Run,Run,"",3582,8.30,198.0,114,,,,activities/11775738052.fit.gz,,,3582.0,2999.0,8302.0,4.4,2.768,255.0,254.0,210.6,452.0,34.0,0.0,,,93.0,87.0,,167.0,,205.0,776.0,,13.0,114.0,,,,,,,,,199.0,3583.0,0.0,,0.0,,1.0,9141.9,,,,,,,,,,,,,,,,,,,,,,,,,,0.0,2.318,7132.0,,,,9140.0,,,,,,,,,,,,,,,,,""
11008678362,"Mar 21, 2024, 3:23:57 PM",Afternoon Trail Run,Run,"",3995,13.50,191.0,105,,,Brooks Catamount 3,activities/11768729976.fit.gz,,,3995.0,3841.0,13503.0,5.0,3.515,0.0,0.0,249.6,252.6,40.0,0.0,,,96.0,89.0,,159.0,,249.0,881.0,,18.0,105.0,,,,,,,,,257.0,3996.0,0.0,,0.0,,1.0,13598.6,,,,,,,,,,,,,,,,16962444.0,,,,,,,,,,0.0,3.38,13467.0,,,,11746.0,,,,,,,,,,,,,,,,,""
11002736023,"Mar 20, 2024, 5:51:53 PM",Evening Trail Run,Run,"",4297,13.38,187.0,97,,,Brooks catamount 2 / 42.5 bleu,activities/11762671124.fit.gz,,,4297.0,4271.0,13381.0,7.0,3.133,225.0,222.0,192.8,214.4,20.0,0.0,,,104.0,88.0,,156.0,,240.0,848.0,,15.0,97.0,,,,,,,,,251.0,4298.0,0.0,,0.0,,1.0,14092.3,,,,,,,,,,,,,,,,16788492.0,,,,,,,,,,0.0,3.114,12741.0,,,,12208.0,,,,,,,,,,,,,,,,,""
10987578921,"Mar 18, 2024, 9:42:06 AM",Lunch Trail Run,Run,"",11449,15.54,188.0,81,,,Salomon Pulsar trail GREy,activities/11747000807.fit.gz,,,11449.0,8672.0,15539.0,4.4,1.792,1141.0,1137.0,260.6,1177.4,49.6,0.0,,,107.0,74.0,,135.0,,148.0,1563.0,,20.0,81.0,,,,,,,,,146.0,11450.0,0.0,,0.0,,1.0,23211.2,,,,,,,,,,,,,,,,16542609.0,,,,,,,,,,0.0,1.357,9104.0,,,,23286.0,,,,,,,,,,,,,,,,,media/e2d665de-74ec-426e-8eff-6587edd2b6e4.jpg|media/98a98898-a2dd-4b78-8b4f-0d051c9a7338.jpg|media/25fb787e-76d7-4b07-bff9-feb6402d08c5.jpg|media/76bad84a-3573-4be9-b7c1-87ecda4833ef.jpg
10981369999,"Mar 17, 2024, 3:26:32 PM",Afternoon Trail Run,Run,"",7854,15.34,187.0,93,,,,activities/11740469462.fit.gz,,,7854.0,7258.0,15343.0,4.4,2.114,658.0,665.0,117.8,380.0,48.9,-0.1,,,123.0,78.0,,143.0,,171.0,1303.0,,17.0,93.0,,,,,,,,,169.0,7853.0,0.0,,0.0,,1.0,19605.5,,,,,,,,,,,,,,,,15000671.0,,,,,,,,,,0.0,1.954,6268.0,,,,18770.0,,,,,,,,,,,,,,,,,""
10972766330,"Mar 16, 2024, 7:17:35 AM",Morning Trail Run,Run,"",7940,21.50,180.0,190,,,Brooks Catamount 2 Navy - g,activities/11731236311.fit.gz,,,7940.0,7689.0,21501.0,5.4,2.796,1002.0,1003.0,179.8,447.4,49.1,0.0,,,111.0,85.0,,157.0,,226.0,1622.0,,25.0,190.0,,,,,,,,,228.0,7941.0,0.0,,0.0,,1.0,27455.1,,,,,,,,,,,,,,,,16533458.0,,,,,,,,,,0.0,2.708,12510.0,,,,22216.0,,,,,,,,,,,,,,,,,""
10965590950,"Mar 15, 2024, 3:22:00 PM",Afternoon Trail Run,Run,"",3544,10.34,181.0,24,,,Salomon Pulsar trail GREy,activities/11723798425.fit.gz,,,3544.0,3415.0,10346.0,3.8,3.03,0.0,0.0,247.0,251.2,11.7,0.0,,,90.0,87.0,,133.0,,214.0,537.0,,19.0,24.0,,,,,,,,,211.0,3545.0,0.0,,0.0,,1.0,10427.0,,,,,,,,,,,,,,,,16542609.0,,,,,,,,,,0.0,2.919,10307.0,,,,10326.0,,,,,,,,,,,,,,,,,""
10951763788,"Mar 13, 2024, 3:43:43 PM",Afternoon Trail Run,Run,"",4107,15.53,177.0,109,,,Brooks Catamount 2 Navy - g,activities/11709528509.fit.gz,,,4107.0,4036.0,15537.0,5.0,3.85,88.0,87.0,84.2,108.2,14.3,0.0,,,92.0,89.0,,159.0,,273.0,897.0,,19.0,109.0,,,,,,,,,272.0,4108.0,0.0,,0.0,,1.0,15729.1,,,,,,,,,,,,,,,,16533458.0,,,,,,,,,,0.0,3.783,13675.0,,,,12222.0,,,,,,,,,,,,,,,,,""
10944119062,"Mar 12, 2024, 2:57:46 PM",Afternoon Trail Run,Run,"",4247,12.89,200.0,79,,,,activities/11701639039.fit.gz,,,4247.0,4107.0,12895.0,6.2,3.14,397.0,393.0,207.4,451.2,48.9,0.0,,,124.0,89.0,,151.0,,248.0,825.0,,15.0,79.0,,,,,,,,,250.0,4246.0,0.0,,0.0,,1.0,14232.0,,,,,,,,,,,,,,,,15495962.0,,,,,,,,,,0.0,3.036,11352.0,,,,11628.0,,,,,,,,,,,,,,,,,""
10938445589,"Mar 11, 2024, 6:10:41 PM",Evening Trail Run,Run,"",2600,8.35,189.0,41,,,,activities/11695772683.fit.gz,,,2600.0,2559.0,8356.0,5.0,3.265,12.0,15.0,204.4,216.4,20.0,-0.1,,,101.0,92.0,,147.0,,229.0,517.0,,19.0,41.0,,,,,,,,,230.0,2601.0,0.0,,0.0,,1.0,8445.7,,,,,,,,,,,,,,,,15000671.0,,,,,,,,,,0.0,3.214,7716.0,,,,7944.0,,,,,,,,,,,,,,,,,""
10929396483,"Mar 10, 2024, 8:11:43 AM",Morning Trail Run,Run,"",13554,14.91,184.0,37,,,,activities/11686320804.fit.gz,,,13554.0,9069.0,14911.0,5.8,1.644,974.0,965.0,616.8,1361.6,49.1,0.1,,,111.0,64.0,,115.0,,134.0,1270.0,,22.0,37.0,,,,,,,,,127.0,13555.0,0.0,,0.0,,1.0,21253.6,,,,,,,,,,,,,,,,15000671.0,,,,,,,,,,0.0,1.1,9251.0,,,,21630.0,,,,,,,,,,,,,,,,,media/c218e156-18e1-40d8-a65e-d2680009f46e.jpg
10922070299,"Mar 9, 2024, 7:16:42 AM",Morning Trail Run,Run,"",9034,17.01,197.0,150,,,,activities/11678655970.fit.gz,,,9034.0,8358.0,17009.0,5.0,2.035,1216.0,1212.0,493.4,1291.6,49.1,0.0,,,109.0,81.0,,150.0,,176.0,1557.0,,14.0,150.0,,,,,,,,,181.0,9035.0,0.0,,0.0,,1.0,25630.2,,,,,,,,,,,,,,,,15495962.0,,,,,,,,,,0.0,1.883,16666.0,,,,22956.0,,,,,,,,,,,,,,,,,""
10917001249,"Mar 8, 2024, 2:50:04 PM",Afternoon Trail Run,Run,"",2975,6.72,180.0,33,,,,activities/11673391383.fit.gz,,,2975.0,2639.0,6728.0,4.0,2.549,85.0,96.0,194.4,219.2,40.0,-0.2,,,88.0,85.0,,143.0,,191.0,484.0,,18.0,33.0,,,,,,,,,186.0,2831.0,0.0,,0.0,,1.0,7058.0,,,,,,,,,,,,,,,,15041492.0,,,,,,,,,,0.0,2.262,6124.0,,,,7528.0,,,,,,,,,,,,,,,,,""
10910598651,"Mar 7, 2024, 3:05:49 PM",Afternoon Trail Run,Run,10 x 4Min @ 15.7 km/h   3'48 min/km Avg 177 (Max 199) bpm / 1Min 30s Avg 162 bpm;,5045,16.08,206.0,175,,,,activities/11666752878.fit.gz,,,5045.0,4894.0,16083.0,5.8,3.286,260.0,259.0,213.6,374.6,40.0,0.0,,,183.0,90.0,,167.0,,248.0,1167.0,,16.0,175.0,,,,,,,,,259.0,5046.0,0.0,,0.0,,1.0,17022.9,,,,,,,,,,,,,,,,15495962.0,,,,,,,,,,0.0,3.188,15259.0,,,,14634.0,,,,,,,,,,,,,,,,,""
10896639973,"Mar 5, 2024, 3:46:26 PM",Afternoon Trail Run,Run,"",4794,14.40,207.0,141,,,,activities/11651864242.fit.gz,,,4794.0,4162.0,14399.0,6.2,3.46,107.0,116.0,192.2,219.6,33.3,-0.1,,,110.0,88.0,,165.0,,256.0,1003.0,,17.0,141.0,,,,,,,,,247.0,4795.0,0.0,,0.0,,1.0,14772.0,,,,,,,,,,,,,,,,15000671.0,,,,,,,,,,0.0,3.004,13866.0,,,,12246.0,,,,,,,,,,,,,,,,,""
10882584374,"Mar 3, 2024, 10:10:34 AM",Lunch Trail Run,Run,"Φοβερή διαδρομή!! πράσινα 
 διαμάντια στην Αθήνα..
-Υγρασία θανάτου -",13915,21.22,197.0,88,,,Salomon Pulsar trail GREy,activities/11631746767.fit.gz,,,13915.0,11614.0,21227.0,4.2,1.828,1362.0,1356.0,101.6,787.2,50.0,0.0,,,111.0,75.0,,134.0,,153.0,1856.0,,24.0,88.0,,,,,,,,,149.0,13916.0,0.0,,0.0,,1.0,30767.4,,,,,,,,,,,,,,,,16542609.0,,,,,,,,,,0.0,1.525,14134.0,,,,29610.0,,,,,,,,,,,,,,,,,media/6b456ecd-9b27-43f2-b38e-33818ef59856.jpg|media/49dec1f5-b6e9-4221-8c30-6435c88aad69.jpg|media/815f44b7-2503-403f-8514-170c9bebeae1.jpg
10875687857,"Mar 2, 2024, 12:58:33 PM",Afternoon Trail Run,Run,"",12818,29.40,196.0,250,,,,activities/11624480794.fit.gz,,,12818.0,12716.0,29404.0,4.6,2.312,1612.0,1616.0,120.4,450.0,49.1,0.0,,,130.0,83.0,,153.0,,197.0,2439.0,,20.0,250.0,,,,,,,,,200.0,12820.0,0.0,,0.0,,1.0,39671.1,,,,,,,,,,,,,,,,15495962.0,,,,,,,,,,0.0,2.294,15170.5,,,,34626.0,,,,,,,,,,,,,,,,,""
10869172680,"Mar 1, 2024, 5:37:41 PM",Evening Trail Run,Run,"",2361,5.45,172.0,25,,,,activities/11617764745.fit.gz,,,2361.0,2320.0,5449.0,3.4,2.349,88.0,89.0,196.4,215.2,20.0,0.0,,,94.0,84.0,,137.0,,167.0,419.0,,15.0,25.0,,,,,,,,,168.0,2362.0,0.0,,0.0,,1.0,5758.6,,,,,,,,,,,,,,,,15041492.0,,,,,,,,,,0.0,2.308,4753.0,,,,6498.0,,,,,,,,,,,,,,,,,""
10862431966,"Feb 29, 2024, 4:05:57 PM",Evening Trail Run,Run,"",3679,14.98,198.0,165,,,,activities/11610827944.fit.gz,,,3679.0,3679.0,14987.0,5.2,4.074,3.0,7.0,250.0,257.2,13.7,0.0,,,95.0,91.0,,172.0,,288.0,1002.0,,18.0,165.0,,,,,,,,,288.0,3680.0,0.0,,0.0,,1.0,15206.6,,,,,,,,,,,,,,,,15495962.0,,,,,,,,,,0.0,4.074,112.0,,,,11184.0,,,,,,,,,,,,,,,,,""
10855414089,"Feb 28, 2024, 2:59:47 PM",- 57 -,Run,"",4478,13.96,210.0,125,,,Salomon Pulsar trail GREy,activities/11603608640.fit.gz,,,4478.0,4453.0,13962.0,6.4,3.135,343.0,352.0,141.0,450.0,27.5,-0.1,,,113.0,91.0,,160.0,,246.0,986.0,,19.0,125.0,,,,,,,,,255.0,4479.0,0.0,,0.0,,1.0,15123.4,,,,,,,,,,,,,,,,16542609.0,,,,,,,,,,0.0,3.118,10526.0,,,,12956.0,,,,,,,,,,,,,,,,,""
10848957017,"Feb 27, 2024, 4:44:07 PM",Evening Trail Run,Run,"",4007,11.00,192.0,107,,,,activities/11596967066.fit.gz,,,4007.0,3895.0,11002.0,4.6,2.825,141.0,167.0,194.4,240.4,24.4,-0.2,,,92.0,87.0,,158.0,,202.0,853.0,,19.0,107.0,,,,,,,,,201.0,4008.0,0.0,,0.0,,1.0,11445.6,,,,,,,,,,,,,,,,15041492.0,,,,,,,,,,0.0,2.746,10379.0,,,,11728.0,,,,,,,,,,,,,,,,,""
10842100148,"Feb 26, 2024, 5:54:08 PM",Evening Weight Training,Weight Training,"",783,0,86.0,0,,,,activities/11589923794.fit.gz,,,783.0,783.0,0.0,0.0,0.0,0.0,0.0,231.6,231.6,0.0,0.0,,,,,,66.0,,,32.0,,27.0,0.0,,,,,,,,,,,0.0,,0.0,,1.0,,,,,,,,,,,,,,,,,,,,,,,,,,,0.0,0.0,0.0,,,,,,,,,,,,,,,,,,,,,""
10842100146,"Feb 26, 2024, 5:13:33 PM",Evening Ride,Ride,"",2425,0,93.0,3,,,CYCL⚙️PATH  ,activities/11589923626.fit.gz,,16.0,2425.0,2425.0,0.0,0.0,0.0,0.0,3.4,231.4,235.4,0.0,0.0,,,,,,79.0,,,171.0,,27.0,3.0,,,,,,,,,,,0.0,,0.0,,1.0,,,,,,,,,,,,,,,,11507033.0,,,,,,,,,,,0.0,0.0,0.0,,,,,,,,,,,,,,,,,,,,,""
10834201019,"Feb 25, 2024, 11:19:29 AM",Afternoon Trail Run,Run,"",7633,18.68,192.0,87,,"",Brooks Catamount 2 Navy - g,activities/11581743592.fit.gz,,,7633.0,6521.0,18682.0,6.8,2.865,832.0,823.0,272.8,995.8,49.6,0.0,,,104.0,82.0,,146.0,,231.0,1308.0,,22.0,87.0,,,,,,,,,235.0,7634.0,0.0,,0.0,,1.0,22793.5,,,,,,,,,,,,,,,,16533458.0,,,,,,,,,,0.0,2.448,6172.0,,,,17350.0,,,,,,,,,,,,,,,,,media/5ebc91d1-f17c-4b3d-9744-27c73c531f9f.jpg
10826547570,"Feb 24, 2024, 9:57:31 AM",Lunch Trail Run,Run,"",9222,22.94,193.0,216,,,Salomon Pulsar trail GREy,activities/11573740644.fit.gz,,,9222.0,8730.0,22947.0,5.2,2.629,1055.0,1041.0,488.0,1288.8,48.9,0.1,,,117.0,84.0,,157.0,,212.0,1882.0,,19.0,216.0,,,,,,,,,214.0,9223.0,0.0,,0.0,,1.0,28995.7,,,,,,,,,,,,,,,,16542609.0,,,,,,,,,,0.0,2.488,21275.0,,,,24688.0,,,,,,,,,,,,,,,,,""
10821026801,"Feb 23, 2024, 2:51:47 PM",Afternoon Trail Run,Run,"",4971,12.59,180.0,85,,,Salomon Pulsar trail GREy,activities/11568054646.fit.gz,,,4971.0,4866.0,12597.0,4.1,2.589,295.4,289.0,195.0,451.2,28.6,0.0,,,92.0,84.0,,148.0,,189.0,984.0,,18.0,85.0,,,,,,,,,188.0,4972.0,0.0,,0.0,,1.0,13304.1,,,,,,,,,,,,,,,,16542609.0,,,,,,,,,,0.0,2.534,11206.0,,,,13804.0,,,,,,,,,,,,,,,,,""
10815322503,"Feb 22, 2024, 4:29:17 PM",Evening Trail Run,Run,"",4940,17.13,184.0,136,,,,activities/11562178356.fit.gz,,,4940.0,4896.0,17136.0,7.0,3.5,287.0,291.0,193.0,219.0,30.0,0.0,,,102.0,92.0,,160.0,,255.0,1070.0,,18.0,136.0,,,,,,,,,258.0,4941.0,0.0,,0.0,,1.0,18023.8,,,,,,,,,,,,,,,,15495962.0,,,,,,,,,,0.0,3.469,16505.0,,,,15236.0,,,,,,,,,,,,,,,,,""
10808711432,"Feb 21, 2024, 4:19:59 PM",Evening Ride,Ride,"",4005,0,169.0,24,,,CYCL⚙️PATH  ,activities/11555398413.fit.gz,,16.0,4005.0,4005.0,0.0,0.0,0.0,3.0,6.0,208.8,216.2,0.0,0.0,,,,,,118.0,,,557.0,,27.0,24.0,,,,,,,,,,,0.0,,0.0,,1.0,,,,,,,,,,,,,,,,11507033.0,,,,,,,,,,,0.0,0.0,0.0,,,,,,,,,,,,,,,,,,,,,""
10801283801,"Feb 20, 2024, 3:02:03 PM",Afternoon Trail Run,Run,"",5097,16.04,210.0,150,,,Brooks Catamount 2 Navy - g,activities/11547773657.fit.gz,,,5097.0,4765.0,16042.0,6.0,3.367,42.0,51.0,206.6,215.0,26.7,0.0,,,106.0,89.0,,163.0,,249.0,1120.0,,16.0,150.0,,,,,,,,,258.0,5098.0,0.0,,0.0,,1.0,16351.1,,,,,,,,,,,,,,,,16533458.0,,,,,,,,,,0.0,3.147,15447.0,,,,13990.0,,,,,,,,,,,,,,,,,""
10788510752,"Feb 18, 2024, 1:04:10 PM",Afternoon Stand Up Paddling,Stand Up Paddling,"",3434,3.02,,,,,,activities/10788510752.fit,,,3434.0,2698.0,3020.5,2.074,1.12,13.2,14.0,-1.2,7.2,23.3,0.0,,,,,,,,,,,26.0,,,,,,,,,,,,0.0,,0.0,,1.0,,,,,,,,,,,,,,,,,,,,,,,,,,,0.0,0.88,0.0,,,,,,,,,,,,,,,,,,,,,media/76ad8e53-ff1f-43a2-ae25-0ea5e2920ef1.jpg
10787293296,"Feb 18, 2024, 9:39:45 AM",Lunch Trail Run,Run,"",8650,11.25,193.0,56,,,Salomon Pulsar trail GREy,activities/11533339494.fit.gz,,,8650.0,5806.0,11251.0,4.2,1.938,702.0,691.0,547.0,1042.4,48.9,0.1,,,110.0,74.0,,137.0,,157.0,1100.0,,19.0,56.0,,,,,,,,,146.0,8651.0,0.0,,0.0,,1.0,15700.4,,,,,,,,,,,,,,,,16542609.0,,,,,,,,,,0.0,1.301,3915.0,,,,14322.0,,,,,,,,,,,,,,,,,media/c805c25e-93b3-40a1-8ce5-2a78623013fd.jpg|media/ba333e12-4e4d-46ab-90d1-30ef33b73319.jpg
10780589048,"Feb 17, 2024, 12:17:06 PM",Afternoon Trail Run,Run,"",9569,30.02,189.0,234,,,Salomon Pulsar trail GREy,activities/11526342805.fit.gz,,,9569.0,9469.0,30028.0,4.8,3.171,748.0,751.0,203.8,374.6,40.0,0.0,,,99.0,89.0,,157.0,,237.0,1985.0,,18.0,234.0,,,,,,,,,237.0,9569.0,0.0,,0.0,,1.0,32827.3,,,,,,,,,,,,,,,,16542609.0,,,,,,,,,,0.0,3.138,26718.0,,,,28044.0,,,,,,,,,,,,,,,,,""
10922070716,"Feb 16, 2024, 5:38:39 PM",Evening Trail Run,Run,,4653,1.39,93.0,0,,,,activities/11678656570.fit.gz,,,4653.0,719.0,1393.0,5.6,1.937,0.0,3.0,214.4,228.6,20.0,-0.7,,,78.0,35.0,,70.0,,80.0,222.0,,30.0,0.0,,,,,,,,,67.0,4652.0,,,0.0,,1.0,1388.7,,,,,,,,,,,,,,,,,,,,,,,,,,0.0,0.299,0.0,,,,188.0,,,,,,,,,,,,,,,,,""
10774081673,"Feb 16, 2024, 2:53:18 PM",Afternoon Trail Run,Run,"",5942,18.97,185.0,118,,,Salomon Pulsar trail GREy,activities/11519640899.fit.gz,,,5942.0,5895.0,18971.0,5.4,3.218,339.0,336.0,206.2,372.6,49.1,0.0,,,118.0,89.0,,155.0,,250.0,1189.0,,15.0,118.0,,,,,,,,,256.0,5944.0,0.0,,0.0,,1.0,21118.0,,,,,,,,,,,,,,,,16542609.0,,,,,,,,,,0.0,3.193,17000.0,,,,16884.0,,,,,,,,,,,,,,,,,""
10767803968,"Feb 15, 2024, 4:09:30 PM",Evening Ride,Ride,"",3223,0,164.0,14,,,CYCL⚙️PATH  ,activities/11513182780.fit.gz,,16.0,3223.0,3223.0,0.0,0.0,0.0,0.0,0.0,209.6,214.8,0.0,0.0,,,,,,111.0,,,414.0,,25.0,14.0,,,,,,,,,,,0.0,,0.0,,1.0,,,,,,,,,,,,,,,,11507033.0,,,,,,,,,,,0.0,0.0,0.0,,,,,,,,,,,,,,,,,,,,,""
10761180535,"Feb 14, 2024, 2:56:20 PM",Afternoon Trail Run,Run,"",4958,10.38,199.0,115,,,,activities/11506376120.fit.gz,,,4958.0,4871.0,10384.0,4.7,2.132,1004.0,964.0,192.4,452.0,49.1,0.4,,,116.0,86.0,,158.0,,200.0,1044.0,,15.0,115.0,,,,,,,,,211.0,4958.0,0.0,,0.0,,1.0,17737.5,,,,,,,,,,,,,,,,15000735.0,,,,,,,,,,0.0,2.094,1050.0,,,,14002.0,,,,,,,,,,,,,,,,,""
10754341602,"Feb 13, 2024, 2:45:02 PM",Afternoon Trail Run,Run,"",4618,15.95,210.0,171,,,,activities/11499331693.fit.gz,,,4618.0,4594.0,15953.0,6.6,3.473,344.0,346.0,177.4,456.2,48.6,0.0,,,148.0,91.0,,170.0,,259.0,1106.0,,17.0,171.0,,,,,,,,,271.0,4619.0,0.0,,0.0,,1.0,17096.7,,,,,,,,,,,,,,,,15495962.0,,,,,,,,,,0.0,3.455,13875.0,,,,13956.0,,,,,,,,,,,,,,,,,""
10738885064,"Feb 11, 2024, 7:36:44 AM",Morning Trail Run,Run,"",7535,21.25,202.0,245,,,,activities/11483407314.fit.gz,,,7535.0,7254.0,21257.0,4.4,2.93,498.0,463.0,211.2,373.0,42.2,0.2,,,97.0,86.0,,165.0,,217.0,1733.0,,19.0,245.0,,,,,,,,,215.0,7536.0,0.0,,0.0,,1.0,23077.6,,,,,,,,,,,,,,,,15041492.0,,,,,,,,,,0.0,2.821,13742.5,,,,21484.0,,,,,,,,,,,,,,,,,""
10734528443,"Feb 10, 2024, 10:41:39 AM",Lunch Trail Run,Run,"",6165,8.44,184.0,46,,,,activities/11478885433.fit.gz,,,6165.0,5444.0,8441.0,3.4,1.551,1070.0,1048.0,488.0,1051.6,49.2,0.3,,,122.0,73.0,,132.0,,153.0,892.0,,22.0,46.0,,,,,,,,,171.0,6166.0,0.0,,0.0,,1.0,17101.8,,,,,,,,,,,,,,,,15000735.0,,,,,,,,,,0.0,1.369,8441.0,,,,13804.0,,,,,,,,,,,,,,,,,""
10728248008,"Feb 9, 2024, 2:49:13 PM",Afternoon Trail Run,Run,"",6566,18.81,200.0,219,,,,activities/11472414778.fit.gz,,,6566.0,6328.0,18811.0,5.2,2.973,470.0,474.0,210.8,448.2,48.9,0.0,,,119.0,90.0,,167.0,,232.0,1483.0,,17.0,219.0,,,,,,,,,248.0,6567.0,0.0,,0.0,,1.0,21932.2,,,,,,,,,,,,,,,,15000671.0,,,,,,,,,,0.0,2.865,14196.0,,,,19158.0,,,,,,,,,,,,,,,,,""
10722760825,"Feb 8, 2024, 4:54:25 PM",Evening Ride,Ride,"",4038,0,117.0,9,,,CYCL⚙️PATH  ,activities/11466768156.fit.gz,,16.0,4038.0,4038.0,0.0,0.0,0.0,3.0,3.0,224.8,229.6,0.0,0.0,,,,,,98.0,,,388.0,,28.0,9.0,,,,,,,,,,,0.0,,0.0,,1.0,,,,,,,,,,,,,,,,11507033.0,,,,,,,,,,,0.0,0.0,0.0,,,,,,,,,,,,,,,,,,,,,""
10715541037,"Feb 7, 2024, 2:48:29 PM",Afternoon Trail Run,Run,"",5354,12.49,182.0,77,,,,activities/11459361224.fit.gz,,,5354.0,5082.0,12492.0,4.0,2.458,272.0,270.0,209.6,373.6,45.0,0.0,,,113.0,83.0,,146.0,,180.0,987.0,,18.0,77.0,,,,,,,,,179.0,5355.0,0.0,,0.0,,1.0,13497.1,,,,,,,,,,,,,,,,15041492.0,,,,,,,,,,0.0,2.333,11489.0,,,,14166.0,,,,,,,,,,,,,,,,,""
10922067701,"Feb 7, 2024, 10:20:34 AM",Lunch Trail Run,Run,,46,0.00,72.0,0,,,,activities/11678653651.fit.gz,,,46.0,1.0,8.0,0.6,8.0,0.0,0.0,173.6,174.6,4.0,-7.5,,,,45.0,,53.0,,0.0,1.0,,32.0,0.0,,,,,,,,,9.0,47.0,,,0.0,,1.0,9.4,,,,,,,,,,,,,,,,,,,,,,,,,,0.0,0.174,0.0,,,,6.0,,,,,,,,,,,,,,,,,""
10708504005,"Feb 6, 2024, 2:16:27 PM",Afternoon Trail Run,Run,"",7040,20.18,210.0,181,,,,activities/11452147407.fit.gz,,,7040.0,6636.0,20183.0,6.4,3.041,307.0,304.0,197.8,342.4,49.1,0.1,,,112.0,89.0,,161.0,,233.0,1503.0,,18.0,181.0,,,,,,,,,247.0,7041.0,0.0,,0.0,,1.0,22105.1,,,,,,,,,,,,,,,,15495962.0,,,,,,,,,,0.0,2.867,18623.5,,,,19474.0,,,,,,,,,,,,,,,,,""
10702171153,"Feb 5, 2024, 3:30:52 PM",Afternoon Trail Run,Run,"",3413,7.67,184.0,36,,,,activities/11445645663.fit.gz,,,3413.0,3299.0,7674.0,6.4,2.326,236.0,235.0,182.2,361.6,42.5,0.0,,,96.0,81.0,,140.0,,175.0,613.0,,19.0,36.0,,,,,,,,,177.0,3414.0,0.0,,0.0,,1.0,8666.3,,,,,,,,,,,,,,,,15000735.0,,,,,,,,,,0.0,2.248,4661.0,,,,8978.0,,,,,,,,,,,,,,,,,""
10694143551,"Feb 4, 2024, 8:28:14 AM",Morning Trail Run,Run,"",7995,21.25,193.0,218,,,,activities/11437283087.fit.gz,,,7995.0,7857.0,21252.0,4.0,2.705,426.0,424.0,247.0,373.4,26.0,0.0,,,91.0,85.0,,161.0,,196.0,1699.0,,21.0,218.0,,,,,,,,,195.0,7996.0,0.0,,0.0,,1.0,22335.9,,,,,,,,,,,,,,,,15495962.0,,,,,,,,,,0.0,2.658,15062.0,,,,23174.0,,,,,,,,,,,,,,,,,""
10689009413,"Feb 3, 2024, 1:18:02 PM",Afternoon Trail Run,Run,"",11763,27.33,196.0,234,,,,activities/11431827532.fit.gz,,,11763.0,11427.0,27332.0,4.8,2.392,1502.0,1490.0,192.8,432.0,49.1,0.0,,,130.0,83.0,,152.0,,196.0,1683.0,,16.0,234.0,,,,,,,,,201.0,11764.0,0.0,,0.0,,1.0,36617.2,,,,,,,,,,,,,,,,15041492.0,,,,,,,,,,0.0,2.324,17077.0,,,,31938.0,,,,,,,,,,,,,,,,,""
10682730448,"Feb 2, 2024, 2:46:48 PM",Afternoon Trail Run,Run,"",6005,17.37,200.0,223,,,,activities/11425347369.fit.gz,,,6005.0,5882.0,17375.0,5.4,2.954,455.0,442.0,199.8,451.0,48.6,0.1,,,181.0,88.0,,169.0,,230.0,1154.0,,14.0,223.0,,,,,,,,,248.0,6006.0,0.0,,0.0,,1.0,20543.0,,,,,,,,,,,,,,,,15495962.0,,,,,,,,,,0.0,2.893,12906.0,,,,17372.0,,,,,,,,,,,,,,,,,""
10668433604,"Jan 31, 2024, 3:09:49 PM",Afternoon Trail Run,Run,"",4436,15.31,201.0,147,,,,activities/11410696124.fit.gz,,,4436.0,4433.0,15312.0,6.6,3.454,506.0,487.0,189.2,448.2,44.0,0.1,,,103.0,91.0,,164.0,,260.0,816.0,,12.0,147.0,,,,,,,,,263.0,4437.0,0.0,,0.0,,1.0,17329.9,,,,,,,,,,,,,,,,15000735.0,,,,,,,,,,0.0,3.452,13475.0,,,,13786.0,,,,,,,,,,,,,,,,,""
10661469598,"Jan 30, 2024, 3:35:49 PM",Afternoon Ride,Ride,5 x 3Min @ Avg 136 (Max 154) bpm / 1Min Avg 134 bpm;5 x 3Min @ Avg 147 (Max 161) bpm / 1Min Avg 141 bpm;,4503,0,163.0,31,,,CYCL⚙️PATH  ,activities/11403553650.fit.gz,,16.0,4503.0,4503.0,0.0,0.0,0.0,3.0,0.0,203.4,208.0,0.0,0.0,,,,,,120.0,,,495.0,,25.0,31.0,,,,,,,,,,,0.0,,0.0,,1.0,,,,,,,,,,,,,,,,11507033.0,,,,,,,,,,,0.0,0.0,0.0,,,,,,,,,,,,,,,,,,,,,""
10654811183,"Jan 29, 2024, 4:39:17 PM",Evening Ride,Ride,"",3601,0,161.0,13,,,CYCL⚙️PATH  ,activities/11396727893.fit.gz,,16.0,3601.0,3601.0,0.0,0.0,0.0,0.0,0.0,219.6,219.6,0.0,0.0,,,,,,113.0,,,365.0,,25.0,13.0,,,,,,,,,,,0.0,,0.0,,1.0,,,,,,,,,,,,,,,,11507033.0,,,,,,,,,,,0.0,0.0,0.0,,,,,,,,,,,,,,,,,,,,,""
10648489575,"Jan 28, 2024, 1:57:17 PM",Afternoon Trail Run,Run,"",7843,15.17,185.0,81,,,,activities/11390202324.fit.gz,,,7843.0,7561.0,15178.0,5.4,2.007,1059.0,996.0,190.0,453.0,49.1,0.1,,,114.0,81.0,,142.0,,187.0,1048.0,,15.0,81.0,,,,,,,,,187.0,7748.0,0.0,,0.0,,1.0,22344.8,,,,,,,,,,,,,,,,15495962.0,,,,,,,,,,0.0,1.935,6305.0,,,,19594.0,,,,,,,,,,,,,,,,,""
10639355021,"Jan 27, 2024, 9:26:46 AM",Lunch Trail Run,Run,"",10511,22.45,,,,,,activities/11380536248.fit.gz,,,10511.0,9237.0,22454.0,4.8,2.431,984.3,887.0,492.1,1153.1,49.4,0.0,,,110.0,82.0,,,,,1552.0,,,,,,,,,,,,,,0.0,,0.0,,1.0,27615.2,,,,,,,,,,,,,,,,15000671.0,,,,,,,,,,0.0,2.136,19293.0,,,,25386.0,,,,,,,,,,,,,,,,,""
10633674799,"Jan 26, 2024, 2:38:15 PM",Afternoon Trail Run,Run,"",3531,10.79,,,,,,activities/11374645376.fit.gz,,,3531.0,3489.0,10796.0,6.2,3.094,451.3,401.0,208.8,437.6,48.6,0.0,,,174.0,89.0,,,,,752.0,,,,,,,,,,,,,,0.0,,0.0,,1.0,13073.9,,,,,,,,,,,,,,,,15000735.0,,,,,,,,,,0.0,3.057,7503.0,,,,10268.0,,,,,,,,,,,,,,,,,""
10627669799,"Jan 25, 2024, 4:00:48 PM",Evening Ride,Ride,"",2701,0,,,,,CYCL⚙️PATH  ,activities/11368495025.fit.gz,,16.0,2701.0,2701.0,0.0,0.0,0.0,0.0,0.0,208.2,208.2,0.0,0.0,,,,57.0,,,,,136.0,,,,,,,,,,,,,,0.0,,0.0,,1.0,,,,,,,,,,,,,,,,11507033.0,,,,,,,,,,,0.0,0.0,0.0,,,,,,,,,,,,,,,,,,,,,""
10627669848,"Jan 25, 2024, 3:12:56 PM",Afternoon Run,Run,"",2872,6.28,,,,,,activities/11368494874.fit.gz,,,2872.0,2574.0,6288.0,4.2,2.443,96.6,81.0,180.5,239.4,20.0,0.0,,,92.0,85.0,,,,,519.0,,,,,,,,,,,,,,0.0,,0.0,,1.0,6577.9,,,,,,,,,,,,,,,,15041492.0,,,,,,,,,,0.0,2.189,4224.0,,,,,,,,,,,,,,,,,,,,,""
10621139942,"Jan 24, 2024, 3:12:12 PM",Afternoon Trail Run,Run,"",5026,15.64,,,,,,activities/11361807742.fit.gz,,,5026.0,5004.0,15648.0,4.8,3.127,416.3,362.0,154.3,370.9,43.3,0.0,,,99.0,88.0,,,,,1136.0,,,,,,,,,,,,,,0.0,,0.0,,1.0,16835.6,,,,,,,,,,,,,,,,15495962.0,,,,,,,,,,0.0,3.113,10047.0,,,,14882.0,,,,,,,,,,,,,,,,,""
10614373351,"Jan 23, 2024, 3:09:11 PM",Afternoon Trail Run,Run,"",4311,11.09,,,,,,activities/11354890905.fit.gz,,,4311.0,4134.0,11096.0,6.2,2.684,312.9,232.0,213.3,408.3,48.6,0.2,,,134.0,88.0,,,,,767.0,,,,,,,,,,,,,,0.0,,0.0,,1.0,13019.7,,,,,,,,,,,,,,,,15000671.0,,,,,,,,,,0.0,2.574,10737.0,,,,12060.0,,,,,,,,,,,,,,,,,""
10608634700,"Jan 22, 2024, 4:16:26 PM",Evening Ride,Ride,"",4640,0,113.0,7,,,CYCL⚙️PATH  ,activities/11349008405.fit.gz,,16.0,4640.0,4640.0,0.0,0.0,0.0,0.0,0.0,304.0,304.0,0.0,0.0,,,,,,83.0,,,298.0,,,7.0,,,,,,,,,,,0.0,,0.0,,1.0,,,,,,,,,,,,,,,,11507033.0,,,,,,,,,,,0.0,0.0,0.0,,,,,,,,,,,,,,,,,,,,,""
10602190803,"Jan 21, 2024, 7:37:03 AM",Morning Trail Run,Run,Trail Luna Park 🎢,12975,24.60,,,,,,activities/11342374785.fit.gz,,,12975.0,11012.0,24599.0,8.4,2.234,1551.2,1367.0,165.6,890.0,49.1,0.0,,,119.0,80.0,,,,,1707.0,,,,,,,,,,,,,,0.0,,0.0,,1.0,34773.2,,,,,,,,,,,,,,,,15495962.0,,,,,,,,,,0.0,1.896,6227.0,,,,30096.0,,,,,,,,,,,,,,,,,media/b65d66c8-c43b-4ef6-9015-3292f611beca.jpg|media/5c31ce1e-945f-4b35-8f68-bf5034f425fe.jpg|media/df91bf1f-6126-41dd-a524-49c77c590b52.jpg
10593547655,"Jan 20, 2024, 10:17:13 AM",Lunch Trail Run,Run,"",4504,8.24,,,,,,activities/11333434192.fit.gz,,,4504.0,4020.0,8242.0,5.8,2.05,721.0,679.0,493.6,1058.0,49.1,-0.1,,,116.0,82.0,,,,,541.0,,,,,,,,,,,,,,0.0,,0.0,,1.0,13821.5,,,,,,,,,,,,,,,,15000671.0,,,,,,,,,,0.0,1.83,7867.0,,,,11644.0,,,,,,,,,,,,,,,,,""
10588977959,"Jan 19, 2024, 2:43:16 PM",Afternoon Trail Run,Run,"",3964,11.78,,,,,,activities/11328734813.fit.gz,,,3964.0,3757.0,11786.0,6.6,3.137,207.0,196.0,239.8,441.6,47.5,0.0,,,110.0,90.0,,,,,836.0,,,,,,,,,,,,,,0.0,,0.0,,1.0,13040.0,,,,,,,,,,,,,,,,15495962.0,,,,,,,,,,0.0,2.973,9869.0,,,,11356.0,,,,,,,,,,,,,,,,,""
10584722090,"Jan 18, 2024, 3:03:41 PM",Afternoon Trail Run,Run,"",2748,5.47,,,,,,activities/11324334904.fit.gz,,,2748.0,2359.0,5476.0,4.6,2.321,392.1,345.0,212.0,451.2,48.0,0.5,,,121.0,86.0,,,,,393.0,,,,,,,,,,,,,,0.0,,0.0,,1.0,7998.7,,,,,,,,,,,,,,,,15000671.0,,,,,,,,,,0.0,1.993,1880.0,,,,6734.0,,,,,,,,,,,,,,,,,""
10577009020,"Jan 17, 2024, 2:12:55 PM",Afternoon Trail Run,Run,"",6644,17.60,,,,,,activities/10577009020.fit,,,6644.0,6576.0,17599.8,4.217,2.676,361.0,363.0,206.0,367.8,28.2,0.0,,,,,,,,,1622.0,,21.0,,,,,,,,,,,,0.0,,0.0,,1.0,18598.2,,,,,,,,,,,,,,,,15495962.0,,,,,,,,,,0.0,2.649,16615.5,,,,,,,,,,,,,,,,,,,,,""
10570549059,"Jan 16, 2024, 3:51:20 PM",Afternoon Trail Run,Run,"",3975,10.46,,,,,,activities/11309679304.fit.gz,,,3975.0,3790.0,10460.0,5.2,2.76,286.4,213.0,195.0,241.3,33.3,0.0,,,100.0,86.0,,,,,775.0,,,,,,,,,,,,,,0.0,,0.0,,1.0,11317.5,,,,,,,,,,,,,,,,15041492.0,,,,,,,,,,0.0,2.631,3694.0,,,,10950.0,,,,,,,,,,,,,,,,,""
10557622250,"Jan 14, 2024, 12:57:39 PM",Afternoon Trail Run,Run,"",6026,22.03,,,,,,activities/11296240743.fit.gz,,,6026.0,5957.0,22034.0,11.0,3.699,711.0,699.0,272.0,985.4,48.6,0.0,,,98.0,93.0,,,,,1623.0,,,,,,,,,,,,,,0.0,,0.0,,1.0,23759.0,,,,,,,,,,,,,,,,15495962.0,,,,,,,,,,0.0,3.656,277.0,,,,19038.0,,,,,,,,,,,,,,,,,""
10550091300,"Jan 13, 2024, 10:21:52 AM",Lunch Trail Run,Run,"",9118,11.85,,,,,,activities/11288391635.fit.gz,,,9118.0,7218.0,11849.0,3.8,1.642,1106.2,1073.0,492.4,1072.4,49.4,0.0,,,122.0,78.0,,,,,731.0,,,,,,,,,,,,,,0.0,,0.0,,1.0,20792.8,,,,,,,,,,,,,,,,15000735.0,,,,,,,,,,0.0,1.3,11733.0,,,,21110.0,,,,,,,,,,,,,,,,,media/ef6178f4-a4ed-4c27-a130-60432329b90c.jpg
10544571607,"Jan 12, 2024, 4:04:09 PM",Evening Trail Run,Run,"",2579,8.31,,,,,,activities/11282644251.fit.gz,,,2579.0,2544.0,8311.0,5.4,3.267,14.0,27.0,203.0,220.2,20.0,0.0,,,102.0,92.0,,,,,610.0,,,,,,,,,,,,,,0.0,,0.0,,1.0,8407.2,,,,,,,,,,,,,,,,15000671.0,,,,,,,,,,0.0,3.223,7739.0,,,,7878.0,,,,,,,,,,,,,,,,,""
10532313478,"Jan 10, 2024, 3:37:13 PM",Afternoon Trail Run,Run,"",7900,19.01,,,,,,activities/11269530223.fit.gz,,,7900.0,7741.0,19015.0,4.6,2.456,869.6,700.0,208.8,403.7,45.7,0.0,,,120.0,84.0,,,,,1308.0,,,,,,,,,,,,,,0.0,,0.0,,1.0,23658.4,,,,,,,,,,,,,,,,15041492.0,,,,,,,,,,0.0,2.407,12073.0,,,,21650.0,,,,,,,,,,,,,,,,,""
10526422082,"Jan 9, 2024, 4:08:01 PM",Evening Run,Run,"",4443,13.46,,,,,,activities/10526422082.fit,,,4443.0,4105.0,13464.5,6.477,3.28,73.0,83.0,242.4,252.8,31.8,0.0,,,,,,,,,1186.0,,10.0,,,,,,,,,,,,0.0,,0.0,,1.0,13591.3,,,,,,,,,,,,,,,,15495962.0,,,,,,,,,,0.0,3.031,1763.9,,,,,,,,,,,,,,,,,,,,,""
10504539216,"Jan 6, 2024, 9:08:45 AM",Lunch Trail Run,Run,"",8564,12.43,,,,,,activities/10504539216.fit,,,8564.0,7682.0,12433.8,3.976,1.619,1029.0,1018.0,489.2,1153.2,50.0,0.1,,,,,,,,,1661.0,,17.0,,,,,,,,,,,,0.0,,0.0,,1.0,19042.3,,,,,,,,,,,,,,,,15495962.0,,,,,,,,,,0.0,1.452,12390.1,,,,,,,,,,,,,,,,,,,,,""
10468035135,"Dec 31, 2023, 9:04:36 AM",Lunch Trail Run,Run,"",9964,10.14,,,,,,activities/10468035135.fit,,,9964.0,6803.0,10147.7,4.118,1.492,1020.0,1009.0,731.4,1739.8,49.7,0.1,,,,,,,,,1528.0,,20.0,,,,,,,,,,,,0.0,,0.0,,1.0,17511.8,,,,,,,,,,,,,,,,15000735.0,,,,,,,,,,0.0,1.018,6888.4,,,,,,,,,,,,,,,,,,,,,media/8f5f1c3c-e725-49af-9d2a-ba55811fb0d6.jpg|media/e8743e4a-04f6-4e0b-90d6-db5ac46cd3ec.jpg|media/662c2114-5941-45c7-ad62-295153d1c787.jpg
10462384126,"Dec 30, 2023, 9:32:43 AM",Lunch Trail Run,Run,"",10437,18.22,,,,,,activities/10462384126.fit,,,10437.0,9677.0,18228.7,4.898,1.884,1108.0,1110.0,232.4,762.4,49.8,0.0,,,,,,,,,2153.0,,20.0,,,,,,,,,,,,0.0,,0.0,,1.0,24679.1,,,,,,,,,,,,,,,,15041492.0,,,,,,,,,,0.0,1.747,14438.0,,,,,,,,,,,,,,,,,,,,,media/5535a62f-a604-4c7c-a0ab-b8b491976b53.jpg|media/613fce22-df64-4e21-ab07-d2a988e22910.jpg
10434919950,"Dec 25, 2023, 12:38:06 PM",Afternoon Ride,Ride,Δεντράκι με ΜΠΑΛΕΣ 🎄,9482,71.81,,,,,CYCL⚙️PATH  ,activities/11168008049.fit.gz,,16.0,9482.0,9014.0,71809.0,13.8,7.966,411.6,316.0,2.6,216.0,29.1,0.0,,,,,,,,316.0,174.0,,,,,,,,,,,,,,0.0,,0.0,,1.0,,,,,,,,,,,,,,,,11507033.0,,,,,,,,,,,0.0,7.573,46.0,,,,,,,,,,,,,,,,,,,,,media/597d00f6-e46b-470d-b3e5-03351bdc7e3d.jpg
10424173637,"Dec 20, 2023, 2:30:10 PM",Afternoon Trail Run,Run,"",4270,9.38,,,,,,activities/10424173637.fit,,,4270.0,4187.0,9387.7,5.43,2.242,422.0,431.0,208.6,451.2,43.7,-0.1,,,,,,,,,1001.0,,20.0,,,,,,,,,,,,0.0,,0.0,,1.0,11471.2,,,,,,,,,,,,,,,,15000671.0,,,,,,,,,,0.0,2.199,5749.7,,,,,,,,,,,,,,,,,,,,,""
10395140845,"Dec 17, 2023, 11:17:53 AM",Afternoon Trail Run,Run,"",6916,14.10,,,,,,activities/10395140845.fit,,,6916.0,5787.0,14103.6,5.095,2.437,453.0,468.0,211.2,452.4,49.8,-0.1,,,,,,,,,1413.0,,15.0,,,,,,,,,,,,0.0,,0.0,,1.0,16195.2,,,,,,,,,,,,,,,,15000671.0,,,,,,,,,,0.0,2.039,12256.5,,,,,,,,,,,,,,,,,,,,,""
10390088709,"Dec 16, 2023, 3:44:14 PM",Afternoon Workout,Workout,"",3063,0,145.0,9,,,,activities/11121640173.fit.gz,,,3063.0,3063.0,0.0,0.0,0.0,0.0,0.0,218.8,218.8,0.0,0.0,,,,,,111.0,,,366.0,,,9.0,,,,,,,,,,,0.0,,0.0,,1.0,,,,,,,,,,,,,,,,,,,,,,,,,,,0.0,0.0,0.0,,,,,,,,,,,,,,,,,,,,,""
10389798288,"Dec 16, 2023, 2:50:45 PM",Afternoon Trail Run,Run,"",2836,7.49,,,,,,activities/11121315939.fit.gz,,,2836.0,2747.0,7492.0,4.4,2.727,242.8,316.0,207.2,451.2,37.8,-0.1,,,91.0,86.0,,,,,543.0,,,,,,,,,,,,,,0.0,,0.0,,1.0,8320.8,,,,,,,,,,,,,,,,15000735.0,,,,,,,,,,0.0,2.642,6062.0,,,,7820.0,,,,,,,,,,,,,,,,,""
10357356735,"Dec 10, 2023, 7:00:59 AM",Morning Trail Run,Run,"",9689,22.87,,,,,,activities/11087444892.fit.gz,,,9689.0,9234.0,22878.0,7.2,2.478,1616.5,1456.0,283.4,1007.6,49.8,0.0,,,123.0,85.0,,,,,1578.0,,,,,,,,,,,,,,0.0,,0.0,,1.0,32748.3,,,,,,,,,,,,,,,,15495962.0,,,,,,,,,,0.0,2.361,13699.0,,,,26990.0,,,,,,,,,,,,,,,,,""
10352771137,"Dec 9, 2023, 8:32:12 AM",Morning Trail Run,Run,"",2092,2.94,,,,,,activities/11082657984.fit.gz,,,2092.0,1529.0,2946.0,6.8,1.927,169.1,150.0,339.0,500.9,47.5,0.0,,,110.0,77.0,,,,,208.0,,,,,,,,,,,,,,0.0,,0.0,,1.0,3687.4,,,,,,,,,,,,,,,,15495962.0,,,,,,,,,,0.0,1.408,1982.0,,,,4330.0,,,,,,,,,,,,,,,,,""
10343368930,"Dec 7, 2023, 2:34:28 PM",Afternoon Trail Run,Run,"",2728,7.17,,,,,,activities/11072887273.fit.gz,,,2728.0,2709.0,7175.0,6.2,2.649,297.0,222.0,171.2,457.0,47.3,0.9,,,119.0,85.0,,,,,499.0,,,,,,,,,,,,,,0.0,,0.0,,1.0,8331.3,,,,,,,,,,,,,,,,15000671.0,,,,,,,,,,0.0,2.63,5439.0,,,,7576.0,,,,,,,,,,,,,,,,,""
10338478265,"Dec 6, 2023, 1:58:19 PM",Afternoon Trail Run,Run,"",5174,12.77,,,,,,activities/11067825836.fit.gz,,,5174.0,5024.0,12773.0,4.4,2.542,469.8,440.0,213.2,451.4,49.1,0.0,,,109.0,84.0,,,,,911.0,,,,,,,,,,,,,,0.0,,0.0,,1.0,14956.9,,,,,,,,,,,,,,,,15000735.0,,,,,,,,,,0.0,2.469,10097.0,,,,14096.0,,,,,,,,,,,,,,,,,""
10332287006,"Dec 5, 2023, 1:16:14 PM",Afternoon Trail Run,Run,"",2894,10.15,,,,,,activities/11061417965.fit.gz,,,2894.0,2705.0,10156.0,6.2,3.755,0.0,0.0,239.4,251.6,26.7,0.0,,,120.0,92.0,,,,,748.0,,,,,,,,,,,,,,0.0,,0.0,,1.0,10242.3,,,,,,,,,,,,,,,,15000671.0,,,,,,,,,,0.0,3.509,10134.0,,,,8448.0,,,,,,,,,,,,,,,,,""
10327725493,"Dec 4, 2023, 4:42:16 PM",Evening Ride,Ride,"",2135,0,113.0,3,,,CYCL⚙️PATH  ,activities/11056667584.fit.gz,,16.0,2135.0,2135.0,0.0,0.0,0.0,0.0,0.0,403.0,403.0,0.0,0.0,,,,,,86.0,,,160.0,,,3.0,,,,,,,,,,,0.0,,0.0,,1.0,,,,,,,,,,,,,,,,11507033.0,,,,,,,,,,,0.0,0.0,0.0,,,,,,,,,,,,,,,,,,,,,""
10321435829,"Dec 3, 2023, 8:57:33 AM",Morning Trail Run,Run,"",6649,13.92,,,,,,activities/10321435829.fit,,,6649.0,6149.0,13926.8,6.75,2.265,874.0,857.0,492.4,1155.2,49.7,0.1,,,,,,,,,1684.0,,18.0,,,,,,,,,,,,0.0,,0.0,,1.0,19300.1,,,,,,,,,,,,,,,,15495962.0,,,,,,,,,,0.0,2.095,13929.4,,,,,,,,,,,,,,,,,,,,,""
10316480806,"Dec 2, 2023, 11:31:38 AM",Afternoon Trail Run,Run,"",6330,10.88,,,,,,activities/11044934228.fit.gz,,,6330.0,5653.0,10885.0,4.4,1.926,787.2,740.0,493.2,1064.7,49.1,0.0,,,111.0,80.0,,,,,691.0,,,,,,,,,,,,,,0.0,,0.0,,1.0,16664.9,,,,,,,,,,,,,,,,15000735.0,,,,,,,,,,0.0,1.72,8348.0,,,,16064.0,,,,,,,,,,,,,,,,,""
10312076483,"Dec 1, 2023, 3:46:07 PM",Afternoon Run,Run,"",3447,12.13,,,,,,activities/11040367172.fit.gz,,,3447.0,3319.0,12135.0,5.6,3.656,0.0,0.0,237.4,251.2,16.4,0.0,,,94.0,89.0,,,,,878.0,,,,,,,,,,,,,,0.0,,0.0,,1.0,12250.1,,,,,,,,,,,,,,,,15000671.0,,,,,,,,,,0.0,3.52,11929.0,,,,10028.0,,,,,,,,,,,,,,,,,""
10306912778,"Nov 30, 2023, 3:17:34 PM",Afternoon Trail Run,Run,"",4503,12.27,,,,,,activities/11035024203.fit.gz,,,4503.0,4379.0,12278.0,5.0,2.804,636.4,562.0,198.0,437.7,48.9,0.1,,,87.0,83.0,,,,,857.0,,,,,,,,,,,,,,0.0,,0.0,,1.0,15275.5,,,,,,,,,,,,,,,,15041492.0,,,,,,,,,,0.0,2.727,7580.0,,,,12162.0,,,,,,,,,,,,,,,,,""
10301405566,"Nov 29, 2023, 2:04:33 PM",Afternoon Run,Run,"",5209,16.35,,,,,,activities/11029323111.fit.gz,,,5209.0,4793.0,16349.0,7.2,3.411,36.0,13.0,233.0,256.8,41.8,0.1,,,152.0,89.0,,,,,1150.0,,,,,,,,,,,,,,0.0,,0.0,,1.0,16675.4,,,,,,,,,,,,,,,,15000671.0,,,,,,,,,,0.0,3.139,16349.0,,,,14052.0,,,,,,,,,,,,,,,,,""
10296510238,"Nov 28, 2023, 4:27:45 PM",Evening Ride,Ride,8 x 5Min @ Avg 149 (Max 164) bpm / 1Min 30s Avg 143 bpm;,4831,0,172.0,52,,,CYCL⚙️PATH  ,activities/11024258868.fit.gz,,16.0,4831.0,4831.0,0.0,0.0,0.0,0.0,0.0,228.6,228.6,0.0,0.0,,,,,,127.0,,,794.0,,,52.0,,,,,,,,,,,0.0,,0.0,,1.0,,,,,,,,,,,,,,,,11507033.0,,,,,,,,,,,0.0,0.0,0.0,,,,,,,,,,,,,,,,,,,,,""
10285732905,"Nov 26, 2023, 9:50:00 AM",Lunch Trail Run,Run,"",13562,21.46,,,,,,activities/11013061136.fit.gz,,,13562.0,11608.0,21463.0,5.4,1.849,1830.8,1745.0,494.0,1338.7,49.1,0.0,,,129.0,77.0,,,,,1394.0,,,,,,,,,,,,,,0.0,,0.0,,1.0,35023.4,,,,,,,,,,,,,,,,15000671.0,,,,,,,,,,0.0,1.583,19995.0,,,,31530.0,,,,,,,,,,,,,,,,,""
10279142794,"Nov 25, 2023, 12:57:28 PM",Afternoon Trail Run,Run,"",4711,10.85,,,,,,activities/11006218196.fit.gz,,,4711.0,4556.0,10857.0,4.0,2.383,437.4,385.0,183.3,437.5,48.9,-0.1,,,102.0,83.0,,,,,768.0,,,,,,,,,,,,,,0.0,,0.0,,1.0,13067.2,,,,,,,,,,,,,,,,15000671.0,,,,,,,,,,0.0,2.305,7388.0,,,,12362.0,,,,,,,,,,,,,,,,,""
10274474780,"Nov 24, 2023, 3:20:40 PM",Afternoon Trail Run,Run,"",4813,14.21,,,,,,activities/11001369950.fit.gz,,,4813.0,4647.0,14215.0,5.2,3.059,17.0,22.0,238.2,253.8,40.0,-0.1,,,101.0,89.0,,,,,1010.0,,,,,,,,,,,,,,0.0,,0.0,,1.0,14420.5,,,,,,,,,,,,,,,,15495962.0,,,,,,,,,,0.0,2.953,14192.0,,,,13508.0,,,,,,,,,,,,,,,,,""
10268932678,"Nov 23, 2023, 2:35:53 PM",Afternoon Trail Run,Run,"",4648,14.15,,,,,,activities/10995569901.fit.gz,,,4648.0,4598.0,14155.0,6.4,3.079,515.1,460.0,189.0,451.3,49.1,-0.1,,,138.0,87.0,,,,,995.0,,,,,,,,,,,,,,0.0,,0.0,,1.0,16580.4,,,,,,,,,,,,,,,,15495962.0,,,,,,,,,,0.0,3.045,10672.0,,,,12862.0,,,,,,,,,,,,,,,,,""
10263610489,"Nov 22, 2023, 4:20:13 PM",Evening Trail Run,Run,"",3369,8.24,,,,,,activities/10990053833.fit.gz,,,3369.0,3322.0,8245.0,4.4,2.482,254.6,252.0,206.4,451.4,37.1,0.0,,,87.0,83.0,,,,,600.0,,,,,,,,,,,,,,0.0,,0.0,,1.0,9042.9,,,,,,,,,,,,,,,,15000735.0,,,,,,,,,,0.0,2.447,7004.0,,,,9246.0,,,,,,,,,,,,,,,,,""
10257968085,"Nov 21, 2023, 4:22:55 PM",Evening Trail Run,Run,"",4694,14.76,,,,,,activities/10984214889.fit.gz,,,4694.0,4564.0,14761.0,7.4,3.234,554.2,396.0,178.3,257.9,49.1,0.0,,,113.0,90.0,,,,,1065.0,,,,,,,,,,,,,,0.0,,0.0,,1.0,16454.9,,,,,,,,,,,,,,,,15495962.0,,,,,,,,,,0.0,3.145,1183.5,,,,13584.0,,,,,,,,,,,,,,,,,""
10252853775,"Nov 20, 2023, 5:57:43 PM",Evening Weight Training,Weight Training,"",3149,0,135.0,5,,,,activities/10978887274.fit.gz,,,3149.0,3149.0,0.0,0.0,0.0,0.0,0.0,508.0,508.0,0.0,0.0,,,,,,87.0,,,203.0,,,5.0,,,,,,,,,,,0.0,,0.0,,1.0,,,,,,,,,,,,,,,,,,,,,,,,,,,0.0,0.0,0.0,,,,,,,,,,,,,,,,,,,,,""
10252853762,"Nov 20, 2023, 5:17:18 PM",Evening Ride,Ride,"",2415,0,134.0,4,,,CYCL⚙️PATH  ,activities/10978887156.fit.gz,,16.0,2415.0,2415.0,0.0,0.0,0.0,0.0,0.0,508.0,508.0,0.0,0.0,,,,,,90.0,,,199.0,,,4.0,,,,,,,,,,,0.0,,0.0,,1.0,,,,,,,,,,,,,,,,11507033.0,,,,,,,,,,,0.0,0.0,0.0,,,,,,,,,,,,,,,,,,,,,""
10245189093,"Nov 19, 2023, 8:59:21 AM",Morning Trail Run,Run,"",11208,20.37,,,,,,activities/10970878697.fit.gz,,,11208.0,10078.0,20374.0,6.0,2.022,1180.6,1044.0,498.7,1338.6,49.2,0.0,,,112.0,78.0,,,,,1342.0,,,,,,,,,,,,,,0.0,,0.0,,1.0,28196.9,,,,,,,,,,,,,,,,15041492.0,,,,,,,,,,0.0,1.818,18949.0,,,,26588.0,,,,,,,,,,,,,,,,,""
10238906575,"Nov 18, 2023, 9:47:42 AM",Lunch Trail Run,Run,"",4980,17.19,,,,,,activities/10964350397.fit.gz,,,4980.0,4928.0,17192.0,6.0,3.489,0.0,0.0,233.8,251.0,40.0,0.0,,,118.0,94.0,,,,,1245.0,,,,,,,,,,,,,,0.0,,0.0,,1.0,17377.5,,,,,,,,,,,,,,,,15495962.0,,,,,,,,,,0.0,3.452,17136.0,,,,15068.0,,,,,,,,,,,,,,,,,""
10228922805,"Nov 16, 2023, 1:33:38 PM",Afternoon Trail Run,Run,"",4899,11.83,,,,,,activities/10953989768.fit.gz,,,4899.0,4746.0,11836.0,6.2,2.494,777.8,710.0,498.6,1134.2,49.2,0.0,,,114.0,86.0,,,,,806.0,,,,,,,,,,,,,,0.0,,0.0,,1.0,17010.5,,,,,,,,,,,,,,,,15000671.0,,,,,,,,,,0.0,2.416,11836.0,,,,13912.0,,,,,,,,,,,,,,,,,""
10223855866,"Nov 15, 2023, 3:55:55 PM",Afternoon Trail Run,Run,"",3248,11.28,,,,,,activities/10948691626.fit.gz,,,3248.0,3208.0,11281.0,6.8,3.517,251.1,226.0,202.8,370.8,28.9,-0.1,,,100.0,92.0,,,,,814.0,,,,,,,,,,,,,,0.0,,0.0,,1.0,11888.2,,,,,,,,,,,,,,,,15041492.0,,,,,,,,,,0.0,3.473,10011.0,,,,9936.0,,,,,,,,,,,,,,,,,""
10217749602,"Nov 14, 2023, 3:10:34 PM",Afternoon Trail Run,Run,"",6460,16.27,,,,,,activities/10942383046.fit.gz,,,6460.0,6366.0,16273.0,4.2,2.556,802.6,608.0,206.4,437.7,47.5,0.0,,,97.0,84.0,,,,,1124.0,,,,,,,,,,,,,,0.0,,0.0,,1.0,21020.6,,,,,,,,,,,,,,,,15000735.0,,,,,,,,,,0.0,2.519,8157.0,,,,17878.0,,,,,,,,,,,,,,,,,""
10206048076,"Nov 12, 2023, 11:28:02 AM",Afternoon Trail Run,Run,"",8811,15.20,,,,,,activities/10930223436.fit.gz,,,8811.0,8561.0,15206.0,5.8,1.776,1000.8,978.0,272.3,972.7,49.1,0.0,,,107.0,77.0,,,,,990.0,,,,,,,,,,,,,,0.0,,0.0,,1.0,21821.2,,,,,,,,,,,,,,,,15041492.0,,,,,,,,,,0.0,1.726,12053.0,,,,19934.0,,,,,,,,,,,,,,,,,""
10198113691,"Nov 11, 2023, 7:16:23 AM",Morning Trail Run,Run,"",9917,27.32,,,,,,activities/10921981020.fit.gz,,,9917.0,9901.0,27322.0,6.0,2.76,1299.6,1219.0,203.2,451.2,48.9,0.0,,,125.0,88.0,,,,,1907.0,,,,,,,,,,,,,,0.0,,0.0,,1.0,34583.1,,,,,,,,,,,,,,,,15000671.0,,,,,,,,,,0.0,2.755,16976.0,,,,28240.0,,,,,,,,,,,,,,,,,""
10194978134,"Nov 10, 2023, 4:41:12 PM",Evening Ride,Ride,"",3327,0,131.0,6,,,CYCL⚙️PATH  ,activities/10918723765.fit.gz,,16.0,3327.0,3327.0,0.0,0.0,0.0,0.0,0.0,184.0,184.0,0.0,0.0,,,,,,91.0,,,283.0,,,6.0,,,,,,,,,,,0.0,,0.0,,1.0,,,,,,,,,,,,,,,,11507033.0,,,,,,,,,,,0.0,0.0,0.0,,,,,,,,,,,,,,,,,,,,,""
10189643579,"Nov 9, 2023, 5:01:43 PM",Evening Trail Run,Run,"",2969,11.46,,,,,,activities/10913200661.fit.gz,,,2969.0,2937.0,11465.0,5.6,3.904,59.1,9.0,96.0,107.0,7.5,0.0,,,94.0,90.0,,,,,832.0,,,,,,,,,,,,,,0.0,,0.0,,1.0,11521.8,,,,,,,,,,,,,,,,15041492.0,,,,,,,,,,0.0,3.862,12.0,,,,9024.0,,,,,,,,,,,,,,,,,""
10183912850,"Nov 8, 2023, 4:45:10 PM",Evening Trail Run,Run,"",3688,9.05,,,,,,activities/10907281363.fit.gz,,,3688.0,3548.0,9051.0,4.8,2.551,527.0,480.0,194.6,451.2,49.1,0.0,,,112.0,84.0,,,,,640.0,,,,,,,,,,,,,,0.0,,0.0,,1.0,12114.4,,,,,,,,,,,,,,,,15000735.0,,,,,,,,,,0.0,2.454,4434.0,,,,10030.0,,,,,,,,,,,,,,,,,""
10177515770,"Nov 7, 2023, 3:49:38 PM",Afternoon Trail Run,Run,"",4624,13.85,,,,,,activities/10900673263.fit.gz,,,4624.0,4425.0,13853.0,6.2,3.131,290.0,237.0,143.7,370.8,48.6,0.0,,,145.0,88.0,,,,,971.0,,,,,,,,,,,,,,0.0,,0.0,,1.0,14826.9,,,,,,,,,,,,,,,,15000671.0,,,,,,,,,,0.0,2.996,9618.5,,,,13190.0,,,,,,,,,,,,,,,,,""
10171744680,"Nov 6, 2023, 5:02:05 PM",Evening Ride,Ride,"",2103,0,104.0,4,,,CYCL⚙️PATH  ,activities/10894670208.fit.gz,,16.0,2103.0,2103.0,0.0,0.0,0.0,0.0,0.0,0.0,0.0,0.0,0.0,,,,,,90.0,,,176.0,,,4.0,,,,,,,,,,,0.0,,0.0,,1.0,,,,,,,,,,,,,,,,11507033.0,,,,,,,,,,,0.0,0.0,0.0,,,,,,,,,,,,,,,,,,,,,""
10164086007,"Nov 5, 2023, 7:56:43 AM",Morning Trail Run,Run,"",12086,14.94,,,,,,activities/10886611660.fit.gz,,,12086.0,7871.0,14939.0,4.6,1.898,1124.2,1073.0,494.0,1341.6,49.6,0.0,,,167.0,75.0,,,,,1065.0,,,,,,,,,,,,,,0.0,,0.0,,1.0,22619.7,,,,,,,,,,,,,,,,15041492.0,,,,,,,,,,0.0,1.236,13741.0,,,,23088.0,,,,,,,,,,,,,,,,,""
10158151261,"Nov 4, 2023, 8:47:34 AM",Morning Trail Run,Run,"",7385,9.98,,,,,,activities/10880356596.fit.gz,,,7385.0,6152.0,9987.0,4.8,1.623,1317.0,1291.0,496.4,1066.4,49.2,0.3,,,119.0,76.0,,,,,569.0,,,,,,,,,,,,,,0.0,,0.0,,1.0,20028.5,,,,,,,,,,,,,,,,15041492.0,,,,,,,,,,0.0,1.352,9987.0,,,,17758.0,,,,,,,,,,,,,,,,,""
10153823045,"Nov 3, 2023, 2:49:38 PM",Afternoon Trail Run,Run,"",5307,13.17,,,,,,activities/10875814928.fit.gz,,,5307.0,5232.0,13177.0,5.2,2.519,679.1,564.0,183.0,437.7,49.1,0.1,,,116.0,85.0,,,,,937.0,,,,,,,,,,,,,,0.0,,0.0,,1.0,17145.4,,,,,,,,,,,,,,,,15000735.0,,,,,,,,,,0.0,2.483,7519.5,,,,14436.0,,,,,,,,,,,,,,,,,""
10148547678,"Nov 2, 2023, 3:14:42 PM",Afternoon Trail Run,Run,"",4618,10.60,,,,,,activities/10870280227.fit.gz,,,4618.0,4589.0,10604.0,4.6,2.311,647.0,505.0,214.8,367.6,49.4,0.0,,,106.0,83.0,,,,,735.0,,,,,,,,,,,,,,0.0,,0.0,,1.0,14989.8,,,,,,,,,,,,,,,,15041492.0,,,,,,,,,,0.0,2.296,7862.0,,,,11954.0,,,,,,,,,,,,,,,,,""
10142952845,"Nov 1, 2023, 2:20:56 PM",Afternoon Trail Run,Run,"",4696,11.75,,,,,,activities/10864405513.fit.gz,,,4696.0,4561.0,11754.0,6.0,2.577,556.7,441.0,210.3,451.2,48.9,0.0,,,105.0,85.0,,,,,805.0,,,,,,,,,,,,,,0.0,,0.0,,1.0,15188.7,,,,,,,,,,,,,,,,15000735.0,,,,,,,,,,0.0,2.503,7152.0,,,,12988.0,,,,,,,,,,,,,,,,,""
10137350436,"Oct 31, 2023, 4:12:48 PM",Evening Trail Run,Run,"",4036,10.56,,,,,,activities/10858535658.fit.gz,,,4036.0,4029.0,10559.0,4.2,2.621,404.0,320.0,171.8,442.2,47.5,0.7,,,100.0,84.0,,,,,760.0,,,,,,,,,,,,,,0.0,,0.0,,1.0,12027.5,,,,,,,,,,,,,,,,15041492.0,,,,,,,,,,0.0,2.616,8169.0,,,,11194.0,,,,,,,,,,,,,,,,,""
10125066416,"Oct 29, 2023, 9:54:19 AM",Lunch Stand Up Paddling,Stand Up Paddling,"",7460,7.78,,,,,,activities/10845643799.fit.gz,,,7460.0,6212.0,7782.0,4.8,1.253,0.0,0.0,4.6,19.8,27.5,0.0,,,105.0,39.0,,,,,137.0,,,,,,,,,,,,,,0.0,,0.0,,1.0,,,,,,,,,,,,,,,,,,,,,,,,,,,0.0,1.043,1704.0,,,,,,,,,,,,,,,,,,,,,media/5953c15a-5361-4921-8823-18cd9590cc7c.jpg|media/1ac67a98-aca4-4b9a-bc7c-cf7ea52837e9.jpg|media/18edcd36-a804-4141-9e84-058000e1e168.jpg|media/19e58553-dc35-4d27-b99f-6a78e27a0278.jpg
10116717197,"Oct 28, 2023, 5:41:38 AM",Morning Trail Run,Run,"Παρέλαση με TRAILιάριδες!!! 🐢
 ",3621,11.68,,,,,,activities/10836882489.fit.gz,,,3621.0,3573.0,11679.0,6.6,3.269,598.7,565.0,251.8,842.9,48.9,0.0,,,180.0,89.0,,,,,812.0,,,,,,,,,,,,,,0.0,,0.0,,1.0,14893.2,,,,,,,,,,,,,,,,15000671.0,,,,,,,,,,0.0,3.225,11338.0,,,,10562.0,,,,,,,,,,,,,,,,,media/df5eb60f-2c4a-4b4a-b179-86af829ee7a3.jpg
10114773856,"Oct 27, 2023, 4:53:16 PM",Evening Ride,Ride,"",1378,0,122.0,1,,,CYCL⚙️PATH  ,activities/10834838061.fit.gz,,16.0,1378.0,1378.0,0.0,0.0,0.0,0.0,0.0,192.8,192.8,0.0,0.0,,,,,,74.0,,,78.0,,,1.0,,,,,,,,,,,0.0,,0.0,,1.0,,,,,,,,,,,,,,,,11507033.0,,,,,,,,,,,0.0,0.0,0.0,,,,,,,,,,,,,,,,,,,,,""
10109357239,"Oct 26, 2023, 5:43:51 PM",Evening Trail Run,Run,"",1972,4.99,,,,,,activities/10829183922.fit.gz,,,1972.0,1917.0,4996.0,5.8,2.606,105.6,55.0,186.9,217.5,30.0,0.0,,,100.0,84.0,,,,,362.0,,,,,,,,,,,,,,0.0,,0.0,,1.0,5334.6,,,,,,,,,,,,,,,,15041492.0,,,,,,,,,,0.0,2.533,2446.0,,,,5438.0,,,,,,,,,,,,,,,,,""
10102750849,"Oct 25, 2023, 2:50:00 PM",Afternoon Trail Run,Run,"",3546,8.71,,,,,,activities/10822315333.fit.gz,,,3546.0,3434.0,8718.0,4.4,2.539,319.5,294.0,208.5,437.7,48.3,0.0,,,95.0,82.0,,,,,613.0,,,,,,,,,,,,,,0.0,,0.0,,1.0,10250.5,,,,,,,,,,,,,,,,15041492.0,,,,,,,,,,0.0,2.459,6592.0,,,,9286.0,,,,,,,,,,,,,,,,,""
10097631816,"Oct 24, 2023, 4:46:31 PM",Evening Trail Run,Run,"",3481,11.05,,,,,,activities/10817003714.fit.gz,,,3481.0,3285.0,11056.0,6.4,3.366,0.0,0.0,244.4,256.6,35.0,0.0,,,120.0,88.0,,,,,779.0,,,,,,,,,,,,,,0.0,,0.0,,1.0,11157.0,,,,,,,,,,,,,,,,15000671.0,,,,,,,,,,0.0,3.176,0.0,,,,9844.0,,,,,,,,,,,,,,,,,""
10090807474,"Oct 23, 2023, 3:12:54 PM",Evening Ride,Ride,"",3248,0,145.0,6,,,CYCL⚙️PATH  ,activities/10809936806.fit.gz,,16.0,3248.0,3248.0,0.0,0.0,0.0,0.0,0.0,248.2,248.2,0.0,0.0,,,,,,87.0,,,253.0,,,6.0,,,,,,,,,,,0.0,,0.0,,1.0,,,,,,,,,,,,,,,,11507033.0,,,,,,,,,,,0.0,0.0,0.0,,,,,,,,,,,,,,,,,,,,,""
10085488446,"Oct 22, 2023, 2:23:19 PM",Afternoon Trail Run,Run,"",3797,12.85,,,,,,activities/10804339183.fit.gz,,,3797.0,3646.0,12853.0,5.8,3.525,76.0,83.0,242.4,331.2,45.6,-0.1,,,108.0,91.0,,,,,924.0,,,,,,,,,,,,,,0.0,,0.0,,1.0,13110.4,,,,,,,,,,,,,,,,15000671.0,,,,,,,,,,0.0,3.385,12591.0,,,,10944.0,,,,,,,,,,,,,,,,,""
10076594417,"Oct 21, 2023, 6:41:49 AM",Morning Trail Run,Run,"",8184,17.12,,,,,,activities/10795071272.fit.gz,,,8184.0,7586.0,17128.0,5.2,2.258,833.0,814.0,238.4,997.0,49.1,0.1,,,110.0,80.0,,,,,1179.0,,,,,,,,,,,,,,0.0,,0.0,,1.0,21177.0,,,,,,,,,,,,,,,,15041492.0,,,,,,,,,,0.0,2.093,14248.0,,,,20072.0,,,,,,,,,,,,,,,,,""
10068324561,"Oct 19, 2023, 4:25:02 PM",Evening Run,Run,"",3022,6.99,182.0,103,,,,activities/10786452046.fit.gz,,,3022.0,3015.0,6996.0,6.0,2.32,164.2,164.2,148.6,224.8,48.3,0.8,,,86.0,83.0,,164.0,,,832.0,,,103.0,,,,,,,,,,,0.0,,0.0,,1.0,7497.0,,,,,,,,,,,,,,,,15000735.0,,,,,,,,,,0.0,2.315,5640.0,,,,,,,,,,,,,,,,,,,,,""
10068324502,"Oct 19, 2023, 3:47:37 PM",Evening Ride,Ride,"",2245,0,105.0,3,,,CYCL⚙️PATH  ,activities/10786451833.fit.gz,,16.0,2245.0,2245.0,0.0,0.0,0.0,0.0,0.0,0.0,0.0,0.0,0.0,,,,,,76.0,,,128.0,,,3.0,,,,,,,,,,,0.0,,0.0,,1.0,,,,,,,,,,,,,,,,11507033.0,,,,,,,,,,,0.0,0.0,0.0,,,,,,,,,,,,,,,,,,,,,""
10061878346,"Oct 18, 2023, 1:57:29 PM",Afternoon Trail Run,Run,Natura vs Ανθρωποειδών,5719,15.41,,,,,,activities/10779776173.fit.gz,,,5719.0,5519.0,15411.0,10.6,2.792,613.0,428.0,677.5,893.0,48.9,0.0,,,112.0,86.0,,,,,1088.0,,,,,,,,,,,,,,0.0,,0.0,,1.0,18039.8,,,,,,,,,,,,,,,,15041492.0,,,,,,,,,,0.0,2.695,9299.2,,,,15658.0,,,,,,,,,,,,,,,,,media/5817d676-5770-4497-a07a-cdaccb6ad0d9.jpg|media/b7305cb9-6137-40da-83a5-a2bf555a5603.jpg
10055831752,"Oct 17, 2023, 2:46:44 PM",Afternoon Trail Run,Run,6 x  1.0km @ 4'31,4136,12.88,,,,,,activities/10773503413.fit.gz,,,4136.0,4010.0,12879.0,5.6,3.212,374.0,373.0,94.9,451.4,40.0,0.1,,,106.0,89.0,,,,,954.0,,,,,,,,,,,,,,0.0,,0.0,,1.0,13818.6,,,,,,,,,,,,,,,,15000671.0,,,,,,,,,,0.0,3.114,7146.0,,,,12008.0,,,,,,,,,,,,,,,,,""
10049750783,"Oct 16, 2023, 3:27:07 PM",Evening Mountain Bike Ride,Ride,"",2864,9.42,,,,,CYCL⚙️PATH  ,activities/10767186177.fit.gz,,16.0,2864.0,2744.0,9426.0,9.4,3.435,233.0,126.0,125.2,233.8,46.7,1.0,,,,,,,,153.0,53.0,,,,,,,,,,,,,,0.0,,0.0,,1.0,,,,,,,,,,,,,,,,11507033.0,,,,,,,,,,,0.0,3.291,5892.0,,,,,,,,,,,,,,,,,,,,,""
10043722362,"Oct 15, 2023, 1:18:21 PM",Afternoon Stand Up Paddling,Stand Up Paddling,Captain [strava://athletes/88632818/10]elpida spi 🏄🏼‍♀️,2508,2.36,183.0,3,,,,activities/10760880456.fit.gz,,,2508.0,1943.0,2366.0,2.0,1.218,19.8,14.2,-0.8,4.8,50.0,0.2,,,254.0,37.0,,70.0,,,78.0,,,3.0,,,,,,,,,,,0.0,,0.0,,1.0,,,,,,,,,,,,,,,,,,,,,,,,,,,0.0,0.943,0.0,,,,,,,,,,,,,,,,,,,,,media/3626ca22-8c1a-4b01-a95f-9244095ae3bb.jpg
10043722353,"Oct 15, 2023, 12:26:43 PM",Afternoon Swim,Swim,"",3098,"2,113",214.0,242,,,,activities/10760880244.fit.gz,,,3098.0,3092.0,2113.0,5.263,0.683,0.0,2.0,-2.4,0.5,7.8,-0.1,,,,,,192.0,,,1105.0,,,242.0,,,,,,,,,,,0.0,,0.0,,1.0,,,,,,,,,,,,,,,,,,,,,,,,,,,0.0,0.682,0.0,,,,,,,,,,,,,,,,,,,,,media/7cd7f59c-bf4c-4e87-acda-2be3141052d7.jpg
10043063937,"Oct 15, 2023, 7:11:13 AM",Morning Trail Run,Run,-Βουκολική Διαταραχή- 🪨+🌊+🏄🏼‍♀️,13031,14.80,,,,,,activities/10760194358.fit.gz,,,13031.0,8564.0,14801.0,4.0,1.728,1383.3,1311.0,476.9,1726.3,49.6,0.1,,,141.0,72.0,,,,,1030.0,,,,,,,,,,,,,,0.0,,0.0,,1.0,25228.8,,,,,,,,,,,,,,,,15041492.0,,,,,,,,,,0.0,1.136,13910.0,,,,24780.0,,,,,,,,,,,,,,,,,media/a31c6bf5-9c1f-4ae6-9a10-3a973c7c285c.jpg|media/e6867cc5-437d-483a-8787-05b7a430aac3.jpg|media/83ccc872-60e4-42a5-b930-686b943c6c29.jpg|media/70b95419-65bc-4a18-b7a6-3ad7e448382e.mp4
10036713120,"Oct 14, 2023, 12:01:59 PM",Afternoon Swim,Swim,"",2892,"1,781",214.0,153,,,,activities/10753566371.fit.gz,,,2892.0,2708.0,1781.0,3.333,0.658,0.0,0.0,-7.0,9.4,38.8,-0.4,,,,,,173.0,,,852.0,,,153.0,,,,,,,,,,,0.0,,0.0,,1.0,,,,,,,,,,,,,,,,,,,,,,,,,,,0.0,0.616,0.0,,,,,,,,,,,,,,,,,,,,,""
10036040182,"Oct 14, 2023, 8:42:26 AM",Lunch Trail Run,Run,"",6692,14.74,,,,,,activities/10752860976.fit.gz,,,6692.0,6456.0,14740.0,5.4,2.283,642.3,618.0,245.0,841.9,48.9,0.0,,,117.0,82.0,,,,,999.0,,,,,,,,,,,,,,0.0,,0.0,,1.0,18035.7,,,,,,,,,,,,,,,,15000671.0,,,,,,,,,,0.0,2.203,14404.0,,,,17056.0,,,,,,,,,,,,,,,,,""
10031712805,"Oct 13, 2023, 2:11:55 PM",Afternoon Trail Run,Run,"",6139,17.08,,,,,,activities/10748356910.fit.gz,,,6139.0,6037.0,17085.0,5.2,2.83,525.2,465.0,206.6,360.6,40.0,0.0,,,90.0,85.0,,,,,1244.0,,,,,,,,,,,,,,0.0,,0.0,,1.0,18668.3,,,,,,,,,,,,,,,,15041492.0,,,,,,,,,,0.0,2.783,14805.0,,,,16860.0,,,,,,,,,,,,,,,,,""
10026000361,"Oct 12, 2023, 2:47:53 PM",Afternoon Trail Run,Run,"",4367,13.37,,,,,,activities/10742431073.fit.gz,,,4367.0,4209.0,13370.0,6.0,3.177,479.0,460.0,208.6,451.4,49.1,0.0,,,165.0,90.0,,,,,941.0,,,,,,,,,,,,,,0.0,,0.0,,1.0,15523.1,,,,,,,,,,,,,,,,15000735.0,,,,,,,,,,0.0,3.062,10310.0,,,,12508.0,,,,,,,,,,,,,,,,,""
10020093512,"Oct 11, 2023, 2:27:15 PM",Afternoon Trail Run,Run,"",6762,17.62,,,,,,activities/10736300327.fit.gz,,,6762.0,6600.0,17623.0,4.2,2.67,380.8,378.0,206.5,451.4,32.5,0.0,,,91.0,85.0,,,,,1301.0,,,,,,,,,,,,,,0.0,,0.0,,1.0,18568.3,,,,,,,,,,,,,,,,15041492.0,,,,,,,,,,0.0,2.606,16380.0,,,,18518.0,,,,,,,,,,,,,,,,,""
10013208007,"Oct 10, 2023, 2:38:45 PM",Afternoon Trail Run,Run,"",3780,12.45,,,,,,activities/10729183080.fit.gz,,,3780.0,3769.0,12456.0,6.2,3.305,0.0,0.0,240.8,251.4,30.0,0.0,,,174.0,93.0,,,,,887.0,,,,,,,,,,,,,,0.0,,0.0,,1.0,12539.7,,,,,,,,,,,,,,,,15000671.0,,,,,,,,,,0.0,3.295,0.0,,,,10884.0,,,,,,,,,,,,,,,,,""
10001054809,"Oct 8, 2023, 12:35:17 PM",Afternoon Trail Run,Run,"",6203,15.79,,,,,,activities/10716506257.fit.gz,,,6203.0,6141.0,15792.0,5.4,2.572,503.9,426.0,15.1,139.0,50.0,-0.1,,,99.0,85.0,,,,,1131.0,,,,,,,,,,,,,,0.0,,0.0,,1.0,18219.3,,,,,,,,,,,,,,,,15000735.0,,,,,,,,,,0.0,2.546,10242.0,,,,16488.0,,,,,,,,,,,,,,,,,""
9999981392,"Oct 8, 2023, 11:09:20 AM",Afternoon Swim,Swim,"",2625,"1,757",150.0,9,,,,activities/10715385926.fit.gz,,,2625.0,2579.0,1757.0,7.271,0.681,0.0,0.0,-15.6,14.2,49.9,-1.2,,,,,,113.0,,,320.0,,,9.0,,,,,,,,,,,0.0,,0.0,,1.0,,,,,,,,,,,,,,,,,,,,,,,,,,,0.0,0.669,0.0,,,,,,,,,,,,,,,,,,,,,""
9993439272,"Oct 7, 2023, 11:10:05 AM",Afternoon Trail Run,Run,3't 10t,5826,20.41,,,,,,activities/10708548536.fit.gz,,,5826.0,5642.0,20413.0,6.0,3.618,535.2,515.0,487.5,1010.8,49.1,0.0,,,186.0,92.0,,,,,1489.0,,,,,,,,,,,,,,0.0,,0.0,,1.0,21452.4,,,,,,,,,,,,,,,,15041492.0,,,,,,,,,,0.0,3.504,427.0,,,,17406.0,,,,,,,,,,,,,,,,,""
9988335129,"Oct 6, 2023, 2:56:02 PM",Afternoon Trail Run,Run,"",4316,12.40,,,,,,activities/10703221241.fit.gz,,,4316.0,4240.0,12405.0,5.2,2.926,457.6,421.0,213.3,451.2,48.6,0.0,,,110.0,85.0,,,,,892.0,,,,,,,,,,,,,,0.0,,0.0,,1.0,14506.4,,,,,,,,,,,,,,,,15041492.0,,,,,,,,,,0.0,2.874,10161.0,,,,11832.0,,,,,,,,,,,,,,,,,""
9982350317,"Oct 5, 2023, 2:55:35 PM",Afternoon Trail Run,Run,8t,4724,14.20,,,,,,activities/10696995044.fit.gz,,,4724.0,4557.0,14199.0,8.2,3.116,402.0,456.0,220.4,457.8,48.9,-0.3,,,111.0,87.0,,,,,999.0,,,,,,,,,,,,,,0.0,,0.0,,1.0,16163.3,,,,,,,,,,,,,,,,15000671.0,,,,,,,,,,0.0,3.006,10175.0,,,,13232.0,,,,,,,,,,,,,,,,,""
9975813315,"Oct 4, 2023, 2:11:45 PM",Afternoon Trail Run,Run,"",5417,13.71,,,,,,activities/10690188977.fit.gz,,,5417.0,5103.0,13717.0,4.4,2.688,304.8,283.0,207.8,392.1,48.6,-0.1,,,92.0,85.0,,,,,1009.0,,,,,,,,,,,,,,0.0,,0.0,,1.0,14624.3,,,,,,,,,,,,,,,,,,,,,,,,,,0.0,2.532,12625.0,,,,14228.0,,,,,,,,,,,,,,,,,""
9969450260,"Oct 3, 2023, 2:40:05 PM",Afternoon Trail Run,Run,"",5321,16.29,,,,,,activities/10683558233.fit.gz,,,5321.0,5258.0,16296.0,5.4,3.099,746.2,698.0,205.8,450.0,40.0,0.0,,,125.0,89.0,,,,,1184.0,,,,,,,,,,,,,,0.0,,0.0,,1.0,19232.9,,,,,,,,,,,,,,,,15000671.0,,,,,,,,,,0.0,3.063,14114.0,,,,15750.0,,,,,,,,,,,,,,,,,""
9962993318,"Oct 2, 2023, 3:47:07 PM",Evening Trail Run,Run,"",2740,6.22,,,,,,activities/10676811494.fit.gz,,,2740.0,2653.0,6222.0,5.2,2.345,124.2,73.0,205.3,239.2,30.0,0.0,,,92.0,83.0,,,,,447.0,,,,,,,,,,,,,,0.0,,0.0,,1.0,6689.8,,,,,,,,,,,,,,,,15000671.0,,,,,,,,,,0.0,2.271,3304.5,,,,7432.0,,,,,,,,,,,,,,,,,""
9956646703,"Oct 1, 2023, 1:26:07 PM",Afternoon Trail Run,Run,"",5958,18.26,,,,,,activities/10670042781.fit.gz,,,5958.0,5944.0,18259.0,7.8,3.072,85.9,0.0,205.3,216.7,40.0,0.0,,,93.0,88.0,,,,,1335.0,,,,,,,,,,,,,,0.0,,0.0,,1.0,18391.1,,,,,,,,,,,,,,,,7337777.0,,,,,,,,,,0.0,3.065,17969.0,,,,17288.0,,,,,,,,,,,,,,,,,""
9949309869,"Sep 30, 2023, 11:05:41 AM",Afternoon Trail Run,Run,"",9088,15.09,,,,,,activities/10662356630.fit.gz,,,9088.0,7975.0,15093.0,4.6,1.893,989.5,928.0,499.6,1343.1,49.1,0.0,,,109.0,77.0,,,,,989.0,,,,,,,,,,,,,,0.0,,0.0,,1.0,21983.4,,,,,,,,,,,,,,,,7337777.0,,,,,,,,,,0.0,1.661,14570.0,,,,21534.0,,,,,,,,,,,,,,,,,""
9944720954,"Sep 29, 2023, 5:31:24 PM",Evening Trail Run,Run,Sp5,3636,12.03,,,,,,activities/10657563959.fit.gz,,,3636.0,3619.0,12031.0,7.2,3.324,343.5,301.0,153.8,216.9,28.6,0.0,,,183.0,90.0,,,,,884.0,,,,,,,,,,,,,,0.0,,0.0,,1.0,12946.8,,,,,,,,,,,,,,,,15000735.0,,,,,,,,,,0.0,3.309,1969.0,,,,10516.0,,,,,,,,,,,,,,,,,""
9937810073,"Sep 28, 2023, 3:07:24 PM",Evening Trail Run,Run,"",3365,10.55,,,,,,activities/10650372315.fit.gz,,,3365.0,3301.0,10550.0,4.8,3.196,267.5,262.0,207.7,451.2,49.1,0.0,,,100.0,89.0,,,,,769.0,,,,,,,,,,,,,,0.0,,0.0,,1.0,11183.6,,,,,,,,,,,,,,,,7337777.0,,,,,,,,,,0.0,3.135,9402.0,,,,9820.0,,,,,,,,,,,,,,,,,""
9924989911,"Sep 26, 2023, 3:14:51 PM",Evening Trail Run,Run,"",4682,16.87,,,,,,activities/10636977662.fit.gz,,,4682.0,4682.0,16873.0,5.2,3.604,348.6,292.0,205.7,370.9,22.5,-0.1,,,101.0,92.0,,,,,1220.0,,,,,,,,,,,,,,0.0,,0.0,,1.0,17729.2,,,,,,,,,,,,,,,,15000735.0,,,,,,,,,,0.0,3.604,16125.0,,,,14520.0,,,,,,,,,,,,,,,,,""
9910164106,"Sep 24, 2023, 8:07:41 AM",Lunch Trail Run,Run,"",6678,16.85,,,,,,activities/10621379430.fit.gz,,,6678.0,6298.0,16850.0,4.6,2.675,550.2,501.0,230.6,451.2,49.1,0.0,,,108.0,85.0,,,,,1218.0,,,,,,,,,,,,,,0.0,,0.0,,1.0,19057.2,,,,,,,,,,,,,,,,15000735.0,,,,,,,,,,0.0,2.523,15294.0,,,,17378.0,,,,,,,,,,,,,,,,,""
9904698664,"Sep 23, 2023, 11:58:11 AM",Afternoon Swim,Swim,"",4274,"2,113",189.0,41,,,,activities/10615627773.fit.gz,,,4274.0,3434.0,2113.0,2.333,0.615,0.0,0.0,-15.4,3.6,49.1,0.0,,,,,,132.0,,,667.0,,,41.0,,,,,,,,,,,0.0,,0.0,,1.0,,,,,,,,,,,,,,,,,,,,,,,,,,,0.0,0.494,2113.0,,,,,,,,,,,,,,,,,,,,,media/92d9c5cd-cd73-44a8-9859-7fd9d370a567.jpg
9902826781,"Sep 23, 2023, 6:56:48 AM",Morning Trail Run,Run,"",5437,9.60,,,,,,activities/10613657600.fit.gz,,,5437.0,5429.0,9605.0,5.8,1.769,862.3,762.0,211.4,450.7,49.1,0.4,,,121.0,81.0,,,,,610.0,,,,,,,,,,,,,,0.0,,0.0,,1.0,15875.1,,,,,,,,,,,,,,,,7337777.0,,,,,,,,,,0.0,1.767,1354.0,,,,13972.0,,,,,,,,,,,,,,,,,""
9899538723,"Sep 22, 2023, 3:10:02 PM",Evening Trail Run,Run,"",3979,13.56,,,,,,activities/10610200284.fit.gz,,,3979.0,3639.0,13563.0,6.2,3.727,0.0,0.0,241.4,255.4,22.2,0.0,,,116.0,90.0,,,,,985.0,,,,,,,,,,,,,,0.0,,0.0,,1.0,13702.0,,,,,,,,,,,,,,,,7337777.0,,,,,,,,,,0.0,3.409,0.0,,,,11016.0,,,,,,,,,,,,,,,,,""
9893607196,"Sep 21, 2023, 3:31:07 PM",Evening Trail Run,Run,"",3998,9.68,,,,,,activities/10603994248.fit.gz,,,3998.0,3866.0,9680.0,6.2,2.504,249.1,205.0,179.3,370.9,28.6,-0.1,,,89.0,82.0,,,,,699.0,,,,,,,,,,,,,,0.0,,0.0,,1.0,10471.1,,,,,,,,,,,,,,,,7337777.0,,,,,,,,,,0.0,2.421,7229.0,,,,10720.0,,,,,,,,,,,,,,,,,""
9887011802,"Sep 20, 2023, 2:40:33 PM",Afternoon Trail Run,Run,"",4183,11.09,,,,,,activities/10597108322.fit.gz,,,4183.0,4026.0,11090.0,5.6,2.755,563.4,487.0,203.1,449.3,49.1,0.1,,,99.0,83.0,,,,,775.0,,,,,,,,,,,,,,0.0,,0.0,,1.0,14095.4,,,,,,,,,,,,,,,,15000735.0,,,,,,,,,,0.0,2.651,6690.5,,,,11146.0,,,,,,,,,,,,,,,,,""
9880653375,"Sep 19, 2023, 3:15:25 PM",Evening Trail Run,Run,"",4121,13.57,,,,,,activities/10590459276.fit.gz,,,4121.0,4089.0,13575.0,5.2,3.32,262.0,216.0,158.9,370.9,49.1,0.0,,,92.0,86.0,,,,,982.0,,,,,,,,,,,,,,0.0,,0.0,,1.0,14496.9,,,,,,,,,,,,,,,,7337777.0,,,,,,,,,,0.0,3.294,4435.0,,,,11482.0,,,,,,,,,,,,,,,,,""
9874335568,"Sep 18, 2023, 3:22:10 PM",Evening Trail Run,Run,"",3924,12.32,,,,,,activities/10583855684.fit.gz,,,3924.0,3818.0,12326.0,6.4,3.228,360.1,312.0,149.4,451.2,47.3,0.0,,,188.0,92.0,,,,,875.0,,,,,,,,,,,,,,0.0,,0.0,,1.0,13388.4,,,,,,,,,,,,,,,,15000735.0,,,,,,,,,,0.0,3.141,8907.0,,,,11424.0,,,,,,,,,,,,,,,,,""
9860499168,"Sep 16, 2023, 10:57:42 AM",Afternoon Trail Run,Run,"",6598,9.23,,,,,,activities/10569296506.fit.gz,,,6598.0,6587.0,9234.0,4.4,1.402,1147.0,1127.0,496.6,1075.0,49.1,0.2,,,113.0,77.0,,,,,565.0,,,,,,,,,,,,,,0.0,,0.0,,1.0,17707.8,,,,,,,,,,,,,,,,15000735.0,,,,,,,,,,0.0,1.4,9234.0,,,,15548.0,,,,,,,,,,,,,,,,,""
9855058173,"Sep 15, 2023, 3:26:53 PM",Evening Trail Run,Run,"",3715,15.02,,,,,,activities/10563583494.fit.gz,,,3715.0,3671.0,15025.0,5.4,4.093,0.0,0.0,241.2,250.6,6.7,0.0,,,94.0,89.0,,,,,1086.0,,,,,,,,,,,,,,0.0,,0.0,,1.0,15124.9,,,,,,,,,,,,,,,,7337777.0,,,,,,,,,,0.0,4.044,0.0,,,,11454.0,,,,,,,,,,,,,,,,,""
9848725007,"Sep 14, 2023, 3:00:23 PM",Evening Trail Run,Run,"",4693,14.62,,,,,,activities/10556956513.fit.gz,,,4693.0,4522.0,14628.0,5.6,3.235,425.9,241.0,253.0,388.8,48.9,0.0,,,100.0,87.0,,,,,1032.0,,,,,,,,,,,,,,0.0,,0.0,,1.0,16376.0,,,,,,,,,,,,,,,,7337777.0,,,,,,,,,,0.0,3.117,7320.0,,,,13020.0,,,,,,,,,,,,,,,,,""
9835832615,"Sep 12, 2023, 4:10:20 PM",Evening Trail Run,Run,"",3959,10.48,,,,,,activities/10543456857.fit.gz,,,3959.0,3574.0,10480.0,6.8,2.932,180.8,88.0,194.4,217.0,11.4,0.0,,,88.0,84.0,,,,,777.0,,,,,,,,,,,,,,0.0,,0.0,,1.0,10867.6,,,,,,,,,,,,,,,,15000735.0,,,,,,,,,,0.0,2.647,8116.0,,,,9974.0,,,,,,,,,,,,,,,,,""
9829034375,"Sep 11, 2023, 3:58:45 PM",Evening Trail Run,Run,"",3693,11.34,,,,,,activities/10536320814.fit.gz,,,3693.0,3514.0,11340.0,6.4,3.227,108.0,105.0,167.0,251.6,20.0,0.0,,,185.0,89.0,,,,,838.0,,,,,,,,,,,,,,0.0,,0.0,,1.0,11649.2,,,,,,,,,,,,,,,,7337777.0,,,,,,,,,,0.0,3.071,0.0,,,,10378.0,,,,,,,,,,,,,,,,,""
9822857903,"Sep 10, 2023, 2:21:37 PM",Afternoon Swim,Swim,"",2408,"1,650",215.0,137,,,,activities/10529765157.fit.gz,,,2408.0,2408.0,1650.0,2.0,0.685,0.0,0.0,-4.6,11.0,39.0,0.3,,,,,,174.0,,,717.0,,,137.0,,,,,,,,,,,0.0,,0.0,,1.0,,,,,,,,,,,,,,,,,,,,,,,,,,,0.0,0.685,0.0,,,,,,,,,,,,,,,,,,,,,""
9820453773,"Sep 10, 2023, 8:18:26 AM",Lunch Trail Run,Run,"",6300,15.79,,,,,,activities/10527225409.fit.gz,,,6300.0,6112.0,15795.0,3.8,2.584,246.4,259.0,202.2,370.9,40.0,-0.4,,,90.0,85.0,,,,,1158.0,,,,,,,,,,,,,,0.0,,0.0,,1.0,16326.3,,,,,,,,,,,,,,,,7337777.0,,,,,,,,,,0.0,2.507,15053.0,,,,17050.0,,,,,,,,,,,,,,,,,""
9814373677,"Sep 9, 2023, 8:42:00 AM",Lunch Trail Run,Run,"",7203,13.65,,,,,,activities/10520812233.fit.gz,,,7203.0,6930.0,13655.0,4.6,1.97,1184.5,1117.0,279.0,853.5,49.1,0.0,,,114.0,79.0,,,,,874.0,,,,,,,,,,,,,,0.0,,0.0,,1.0,21929.9,,,,,,,,,,,,,,,,15000735.0,,,,,,,,,,0.0,1.896,12054.0,,,,18152.0,,,,,,,,,,,,,,,,,""
9809319415,"Sep 8, 2023, 3:11:37 PM",Evening Mountain Bike Ride,Ride,"",5906,33.43,,,,,CYCL⚙️PATH  ,activities/10515496872.fit.gz,,16.0,5906.0,5729.0,33431.0,15.6,5.835,427.3,323.0,143.3,434.1,49.8,0.0,,,,,,,,209.0,108.0,,,,,,,,,,,,,,0.0,,0.0,,1.0,,,,,,,,,,,,,,,,11507033.0,,,,,,,,,,,0.0,5.661,5680.0,,,,,,,,,,,,,,,,,,,,,""
9802618875,"Sep 7, 2023, 2:22:39 PM",Afternoon Trail Run,Run,"",4027,15.06,,,,,,activities/10508443070.fit.gz,,,4027.0,3933.0,15062.0,5.4,3.83,0.0,0.0,245.2,251.6,25.7,0.0,,,94.0,89.0,,,,,1089.0,,,,,,,,,,,,,,0.0,,0.0,,1.0,15140.5,,,,,,,,,,,,,,,,7337777.0,,,,,,,,,,0.0,3.74,0.0,,,,11820.0,,,,,,,,,,,,,,,,,""
9796175900,"Sep 6, 2023, 3:12:55 PM",Evening Trail Run,Run,"",4256,12.57,,,,,,activities/10501668771.fit.gz,,,4256.0,4119.0,12575.0,4.6,3.053,482.7,384.0,207.7,412.8,42.9,0.0,,,97.0,86.0,,,,,913.0,,,,,,,,,,,,,,0.0,,0.0,,1.0,14212.8,,,,,,,,,,,,,,,,15000735.0,,,,,,,,,,0.0,2.955,11315.0,,,,11946.0,,,,,,,,,,,,,,,,,""
9789198141,"Sep 5, 2023, 3:26:15 PM",Evening Trail Run,Run,"",3426,9.16,,,,,,activities/10494348117.fit.gz,,,3426.0,3304.0,9167.0,4.4,2.775,265.8,226.0,217.3,285.7,43.3,0.0,,,88.0,85.0,,,,,675.0,,,,,,,,,,,,,,0.0,,0.0,,1.0,9967.5,,,,,,,,,,,,,,,,7337777.0,,,,,,,,,,0.0,2.676,8698.0,,,,8890.0,,,,,,,,,,,,,,,,,""
9773668739,"Sep 3, 2023, 7:32:21 AM",Morning Trail Run,Run,"Ορεινή Ναυπακτία 
Χωριό: εξαιρετικό ,αρκετά προσεγμένο ιδανικό για δραστηριότητες ειδικά ποδηλατικές.
Θα χαρακτηρίζονταν εύκολα κ σαν ένα μίνι Μέτσοβο..
Αγώνας: πολύ γρήγορος xc με δασικούς στην πλειοψηφία του κ τα μονοπάτια πεντακάθαρα κ χαλί, πέτρες δεν βρίσκεις πουθενά, τρέχεται άνετα κ με δρομικο παπούτσι με σχετική τεχνική.

Υγ: πως πάει το κουλό σας ρε trailαδες(κάποιοι) να βουτάτε πλαστικά μπουκαλάκια νερού από τους σταθμούς κ να τα πετάτε 200 μέτρα παραπέρα  μέσα στο καταπράσινο η κ δασικό μην τυχόν χαθεί το δευτερόλεπτο στάσης..
αντί να κουβαλάτε ένα ΓΑΜΩΚΩΛΟΦΛΑΣΚΙ είναι αξιοπερίεργο, γιατί δεν συνάδει με την όλη φάση Να Ουμ........ ",7268,23.68,,,,,,activities/10477910860.fit.gz,,,7268.0,7175.0,23688.0,9.4,3.301,788.1,619.0,1008.2,1402.2,40.0,0.0,,,109.0,89.0,,,,,1740.0,,,,,,,,,,,,,,0.0,,0.0,,1.0,27398.0,,,,,,,,,,,,,,,,15000735.0,,,,,,,,,,0.0,3.259,14025.0,,,,21802.0,,,,,,,,,,,,,,,,,""
9769021054,"Sep 2, 2023, 2:09:12 PM",Afternoon Trail Run,Run,"",2067,4.72,,,,,,activities/10472985671.fit.gz,,,2067.0,1724.0,4719.0,5.6,2.737,248.9,176.0,931.9,1100.2,49.1,-0.2,,,102.0,81.0,,,,,272.0,,,,,,,,,,,,,,0.0,,0.0,,1.0,6475.7,,,,,,,,,,,,,,,,7337777.0,,,,,,,,,,0.0,2.283,2651.0,,,,5150.0,,,,,,,,,,,,,,,,,media/e00e87d2-fd21-449e-aea4-2323d94a29b4.jpg|media/14558b2f-4aba-4ea6-abe5-3742811d1384.jpg
9762368541,"Sep 1, 2023, 2:05:32 PM",Afternoon Trail Run,Run,"",2538,5.20,,,,,,activities/10465910538.fit.gz,,,2538.0,2299.0,5203.0,5.8,2.263,183.2,153.0,209.6,361.1,40.0,0.0,,,96.0,81.0,,,,,378.0,,,,,,,,,,,,,,0.0,,0.0,,1.0,5904.0,,,,,,,,,,,,,,,,7337777.0,,,,,,,,,,0.0,2.05,4301.0,,,,6152.0,,,,,,,,,,,,,,,,,""
9756981100,"Aug 31, 2023, 4:06:42 PM",Evening Trail Run,Run,"",2844,7.70,,,,,,activities/10460233329.fit.gz,,,2844.0,2805.0,7701.0,6.4,2.745,318.2,300.0,183.5,451.2,49.1,-0.1,,,139.0,85.0,,,,,543.0,,,,,,,,,,,,,,0.0,,0.0,,1.0,9267.5,,,,,,,,,,,,,,,,7337777.0,,,,,,,,,,0.0,2.708,4140.0,,,,7698.0,,,,,,,,,,,,,,,,,""
9750804320,"Aug 30, 2023, 4:26:56 PM",Evening Trail Run,Run,"",3160,6.56,,,,,,activities/10453669633.fit.gz,,,3160.0,2965.0,6565.0,4.2,2.214,197.2,148.0,207.7,361.1,48.6,0.0,,,90.0,82.0,,,,,483.0,,,,,,,,,,,,,,0.0,,0.0,,1.0,7210.2,,,,,,,,,,,,,,,,7337777.0,,,,,,,,,,0.0,2.078,4542.0,,,,7826.0,,,,,,,,,,,,,,,,,""
9744380302,"Aug 29, 2023, 4:37:59 PM",Evening Trail Run,Run,"",3008,9.90,,,,,,activities/10446790520.fit.gz,,,3008.0,2891.0,9908.0,7.0,3.427,15.0,23.0,243.6,256.0,40.0,0.0,,,115.0,89.0,,,,,712.0,,,,,,,,,,,,,,0.0,,0.0,,1.0,10062.5,,,,,,,,,,,,,,,,7337777.0,,,,,,,,,,0.0,3.294,0.0,,,,8478.0,,,,,,,,,,,,,,,,,""
9732248002,"Aug 27, 2023, 3:22:47 PM",Evening Trail Run,Run,"",5097,17.96,,,,,,activities/10434001356.fit.gz,,,5097.0,5097.0,17964.0,5.6,3.524,366.3,311.0,202.7,370.9,26.7,0.0,,,97.0,92.0,,,,,1308.0,,,,,,,,,,,,,,0.0,,0.0,,1.0,18812.3,,,,,,,,,,,,,,,,15000735.0,,,,,,,,,,0.0,3.524,16706.0,,,,15676.0,,,,,,,,,,,,,,,,,""
9725445197,"Aug 26, 2023, 2:31:08 PM",Afternoon Trail Run,Run,Zythos Vap ,5835,14.86,,,,,,activities/10426751552.fit.gz,,,5835.0,5775.0,14868.0,6.8,2.575,513.9,468.0,210.4,450.7,49.5,-0.1,,,111.0,84.0,,,,,1021.0,,,,,,,,,,,,,,0.0,,0.0,,1.0,17937.2,,,,,,,,,,,,,,,,7337777.0,,,,,,,,,,0.0,2.548,10916.0,,,,15784.0,,,,,,,,,,,,,,,,,""
9720262306,"Aug 25, 2023, 5:01:34 PM",Evening Trail Run,Run,"",2400,7.35,,,,,,activities/10421289423.fit.gz,,,2400.0,2388.0,7350.0,6.4,3.078,164.5,165.0,148.2,241.0,27.5,-0.1,,,89.0,84.0,,,,,533.0,,,,,,,,,,,,,,0.0,,0.0,,1.0,7883.7,,,,,,,,,,,,,,,,7337777.0,,,,,,,,,,0.0,3.063,2746.0,,,,6678.0,,,,,,,,,,,,,,,,,""
9713190199,"Aug 24, 2023, 3:52:32 PM",Evening Trail Run,Run,"",4183,10.88,,,,,,activities/10413821556.fit.gz,,,4183.0,4061.0,10883.0,6.2,2.68,489.2,451.0,194.4,446.9,49.7,0.0,,,110.0,85.0,,,,,754.0,,,,,,,,,,,,,,0.0,,0.0,,1.0,13326.8,,,,,,,,,,,,,,,,15000735.0,,,,,,,,,,0.0,2.602,7691.0,,,,11310.0,,,,,,,,,,,,,,,,,""
9707039448,"Aug 23, 2023, 4:26:17 PM",Evening Trail Run,Run,"",3052,8.10,,,,,,activities/10407312327.fit.gz,,,3052.0,3033.0,8100.0,6.2,2.671,182.8,163.0,149.2,239.2,33.3,0.0,,,88.0,84.0,,,,,598.0,,,,,,,,,,,,,,0.0,,0.0,,1.0,8689.9,,,,,,,,,,,,,,,,7337777.0,,,,,,,,,,0.0,2.654,3190.0,,,,8238.0,,,,,,,,,,,,,,,,,""
9699957397,"Aug 22, 2023, 4:46:14 PM",Evening Trail Run,Run,"",2702,7.33,,,,,,activities/10399812014.fit.gz,,,2702.0,2528.0,7329.0,7.0,2.899,157.9,106.0,194.4,326.9,49.1,0.0,,,115.0,87.0,,,,,516.0,,,,,,,,,,,,,,0.0,,0.0,,1.0,8197.8,,,,,,,,,,,,,,,,7337777.0,,,,,,,,,,0.0,2.712,6351.0,,,,7316.0,,,,,,,,,,,,,,,,,""
9686825667,"Aug 20, 2023, 12:54:11 PM",Afternoon Swim,Swim,"",3163,"1,908",155.0,17,,,,activities/10385737564.fit.gz,,,3163.0,2835.0,1908.0,4.6,0.673,0.0,0.0,16.2,85.2,50.0,2.9,,,,,,117.0,,,461.0,,,17.0,,,,,,,,,,,0.0,,0.0,,1.0,,,,,,,,,,,,,,,,,,,,,,,,,,,0.0,0.603,0.0,,,,,,,,,,,,,,,,,,,,,""
9654161834,"Aug 15, 2023, 4:09:51 PM",Evening Swim,Swim,"",3064,"2,001",217.0,220,,,,activities/10350884865.fit.gz,,,3064.0,3042.0,2001.0,4.2,0.658,0.0,0.0,-17.6,-1.8,40.0,0.1,,,,,,188.0,,,1097.0,,,220.0,,,,,,,,,,,0.0,,0.0,,1.0,,,,,,,,,,,,,,,,,,,,,,,,,,,0.0,0.653,0.0,,,,,,,,,,,,,,,,,,,,,media/d6405179-3a53-4d47-a80a-20c71b093b99.jpg
9653210820,"Aug 15, 2023, 2:11:06 PM",Afternoon Trail Run,Run,"",4657,6.12,,,,,,activities/10349889435.fit.gz,,,4657.0,4315.0,6127.0,6.714,1.42,353.5,269.0,43.8,309.3,50.0,0.0,,,122.0,75.0,,,,,466.0,,,,,,,,,,,,,,0.0,,0.0,,1.0,8616.2,,,,,,,,,,,,,,,,7337777.0,,,,,,,,,,0.0,1.316,0.0,,,,7872.0,,,,,,,,,,,,,,,,,""
9647543346,"Aug 14, 2023, 5:09:42 PM",Evening Trail Run,Run,-ζέσταμα πριν τον τοπικό πανήγυρο 🍻,3002,6.88,,,,,,activities/10343936636.fit.gz,,,3002.0,2749.0,6879.0,4.6,2.502,403.5,319.0,197.7,538.4,48.6,0.0,,,120.0,83.0,,,,,481.0,,,,,,,,,,,,,,0.0,,0.0,,1.0,9367.0,,,,,,,,,,,,,,,,7337777.0,,,,,,,,,,0.0,2.291,0.0,,,,7572.0,,,,,,,,,,,,,,,,,media/2b7eceda-5890-43ae-962a-170cf8d443e0.jpg
9645412333,"Aug 14, 2023, 12:44:09 PM",Afternoon Run,Run,"sup & RUN ( part 2 )
2. Επιστροφή τεμποράν κ λιμάνι για φόρτωμα σανίδας- σβήσιμο με Πιλαβά .",1079,4.13,,,,,,activities/10341700811.fit.gz,,,1079.0,1061.0,4130.0,5.0,3.893,8.2,3.4,-2.8,2.8,8.6,0.1,,,96.0,90.0,,,,,362.0,,,,,,,,,,,,,,0.0,,0.0,,1.0,4153.8,,,,,,,,,,,,,,,,7337777.0,,,,,,,,,,0.0,3.828,0.0,,,,,,,,,,,,,,,,,,,,,media/edaad93d-77b1-45bf-a7d0-2b3b057229d4.jpg
9645412393,"Aug 14, 2023, 11:02:32 AM",Afternoon Stand Up Paddling,Stand Up Paddling,"SUP & run ( part 1 )
1. Διάσχιση ποτάμι μέχρι εκβολές Αχέροντα στη θάλασσα με SUP...ΦΑΣΆΡΑ",6097,5.73,,,,,,activities/10341700677.fit.gz,,,6097.0,4588.0,5736.0,2.8,1.25,52.0,43.0,-13.4,1.4,40.0,0.2,,,91.0,42.0,,,,,111.0,,,,,,,,,,,,,,0.0,,0.0,,1.0,,,,,,,,,,,,,,,,,,,,,,,,,,,0.0,0.941,304.0,,,,,,,,,,,,,,,,,,,,,media/2f53e6cb-6c33-4de1-9717-8fd9dd5be099.jpg|media/937ad905-bcbb-499e-baa7-17e8169739e3.jpg|media/e80d67a9-b5f8-4fa4-b435-6985a2a20039.jpg|media/e57bb985-ded8-499e-8daa-745cc762559c.jpg
9641338092,"Aug 13, 2023, 3:57:02 PM",Evening Trail Run,Run,"Καραβοστάσι - Πράπα Μάλι
Παράδεισος._
( κυκλικο route / τεχνική..μαντραπήδας) ⛔",5765,6.41,,,,,,activities/10337395780.fit.gz,,,5765.0,5764.0,6416.0,10.133,1.113,377.7,353.0,-8.2,212.4,49.5,0.2,,,102.0,73.0,,,,,441.0,,,,,,,,,,,,,,0.0,,0.0,,1.0,8606.3,,,,,,,,,,,,,,,,7337777.0,,,,,,,,,,0.0,1.113,1128.9,,,,9790.0,,,,,,,,,,,,,,,,,media/c2fd5dce-ee5f-40d0-ab6d-94dac88d6cf2.jpg|media/c5600122-a086-4d67-bdfa-28c0ff454c70.jpg|media/2711d104-47c1-44db-af0a-633083142206.jpg|media/f96afe39-93e5-4284-8153-bffb621abe89.jpg|media/c8216391-221a-48a2-b486-3f8badb62bbe.jpg|media/17ecd764-4122-4cc5-9143-b7e463dbb0a6.jpg
9640340131,"Aug 13, 2023, 2:33:49 PM",Afternoon Swim,Swim,Σβήσιμο ,2176,"1,047",213.0,21,,,,activities/10336338224.fit.gz,,,2176.0,2176.0,1047.0,1.105,0.481,0.0,0.0,-15.2,5.6,48.7,0.9,,,,,,132.0,,,452.0,,,21.0,,,,,,,,,,,0.0,,0.0,,1.0,,,,,,,,,,,,,,,,,,,,,,,,,,,0.0,0.481,0.0,,,,,,,,,,,,,,,,,,,,,""
9627027257,"Aug 11, 2023, 10:42:42 AM",Afternoon Stand Up Paddling,Stand Up Paddling,Αλωνάκι explore ,6297,4.49,,,,,,activities/10322275614.fit.gz,,,6297.0,4484.0,4498.0,4.8,1.003,117.0,122.0,-25.6,24.8,50.0,0.1,,,99.0,37.0,,,,,116.0,,,,,,,,,,,,,,0.0,,0.0,,1.0,,,,,,,,,,,,,,,,,,,,,,,,,,,0.0,0.714,0.0,,,,,,,,,,,,,,,,,,,,,media/5b00eb6d-303e-4278-a7e1-ed786ae9ee61.jpg
9620113314,"Aug 10, 2023, 9:50:00 AM",Lunch Trail Run,Run,"Ελαταριά - χωριό ΦΑΝΤΑΣΜΑ - 
Χιονίστρα top
1. Βουνό που δε παίρνει μαγκιές χωρίς βασική εμπειρία.
2. Οτι η κορυφή είναι ""μόνο"" στα 1.630 δεν συνεπάγεται με εύκολη ανάβαση.
3. Φυσική κ άγρια ομορφιά εκεί που κατοικούν μονάχα άγρια ζώα.
4. Εντελώς παλαβό μικροκλίμα με συνεχόμενες αλλαγές στη κορυφή..
5. Βουνά Ηπείρου.. θα ΣΈΒΕΣΑΙ.
",8299,7.87,,,,,,activities/10314973904.fit.gz,,,8299.0,8297.0,7874.0,5.2,0.949,739.7,723.0,833.4,1549.7,49.8,0.0,,,106.0,62.0,,,,,523.0,,,,,,,,,,,,,,0.0,,0.0,,1.0,13261.6,,,,,,,,,,,,,,,,7337777.0,,,,,,,,,,0.0,0.949,7578.0,,,,13344.0,,,,,,,,,,,,,,,,,media/e26cd437-cf7c-4ffe-ac38-1143608e09f5.jpg|media/05b0713b-2614-4779-8119-5b33751a6f58.mp4|media/a0a3dd71-d4c1-4395-9a1f-33356e996f74.jpg|media/15eee004-cd94-41ab-899d-d9ae2d28890d.jpg
9614670708,"Aug 9, 2023, 2:31:33 PM",Afternoon Swim,Swim,"",2172,"1,488",208.0,125,,,,activities/10309207075.fit.gz,,,2172.0,2112.0,1488.0,3.286,0.705,0.0,0.0,-25.0,11.6,48.0,0.2,,,,,,175.0,,,660.0,,,125.0,,,,,,,,,,,0.0,,0.0,,1.0,,,,,,,,,,,,,,,,,,,,,,,,,,,0.0,0.685,0.0,,,,,,,,,,,,,,,,,,,,,media/205ccb3a-051f-4dc3-a409-8bf1b09dbb41.jpg
9614671270,"Aug 9, 2023, 10:26:25 AM",Afternoon Stand Up Paddling,Stand Up Paddling,Τουρ ντε Συβοτά : part 2,9647,7.71,,,,,,activities/10309207581.fit.gz,,,9647.0,6925.0,7712.0,5.143,1.114,74.0,64.0,-16.0,35.8,48.9,0.1,,,127.0,42.0,,,,,177.0,,,,,,,,,,,,,,0.0,,0.0,,1.0,,,,,,,,,,,,,,,,,,,,,,,,,,,0.0,0.799,0.0,,,,,,,,,,,,,,,,,,,,,media/f44172bb-eb26-4198-9316-1dc7ddf9c7af.jpg|media/597faf49-c2b3-42d0-aece-7c17e5e887e8.jpg|media/c4fa7cb0-b01c-4cde-969f-030ef2e67c28.jpg
9607886327,"Aug 8, 2023, 2:22:45 PM",Afternoon Trail Run,Run,Wild pure thinks,7550,11.22,,,,,,activities/10302045401.fit.gz,,,7550.0,5652.0,11224.0,5.2,1.986,808.0,794.0,698.8,1507.6,49.9,0.1,,,100.0,75.0,,,,,749.0,,,,,,,,,,,,,,0.0,,0.0,,1.0,15558.3,,,,,,,,,,,,,,,,7337777.0,,,,,,,,,,0.0,1.487,8308.0,,,,15962.0,,,,,,,,,,,,,,,,,media/f9e536e4-a122-4a0b-9dc8-a5017b48becf.jpg|media/c97f0abc-14e7-4e25-ac1f-4bdcb3001e70.jpg|media/b4d1449c-95d9-42e3-b151-88f48ac167ae.jpg|media/3eb54cf9-5a22-4de5-be36-f02fd8a6f6c6.jpg
9600058651,"Aug 7, 2023, 9:49:25 AM",Lunch Stand Up Paddling,Stand Up Paddling,Sup tour de Συβοτά.. ❣️,10099,7.40,,,,,,activities/10293816557.fit.gz,,,10099.0,7543.0,7401.0,2.4,0.981,40.0,33.0,-14.0,13.6,48.9,0.1,,,117.0,41.0,,,,,185.0,,,,,,,,,,,,,,0.0,,0.0,,1.0,,,,,,,,,,,,,,,,,,,,,,,,,,,0.0,0.733,0.0,,,,,,,,,,,,,,,,,,,,,media/903c5839-2d1f-4340-a349-dc59628359fc.jpg|media/8ce92303-5424-459b-9e5c-f7af853e61ca.jpg
9596040979,"Aug 6, 2023, 2:26:26 PM",Afternoon Hike,Hike,Παντόφλα hike ,12384,7.52,,,,,,activities/10289545380.fit.gz,,,12384.0,6575.0,7525.0,8.2,1.144,305.6,325.0,8.1,209.1,49.1,-0.1,,,216.0,55.0,,,,,759.0,,,,,,,,,,,,,,0.0,,0.0,,1.0,,,,,,,,,,,,,,,,,7337777.0,,,,,,,,,,0.0,0.608,1076.0,,,,,,,,,,,,,,,,,,,,,media/472b3ad1-04cb-4290-9376-60a3ff4d4869.jpg
9596039830,"Aug 6, 2023, 12:52:04 PM",Afternoon Swim,Swim,"",2165,"1,484",193.0,18,,,,activities/10289544395.fit.gz,,,2165.0,2128.0,1484.0,3.125,0.697,0.0,0.0,-34.4,26.6,49.4,-1.3,,,,,,126.0,,,364.0,,,18.0,,,,,,,,,,,0.0,,0.0,,1.0,,,,,,,,,,,,,,,,,,,,,,,,,,,0.0,0.685,0.0,,,,,,,,,,,,,,,,,,,,,""
9596040098,"Aug 6, 2023, 9:39:32 AM",Lunch Stand Up Paddling,Stand Up Paddling,All weather ,4628,3.34,,,,,,activities/10289544570.fit.gz,,,4628.0,3198.0,3348.0,2.2,1.047,0.0,11.0,-10.2,1.8,48.2,-0.2,,,125.0,41.0,,,,,85.0,,,,,,,,,,,,,,0.0,,0.0,,1.0,,,,,,,,,,,,,,,,,,,,,,,,,,,0.0,0.723,0.0,,,,,,,,,,,,,,,,,,,,,media/2e78339b-5acc-4013-a370-a20e0bb02fe6.jpg|media/53c663c7-5b23-4a78-acb6-cef2c90b3d5c.jpg
9588364364,"Aug 5, 2023, 12:51:54 PM",Afternoon Stand Up Paddling,Stand Up Paddling,Supάκιασμα 🍺,1277,0.93,,,,,,activities/10281424437.fit.gz,,,1277.0,1053.0,929.0,2.0,0.882,14.0,14.0,-11.4,8.4,48.9,0.5,,,94.0,40.0,,,,,23.0,,,,,,,,,,,,,,0.0,,0.0,,1.0,,,,,,,,,,,,,,,,,,,,,,,,,,,0.0,0.727,0.0,,,,,,,,,,,,,,,,,,,,,media/897cc1e4-3841-44f7-8850-96b23ba5c31a.jpg
9588362303,"Aug 5, 2023, 8:19:50 AM",Lunch Trail Run,Run,"Ανάβαση- σκάλα Τζαβέλαινας 
Επιστροφή- μέσα από Αχέροντα ",9940,9.02,,,,,,activities/10281422109.fit.gz,,,9940.0,5272.0,9027.0,8.2,1.712,463.8,447.0,67.1,292.6,49.8,0.0,,,102.0,70.0,,,,,669.0,,,,,,,,,,,,,,0.0,,0.0,,1.0,12211.0,,,,,,,,,,,,,,,,7337777.0,,,,,,,,,,0.0,0.908,5688.0,,,,13602.0,,,,,,,,,,,,,,,,,media/03f3ac30-d6b0-44f8-ac6f-0bbc1b869b72.jpg|media/2007e0a6-ddd9-4fe1-b4f9-1c6c41634828.jpg|media/8739bd1b-3b2f-422d-bf6d-ab59821a3336.jpg|media/0c985207-fdf1-464c-8220-af0ff31344c1.jpg|media/69095e67-2314-4a45-9d51-c150c09cc9e9.jpg|media/9efe6366-0d0a-47de-a782-2e3560433203.jpg|media/3fd731d2-a1a5-4512-84e9-fa7d2ab64148.jpg
9582283478,"Aug 4, 2023, 2:37:51 PM",Afternoon Stand Up Paddling,Stand Up Paddling,Ο σεντ Δομίνικος.. της Ηπείρου ,4310,3.50,,,,,,activities/10274987223.fit.gz,,,4310.0,2935.0,3505.0,2.4,1.194,23.0,37.0,-10.4,17.4,49.2,-0.6,,,141.0,39.0,,,,,79.0,,,,,,,,,,,,,,0.0,,0.0,,1.0,,,,,,,,,,,,,,,,,,,,,,,,,,,0.0,0.813,0.0,,,,,,,,,,,,,,,,,,,,,media/1e8e208e-0dc0-4172-b421-117ff6092266.jpg|media/4f16515d-cabd-4f3b-93d6-0b5b5ff4aeb3.jpg|media/b0d4df36-75cb-455f-b6ee-b247e823f7a2.jpg
9580932684,"Aug 4, 2023, 6:48:51 AM",Morning Trail Run,Run,"Ανάβαση σπήλαιο Αγ.Αρσένης...
Τοπίο βγαλμένο από Indiana Jones ",8983,13.17,,,,,,activities/10273552552.fit.gz,,,8983.0,6406.0,13178.0,6.2,2.057,986.8,812.0,552.0,1355.5,49.2,-0.1,,,170.0,77.0,,,,,892.0,,,,,,,,,,,,,,0.0,,0.0,,1.0,19352.2,,,,,,,,,,,,,,,,7337777.0,,,,,,,,,,0.0,1.467,8372.0,,,,18116.0,,,,,,,,,,,,,,,,,media/039e4402-6ef2-4764-87cf-184849a46a2b.jpg|media/b3027299-d578-4846-a2ab-be843b48373b.jpg|media/5d7656e7-4275-4601-bfeb-f31d9e5687e2.jpg|media/0c465623-e438-4642-85c1-1e68566f3f43.jpg|media/444272cd-d69e-41d0-bd57-e3228be1022a.jpg|media/4170455f-cf5c-4c51-9cdf-add673fd7ad5.jpg
9580928865,"Aug 3, 2023, 9:22:10 AM",Lunch Trail Run,Run,"",1724,1.47,,,,,,activities/10273548644.fit.gz,,,1724.0,1253.0,1469.0,2.2,1.172,107.0,85.0,594.6,653.4,45.7,1.2,,,92.0,52.0,,,,,85.0,,,,,,,,,,,,,,0.0,,0.0,,1.0,2016.5,,,,,,,,,,,,,,,,7337777.0,,,,,,,,,,0.0,0.852,18.0,,,,2554.0,,,,,,,,,,,,,,,,,""
9513684074,"Jul 24, 2023, 5:07:42 PM",Evening Trail Run,Run,"",2922,6.77,,,,,,activities/10202546113.fit.gz,,,2922.0,2736.0,6777.0,3.8,2.477,273.5,248.0,207.7,434.0,48.9,0.0,,,109.0,83.0,,,,,495.0,,,,,,,,,,,,,,0.0,,0.0,,1.0,7983.0,,,,,,,,,,,,,,,,7337777.0,,,,,,,,,,0.0,2.319,5323.0,,,,7636.0,,,,,,,,,,,,,,,,,""
9461955333,"Jul 16, 2023, 9:52:22 AM",Lunch Hike,Hike,"Ποταμοδιασχιση με ομάδα Ψ.Ν.Τ 
[strava://athletes/88632818/10]elpida spi [strava://athletes/98575649/13]Dora Kouretsi [strava://athletes/62688759/18]Panagiotis Yfantis 
( & παγωμένες βουτιές για ξέπλυμα )",11179,7.20,186.0,34,,,,activities/10147817897.fit.gz,,,11179.0,7593.0,7199.0,3.6,0.948,378.0,384.0,129.2,340.8,49.7,0.1,,,108.0,59.0,,117.0,,,1143.0,,,34.0,,,,,,,,,,,0.0,,0.0,,1.0,,,,,,,,,,,,,,,,,7337777.0,,,,,,,,,,0.0,0.644,0.0,,,,,,,,,,,,,,,,,,,,,media/c445b463-0cc2-4fd5-8395-ba26189cbe18.jpg
9461954652,"Jul 15, 2023, 4:42:10 PM",Evening Trail Run,Hike,"Απλά να δούμε τη παραλία..αλλά δεν ήταν κ τόσο έξυπνη η ανάβαση της πλαγιάς ξανά με [strava://athletes/62688759/18]Panagiotis Yfantis
Τελικά επιστρέψαμε με επιτυχία κ κάτι παράσημα παρέα...",6695,3.54,,,,,,activities/10147817446.fit.gz,,,6695.0,2468.0,3541.0,7.4,1.435,127.0,109.0,4.6,45.0,50.0,-0.1,,,109.0,59.0,,,,,359.0,,,,,,,,,,,,,,0.0,,0.0,,1.0,4077.2,,,,,,,,,,,,,,,,7337777.0,,,,,,,,,,0.0,0.529,3441.0,,,,5770.0,,,,,,,,,,,,,,,,,media/0efc5d98-7131-4c8e-a0c9-88dc5dd6dfe7.jpg|media/549f55b7-75ad-44ae-a473-a0dbf4369a25.jpg|media/623e8820-d464-4aed-a0a2-fb5ad56d9f42.jpg|media/b6cf3874-c125-4249-be3d-18017d71743d.jpg
9461954597,"Jul 15, 2023, 12:25:13 PM",Afternoon Stand Up Paddling,Stand Up Paddling,"SUP delivery σουβλάκια με ευνοϊκή φουρτούνα.
Αφού δε φτάσαμε Σκύρο με [strava://athletes/62688759/18]Panagiotis Yfantis όλα γκουντ...
",9509,6.33,,,,,,activities/10147817387.fit.gz,,,9509.0,4977.0,6333.0,3.0,1.272,7.0,12.0,-6.0,8.0,40.0,0.1,,,127.0,39.0,,,,,174.0,,,,,,,,,,,,,,0.0,,0.0,,1.0,,,,,,,,,,,,,,,,,,,,,,,,,,,0.0,0.666,0.0,,,,,,,,,,,,,,,,,,,,,""
9450489860,"Jul 14, 2023, 2:48:08 PM",Afternoon Trail Run,Run,Ο καμμένος δε φοβάται τη φωτιά 🔥,3403,10.14,,,,,,activities/10135651547.fit.gz,,,3403.0,3373.0,10145.0,5.2,3.008,313.0,334.0,258.8,428.2,47.3,-0.3,,,91.0,86.0,,,,,733.0,,,,,,,,,,,,,,0.0,,0.0,,1.0,11479.4,,,,,,,,,,,,,,,,7337777.0,,,,,,,,,,0.0,2.981,9260.0,,,,9462.0,,,,,,,,,,,,,,,,,""
9431575075,"Jul 11, 2023, 3:10:37 PM",Evening Trail Run,Run,"Ολυμπιονίκης Μαλ@κας: 
Είναι αυτός ο οποίος δουλεύει με καύσωνα στον ήλιο , εν συνεχεία επιλέγει να τρέχει σε πέτρες ξανά στον ήλιο..με απωτερο σκοπό να προλάβει τις βραδινές κερασμενες μπύρες.. που πέφτει ο ήλιος..!! 🪇

-Γιατί έτσι μας αρέσει-
                      Amstel 2023μ.Χ
",3600,7.12,,,,,,activities/10115779834.fit.gz,,,3600.0,3504.0,7128.0,5.4,2.034,670.3,560.0,196.5,449.8,48.9,0.4,,,120.0,83.0,,,,,456.0,,,,,,,,,,,,,,0.0,,0.0,,1.0,12134.5,,,,,,,,,,,,,,,,7337777.0,,,,,,,,,,0.0,1.98,1006.0,,,,9940.0,,,,,,,,,,,,,,,,,""
9425644795,"Jul 10, 2023, 4:42:15 PM",Evening Trail Run,Run,Καυσωνική ξεμπουκωματική,3228,11.15,,,,,,activities/10109552442.fit.gz,,,3228.0,3196.0,11158.0,5.6,3.491,319.6,316.0,208.1,449.8,34.3,-0.1,,,95.0,90.0,,,,,802.0,,,,,,,,,,,,,,0.0,,0.0,,1.0,12115.0,,,,,,,,,,,,,,,,7337777.0,,,,,,,,,,0.0,3.457,9430.0,,,,9822.0,,,,,,,,,,,,,,,,,""
9420648247,"Jul 9, 2023, 5:00:20 PM",Evening Trail Run,Run,"Για καλή τους τύχη σημερα.. κατεβάσαμε 25 αμάξια μπλοκαρισμένα στον δασικό διότι είχαν προορισμό το θέατρο Πέτρας αλλά το λανθασμένο στίγμα GPS τους έβγαζε όλους  ταυτόχρονα πάνω στο βουνό.... το δεύτερο κ ΚΥΡΙΌΤΕΡΟ αφύλακτη είσοδο του βουνού στην είσοδο του αμαξοστασίου με ανύπαρκτη  μπάρα,σε περίοδο πυρασφάλειας κ κόκκινου συναγερμού.
(ευτυχώς που ειμασταν δύο άτομα κ τρέχαμε.. ένας έκλεισε το δρόμο κ ο άλλος έκανε το παρκαδορο για αποσυμφόρηση)
1.  δημοτική αρχή /δασαρχεία - ΥΠΕΝ/ ξύνουν  ΠΑΠΑΡΙΑ για ακόμη μία φορά στο συγκεκριμένο θέμα.
2. Ενημερώσαμε πυρασφάλεια να πάει να φυλάξει είσοδο ώστε να αποτρέψει άνοδο κ άλλων αυτοκινήτων..
3. Εκτός από την ασφάλεια οδηγών που είχαν φρακαρει στον δασικό υπήρχε κ κίνδυνος για το βουνό με τόσες μηχανές βράδυ αναμένες κ κάποιους οδηγους σαστισμένους...
-πυροσβεστική/ασθενοφόρο κ οποιαδήποτε άλλο όχημα απλά δεν ανέβαινε σε έκτακτη ανάγκη.
4. Φωτιές στα ΒΟΥΝΆ ΒΆΖΟΥΝ ΟΙ ΠΟΛΙΤΙΚΈΣ ΕΠΙΛΟΓΈΣ κ οι πολιτικές ανευθυνότητες.
_ΝΟΎΜΕΡΑ._

Υγ τα υπόλοιπα από κοντά.",5214,8.21,,,,,,activities/9420648247.fit,,,5214.0,4275.0,8215.8,4.566,1.922,514.0,507.0,198.0,440.2,48.9,0.1,,,,,,,,,978.0,,28.0,,,,,,,,,,,,0.0,,0.0,,1.0,11208.0,,,,,,,,,,,,,,,,7337777.0,,,,,,,,,,0.0,1.576,3852.3,,,,,,,,,,,,,,,,,,,,,""
9413538659,"Jul 8, 2023, 4:28:06 PM",Evening Swim,Swim,"",1477,"1,039",121.0,2,,,,activities/10096686483.fit.gz,,,1477.0,1446.0,1039.0,5.463,0.719,0.0,0.0,-4.8,9.8,47.0,0.3,,,,,,82.0,,,97.0,,,2.0,,,,,,,,,,,0.0,,0.0,,1.0,,,,,,,,,,,,,,,,,,,,,,,,,,,0.0,0.703,0.0,,,,,,,,,,,,,,,,,,,,,""
9412686452,"Jul 8, 2023, 11:52:29 AM",Afternoon Stand Up Paddling,Stand Up Paddling,⛺🤫🩵🍻,10607,6.68,,,,,,activities/10095773102.fit.gz,,,10607.0,5807.0,6681.0,5.4,1.151,0.0,0.0,-3.6,7.2,35.6,0.0,,,113.0,42.0,,,,,195.0,,,,,,,,,,,,,,0.0,,0.0,,1.0,,,,,,,,,,,,,,,,,,,,,,,,,,,0.0,0.63,0.0,,,,,,,,,,,,,,,,,,,,,media/b86e4bef-1114-4ee6-ab94-92c0f9567943.jpg|media/9280c0bb-185a-4cee-b2df-3378c71c7305.jpg|media/12ae162e-b384-4aee-9b29-3b0f1a033fbe.jpg
9406673020,"Jul 7, 2023, 3:44:10 PM",Evening Trail Run,Run,Χέστηκε η Φατμέ στο Γενί τζαμί ,3255,7.05,,,,,,activities/10089405478.fit.gz,,,3255.0,2979.0,7052.0,5.4,2.367,234.4,200.0,198.6,433.6,47.5,-0.2,,,90.0,83.0,,,,,544.0,,,,,,,,,,,,,,0.0,,0.0,,1.0,7862.4,,,,,,,,,,,,,,,,7337777.0,,,,,,,,,,0.0,2.167,5950.0,,,,8244.0,,,,,,,,,,,,,,,,,""
9388305291,"Jul 4, 2023, 4:55:06 PM",Evening Trail Run,Run,"Για να αντέξεις.
Η μπύρα θέλει προπόνηση κ η προπόνηση μπύρα..
-Μονοπάτης Ποικιλεύς ο κυνικός ",2709,5.86,,,,,,activities/10070072704.fit.gz,,,2709.0,2670.0,5861.0,4.6,2.195,539.2,435.0,199.2,449.8,48.9,0.5,,,108.0,84.0,,,,,385.0,,,,,,,,,,,,,,0.0,,0.0,,1.0,9646.5,,,,,,,,,,,,,,,,7337777.0,,,,,,,,,,0.0,2.164,977.5,,,,7556.0,,,,,,,,,,,,,,,,,""
9381225185,"Jul 3, 2023, 3:21:37 PM",Evening Trail Run,Run,"",2837,9.54,,,,,,activities/10062644516.fit.gz,,,2837.0,2775.0,9544.0,5.4,3.439,304.3,283.0,209.1,370.2,48.9,-0.1,,,136.0,88.0,,,,,688.0,,,,,,,,,,,,,,0.0,,0.0,,1.0,10824.5,,,,,,,,,,,,,,,,7337777.0,,,,,,,,,,0.0,3.364,7837.0,,,,8112.0,,,,,,,,,,,,,,,,,""
9376061356,"Jul 2, 2023, 3:47:04 PM",Evening Trail Run,Run,"",3239,7.30,,,,,,activities/10057162686.fit.gz,,,3239.0,3167.0,7307.0,4.6,2.307,261.6,254.0,204.1,449.8,47.5,0.1,,,87.0,82.0,,,,,496.0,,,,,,,,,,,,,,0.0,,0.0,,1.0,8240.4,,,,,,,,,,,,,,,,7337777.0,,,,,,,,,,0.0,2.256,5559.0,,,,8714.0,,,,,,,,,,,,,,,,,""
9369982212,"Jul 1, 2023, 2:48:17 PM",Afternoon Stand Up Paddling,Stand Up Paddling,Bonus : με τους (σκηνο)βάτες ⛺,2774,2.44,117.0,3,,,,activities/10050724054.fit.gz,,,2774.0,2128.0,2441.0,2.6,1.147,0.0,0.0,-1.6,6.4,25.7,0.1,,,108.0,40.0,,86.0,,,220.0,,,3.0,,,,,,,,,,,0.0,,0.0,,1.0,,,,,,,,,,,,,,,,,,,,,,,,,,,0.0,0.88,0.0,,,,,,,,,,,,,,,,,,,,,media/6ff90173-51d1-46f0-97a9-4a44544c817d.jpg
9370029497,"Jul 1, 2023, 11:15:35 AM",Afternoon Stand Up Paddling,Stand Up Paddling,Summer Sherpa ,8264,5.62,121.0,8,,,,activities/10050774047.fit.gz,,,8264.0,5375.0,5624.0,3.8,1.046,37.0,37.0,-5.8,23.6,50.0,0.0,,,106.0,43.0,,83.0,,,466.0,,,8.0,,,,,,,,,,,0.0,,0.0,,1.0,,,,,,,,,,,,,,,,,,,,,,,,,,,0.0,0.681,0.0,,,,,,,,,,,,,,,,,,,,,media/047266b2-f970-4996-ae33-abb2122b7854.jpg|media/a5370604-a927-4233-8846-52c39c500952.jpg|media/dbda7a41-44ba-47f5-8eaf-752d5440d192.jpg
9369974263,"Jul 1, 2023, 9:47:02 AM",Lunch Swim,Swim,Περίπολος βραχονησίδες ,2450,"1,677",147.0,23,,,,activities/10050715821.fit.gz,,,2450.0,2385.0,1677.0,1.333,0.703,0.0,0.0,-6.8,9.6,48.8,0.1,,,,,,130.0,,,335.0,,,23.0,,,,,,,,,,,0.0,,0.0,,1.0,,,,,,,,,,,,,,,,,,,,,,,,,,,0.0,0.684,0.0,,,,,,,,,,,,,,,,,,,,,""
9363155637,"Jun 30, 2023, 3:31:07 PM",Evening Trail Run,Run,Ξεπέτα,1947,4.29,,,,,,activities/10043060918.fit.gz,,,1947.0,1883.0,4291.0,5.8,2.279,380.5,331.0,213.2,449.8,48.9,0.3,,,109.0,85.0,,,,,292.0,,,,,,,,,,,,,,0.0,,0.0,,1.0,7030.5,,,,,,,,,,,,,,,,7337777.0,,,,,,,,,,0.0,2.204,920.0,,,,5476.0,,,,,,,,,,,,,,,,,""
9357945753,"Jun 29, 2023, 4:51:29 PM",Evening Trail Run,Run,"ΑΜΣΤΕΛ day
50% δωρεάν προϊόν (αλουμίνιο)",3030,9.14,,,,,,activities/10037495127.fit.gz,,,3030.0,3003.0,9145.0,4.8,3.045,246.9,201.0,210.2,370.2,24.4,0.1,,,107.0,91.0,,,,,659.0,,,,,,,,,,,,,,0.0,,0.0,,1.0,10076.5,,,,,,,,,,,,,,,,7337777.0,,,,,,,,,,0.0,3.018,8087.0,,,,9096.0,,,,,,,,,,,,,,,,,""
9351980046,"Jun 28, 2023, 4:57:38 PM",Evening Trail Run,Run,"",3741,8.02,,,,,,activities/10031197399.fit.gz,,,3741.0,3643.0,8021.0,3.6,2.202,271.2,239.0,212.0,433.6,46.7,0.1,,,98.0,81.0,,,,,552.0,,,,,,,,,,,,,,0.0,,0.0,,1.0,9269.7,,,,,,,,,,,,,,,,7337777.0,,,,,,,,,,0.0,2.144,5348.0,,,,9844.0,,,,,,,,,,,,,,,,,""
9325232519,"Jun 24, 2023, 3:05:22 AM",Morning Trail Run,Run,"Sea to summit κ καπάκι κατρακύλα 
0-3.000-0 ☠️🪨
Bonus 🌿",29494,43.43,,,,,,activities/10002939320.fit.gz,,,29494.0,24042.0,43429.0,7.0,1.806,3202.0,2903.0,11.2,2757.6,49.9,0.6,,,124.0,73.0,,,,,2750.0,,,,,,,,,,,,,,0.0,,0.0,,1.0,66045.2,,,,,,,,,,,,,,,,7337777.0,,,,,,,,,,0.0,1.472,37519.0,,,,62524.0,,,,,,,,,,,,,,,,,media/e8ad853f-7255-407a-a980-a918cc601ac8.jpg|media/0a39c214-7ea6-4709-8abf-3fb34bff5ffd.jpg|media/f208109a-3cc4-408f-b708-f20a465e2865.jpg|media/aa149822-2f87-48d8-bc1b-65336273fa5b.jpg|media/324be3bc-864c-4999-980d-54e2de387dbe.jpg|media/47c35c00-7b8b-4737-98d3-8c9d0dc3b258.jpg|media/2b56f535-1804-4ea2-bfa5-9c0bfeea6e76.jpg|media/3dfbf117-6b9e-4de2-8e55-6dd4f5943349.jpg
9320391916,"Jun 23, 2023, 2:17:40 PM",Afternoon Trail Run,Walk,🤯🏞️,5528,2.04,,,,,,activities/9997819478.fit.gz,,,5528.0,2135.0,2042.0,3.8,0.956,108.0,261.0,306.6,453.8,49.2,-5.0,,,87.0,54.0,,,,,1479.0,,,,,,,,,,,,,,0.0,,0.0,,1.0,2740.0,,,,,,,,,,,,,,,,7337777.0,,,,,,,,,,0.0,0.369,1181.0,,,,3126.0,,,,,,,,,,,,,,,,,media/510224fb-163d-4584-a62b-a2ff34630223.mp4|media/877d2a6a-c6c2-431f-b86f-ebfbca3144f3.jpg|media/129b8eae-47a9-437a-90c9-30c2b4e13dc9.jpg|media/986ae2e3-e18b-4f71-a3ae-79ba37b20464.jpg
9315387038,"Jun 22, 2023, 5:06:29 PM",Evening Trail Run,Run,"",1801,4.79,,,,,,activities/9992535556.fit.gz,,,1801.0,1757.0,4789.0,6.2,2.726,82.3,54.0,205.4,273.1,40.0,-0.1,,,101.0,86.0,,,,,345.0,,,,,,,,,,,,,,0.0,,0.0,,1.0,5063.0,,,,,,,,,,,,,,,,7337777.0,,,,,,,,,,0.0,2.659,3897.0,,,,4818.0,,,,,,,,,,,,,,,,,""
9308964914,"Jun 21, 2023, 4:35:25 PM",Evening Trail Run,Run,"",3905,9.56,,,,,,activities/9985774654.fit.gz,,,3905.0,3585.0,9559.0,6.8,2.666,466.9,459.0,205.4,450.6,49.1,0.0,,,197.0,87.0,,,,,672.0,,,,,,,,,,,,,,0.0,,0.0,,1.0,12205.3,,,,,,,,,,,,,,,,7337777.0,,,,,,,,,,0.0,2.448,5788.0,,,,10186.0,,,,,,,,,,,,,,,,,""
9296439264,"Jun 19, 2023, 5:31:08 PM",Evening Trail Run,Run,"",2642,6.05,,,,,,activities/9972326913.fit.gz,,,2642.0,2594.0,6050.0,3.8,2.332,177.0,174.0,206.1,365.7,25.0,-0.1,,,91.0,82.0,,,,,432.0,,,,,,,,,,,,,,0.0,,0.0,,1.0,6743.4,,,,,,,,,,,,,,,,7337777.0,,,,,,,,,,0.0,2.29,3628.0,,,,7164.0,,,,,,,,,,,,,,,,,""
9288151853,"Jun 18, 2023, 8:12:50 AM",Lunch Trail Run,Run,Χιουμίδιδι θανάτου 💧,9161,21.07,,,,,,activities/9963549060.fit.gz,,,9161.0,7864.0,21069.0,4.6,2.679,725.8,613.0,215.5,433.5,49.3,0.0,,,101.0,83.0,,,,,1552.0,,,,,,,,,,,,,,0.0,,0.0,,1.0,24088.4,,,,,,,,,,,,,,,,7337777.0,,,,,,,,,,0.0,2.3,19144.0,,,,21564.0,,,,,,,,,,,,,,,,,""
9281577018,"Jun 17, 2023, 7:21:43 AM",Morning Trail Run,Run,Δίμπαλο,8460,9.71,,,,,,activities/9956541805.fit.gz,,,8460.0,5883.0,9710.0,5.0,1.651,1143.0,1134.0,499.8,1071.8,49.2,0.1,,,119.0,73.0,,,,,617.0,,,,,,,,,,,,,,0.0,,0.0,,1.0,18262.6,,,,,,,,,,,,,,,,7337777.0,,,,,,,,,,0.0,1.148,7029.0,,,,17978.0,,,,,,,,,,,,,,,,,""
9277539706,"Jun 16, 2023, 4:31:25 PM",Evening Trail Run,Run,Error 404,2232,4.54,,,,,,activities/9952263266.fit.gz,,,2232.0,2165.0,4547.0,4.0,2.1,210.0,187.0,232.2,427.4,31.1,0.4,,,98.0,81.0,,,,,306.0,,,,,,,,,,,,,,0.0,,0.0,,1.0,5561.6,,,,,,,,,,,,,,,,7337777.0,,,,,,,,,,0.0,2.037,3263.0,,,,5934.0,,,,,,,,,,,,,,,,,""
9272371141,"Jun 15, 2023, 4:09:47 PM",Evening Ride,Ride,.... άλλος για την βάρκα μας..,10218,25.45,,,,,CYCL⚙️PATH  ,activities/9946801595.fit.gz,,16.0,10218.0,5476.0,25458.0,14.4,4.649,275.1,242.0,48.2,215.6,48.6,0.0,,,,,,,,232.0,187.0,,,,,,,,,,,,,,0.0,,0.0,,1.0,,,,,,,,,,,,,,,,11507033.0,,,,,,,,,,,0.0,2.491,51.0,,,,,,,,,,,,,,,,,,,,,media/243ed96d-a684-4a00-b1fa-42c37153b72c.jpg
9271049838,"Jun 15, 2023, 2:47:14 PM",Afternoon Trail Run,Run,"",3376,8.43,,,,,,activities/9945413346.fit.gz,,,3376.0,3261.0,8438.0,5.6,2.588,329.3,296.0,208.1,450.6,48.9,0.0,,,94.0,83.0,,,,,602.0,,,,,,,,,,,,,,0.0,,0.0,,1.0,9767.9,,,,,,,,,,,,,,,,7337777.0,,,,,,,,,,0.0,2.499,6670.0,,,,8844.0,,,,,,,,,,,,,,,,,""
9259049450,"Jun 13, 2023, 4:42:57 PM",Evening Trail Run,Run,Νεκρώσιμος Ακολουθία,3299,6.93,,,,,,activities/9932769628.fit.gz,,,3299.0,3019.0,6930.0,5.2,2.295,293.7,232.0,204.6,450.6,49.1,0.2,,,95.0,80.0,,,,,483.0,,,,,,,,,,,,,,0.0,,0.0,,1.0,8295.7,,,,,,,,,,,,,,,,7337777.0,,,,,,,,,,0.0,2.101,5137.0,,,,8038.0,,,,,,,,,,,,,,,,,""
9253255671,"Jun 12, 2023, 6:00:25 PM",Night Trail Run,Run,"",2697,7.49,,,,,,activities/9926664107.fit.gz,,,2697.0,2670.0,7491.0,4.8,2.806,243.8,192.0,211.7,433.5,35.6,0.1,,,92.0,85.0,,,,,542.0,,,,,,,,,,,,,,0.0,,0.0,,1.0,8347.2,,,,,,,,,,,,,,,,7337777.0,,,,,,,,,,0.0,2.778,6773.0,,,,7360.0,,,,,,,,,,,,,,,,,""
9244219745,"Jun 11, 2023, 8:28:16 AM",Lunch Trail Run,Run,"",6248,20.37,,,,,,activities/9917091352.fit.gz,,,6248.0,6125.0,20376.0,5.2,3.327,378.6,292.0,210.3,370.2,37.8,-0.1,,,110.0,87.0,,,,,1464.0,,,,,,,,,,,,,,0.0,,0.0,,1.0,21679.9,,,,,,,,,,,,,,,,7337777.0,,,,,,,,,,0.0,3.261,19686.0,,,,17930.0,,,,,,,,,,,,,,,,,""
9238963052,"Jun 10, 2023, 12:16:15 PM",Afternoon Trail Run,Run,"",4865,9.12,,,,,,activities/9911505408.fit.gz,,,4865.0,4834.0,9126.0,5.6,1.888,818.3,670.0,208.3,449.8,49.1,0.4,,,114.0,82.0,,,,,579.0,,,,,,,,,,,,,,0.0,,0.0,,1.0,15110.9,,,,,,,,,,,,,,,,7337777.0,,,,,,,,,,0.0,1.876,1605.0,,,,12860.0,,,,,,,,,,,,,,,,,""
9233829773,"Jun 9, 2023, 4:29:11 PM",Evening Trail Run,Run,"",2641,8.21,,,,,,activities/9906072271.fit.gz,,,2641.0,2618.0,8209.0,5.8,3.136,357.3,304.0,208.1,434.3,44.4,-0.1,,,147.0,88.0,,,,,571.0,,,,,,,,,,,,,,0.0,,0.0,,1.0,10032.0,,,,,,,,,,,,,,,,7337777.0,,,,,,,,,,0.0,3.108,5663.0,,,,7772.0,,,,,,,,,,,,,,,,,""
9222040408,"Jun 7, 2023, 3:00:30 PM",Evening Trail Run,Run,"",6729,9.68,,,,,,activities/9893691996.fit.gz,,,6729.0,5295.0,9680.0,4.6,1.828,821.2,783.0,498.8,1069.8,49.1,0.0,,,105.0,75.0,,,,,641.0,,,,,,,,,,,,,,0.0,,0.0,,1.0,15688.6,,,,,,,,,,,,,,,,7337777.0,,,,,,,,,,0.0,1.439,8473.0,,,,14652.0,,,,,,,,,,,,,,,,,""
9214731025,"Jun 6, 2023, 4:00:59 PM",Evening Trail Run,Run,"",3614,9.09,,,,,,activities/9885987645.fit.gz,,,3614.0,3364.0,9093.0,6.2,2.703,270.1,206.0,205.4,433.3,48.9,0.0,,,91.0,85.0,,,,,687.0,,,,,,,,,,,,,,0.0,,0.0,,1.0,9894.6,,,,,,,,,,,,,,,,7337777.0,,,,,,,,,,0.0,2.516,8078.0,,,,9680.0,,,,,,,,,,,,,,,,,""
9202155581,"Jun 4, 2023, 12:30:06 PM",Afternoon Stand Up Paddling,Stand Up Paddling,"",5946,4.21,109.0,3,,,,activities/9872726927.fit.gz,,,5946.0,3295.0,4214.0,2.4,1.279,8.0,0.0,-0.6,15.6,49.5,0.0,,,131.0,39.0,,69.0,,,267.0,,,3.0,,,,,,,,,,,0.0,,0.0,,1.0,,1685880064.0,3.0,27.2,26.9,12.6,0.4,1017.1,1.4,5.6,32.0,0.0,1685847936.0,1685900800.0,0.625,,,0.0,1.0,0.63,21188.4,5.0,,,,,0.0,0.709,0.0,,,,,,,,,,,,,,,,,,,,,media/5601119e-51d9-468f-a22e-70f3364519e6.jpg
9199367178,"Jun 4, 2023, 6:15:39 AM",Morning Trail Run,Run,"",7240,13.58,,,,,,activities/9869771542.fit.gz,,,7240.0,6319.0,13580.0,5.8,2.149,587.0,492.0,211.8,401.6,48.9,0.0,,,134.0,80.0,,,,,949.0,,,,,,,,,,,,,,0.0,,0.0,,1.0,16766.1,1685858432.0,1.0,23.1,22.4,10.2,0.44,1017.0,0.9,2.2,19.0,0.0,1685847808.0,1685900672.0,0.625,,7337777.0,0.04,5.0,0.06,27764.0,2.0,,,,,0.0,1.876,9178.0,,,,17300.0,,,,,,,,,,,,,,,,,""
9195136773,"Jun 3, 2023, 2:16:03 PM",Afternoon Swim,Swim,"",1834,"1,059",212.0,122,,,,activities/9865261402.fit.gz,,,1834.0,1834.0,1059.0,1.158,0.577,0.0,0.0,-4.4,6.2,40.0,-0.2,,,,,,184.0,,,623.0,,,122.0,,,,,,,,,,,0.0,,0.0,,1.0,,1685800832.0,1.0,25.0,25.1,14.7,0.53,1012.8,2.5,5.4,169.0,0.0,1685761408.0,1685814144.0,0.5,,,0.0,1.0,0.18,26982.0,3.0,,,,,0.0,0.577,0.0,,,,,,,,,,,,,,,,,,,,,media/751f500d-70fa-4257-9eca-ee510470d7bb.jpg|media/58bd99e9-28e5-4987-bf4d-e9ff9ffe1e4b.jpg|media/b07f7934-4bd9-4712-bb1d-5a2f9de0314e.jpg
9154537990,"May 28, 2023, 6:33:51 AM",Morning Trail Run,Run,"",6396,3.50,,,,,,activities/9822287706.fit.gz,,,6396.0,2039.0,3502.0,5.0,1.718,269.2,102.0,1256.9,1473.8,50.0,3.8,,,216.0,69.0,,,,,401.0,,,,,,,,,,,,,,0.0,,0.0,,1.0,5252.2,1685253632.0,1.0,12.4,11.7,7.6,0.73,1012.5,1.8,4.2,47.0,0.0,1685243520.0,1685296512.0,0.375,,7337777.0,0.31,5.0,0.23,22813.3,2.0,,,,,0.0,0.548,1764.0,,,,5538.0,,,,,,,,,,,,,,,,,""
9149376633,"May 27, 2023, 5:06:16 AM",Morning Trail Run,Run,"Κανένα σχόλιο...δες φωτο. 
Λόγια περιττά & άντε ΓΕια....
-ΜΑΓΕΊΑ-
Trail run μέχρι τάφο. 🍻",22177,40.49,,,,,,activities/9816763897.fit.gz,,,22177.0,19091.0,40493.0,7.4,2.121,2759.7,2587.0,914.7,1850.2,49.9,0.0,,,125.0,76.0,,,,,2769.0,,,,,,,,,,,,,,0.0,,0.0,,1.0,58133.8,1685163648.0,3.0,10.7,10.2,9.0,0.89,1015.0,1.6,4.2,61.0,0.0,1685157120.0,1685209984.0,0.25,,7337777.0,0.29,5.0,0.73,18024.0,1.0,,,,,0.0,1.826,22297.0,,,,48606.0,,,,,,,,,,,,,,,,,media/1a094f06-e0af-4921-9223-0c9ad544741a.jpg|media/e03c7fc6-52d4-4ba7-8022-c115be1b31e2.jpg|media/e8a29fa9-7679-4880-b0c5-e281daee11e8.jpg|media/ffb3a3a6-7468-464d-a8e6-671b7ab85dbf.jpg|media/fd87f0e5-f267-44ae-92fb-ac78c08cac6b.jpg|media/48354bec-54ff-43cc-a902-5be12acc475d.jpg|media/30d12351-53eb-47f6-a0ed-656b5d17a3ca.jpg|media/3ceb6a1f-1ca3-454a-9c91-4e85cdbc9f33.jpg|media/90db3b97-1f60-4092-b13f-7302595fe88a.jpg|media/e9f1db54-fe46-411a-baef-ac6f6674bee9.jpg|media/06a3e813-fc50-4a55-8fbf-e493ee681ee4.jpg|media/9c449893-7d08-405f-8a26-decc42ac2625.jpg|media/9b3494b9-620b-418a-bffc-3f14a1b92047.jpg
9138748180,"May 25, 2023, 3:27:26 PM",Evening Trail Run,Run,"Γαλβανισμένο ηλεκτρόδιο.
Ρούφα ",2517,6.12,,,,,,activities/9805217709.fit.gz,,,2517.0,2461.0,6126.0,4.2,2.489,256.7,251.0,209.7,436.4,40.0,0.0,,,92.0,84.0,,,,,430.0,,,,,,,,,,,,,,0.0,,0.0,,1.0,7165.1,1685026816.0,1.0,25.0,24.8,13.0,0.47,1013.6,1.5,4.4,134.0,0.0,1684984064.0,1685036160.0,0.125,,7337777.0,0.08,5.0,0.22,23736.4,2.0,,,,,0.0,2.434,4659.0,,,,6836.0,,,,,,,,,,,,,,,,,""
9126194861,"May 23, 2023, 4:26:26 PM",Evening Trail Run,Run,17' βενζοϋλομεθυλεκγονίνη 😳,2716,8.61,,,,,,activities/9789850050.fit.gz,,,2716.0,2578.0,8619.0,6.6,3.343,281.6,270.0,188.2,450.6,48.6,0.0,,,191.0,94.0,,,,,611.0,,,,,,,,,,,,,,0.0,,0.0,,1.0,9698.7,1684857600.0,2.0,23.3,22.7,11.3,0.47,1011.5,2.0,5.3,14.0,0.0,1684811392.0,1684863360.0,0.125,,7337777.0,0.18,5.0,0.46,19734.0,1.0,,,,,0.0,3.173,6672.0,,,,7722.0,,,,,,,,,,,,,,,,,""
9120350162,"May 22, 2023, 4:31:40 PM",Evening Trail Run,Run,"",2610,8.48,,,,,,activities/9783566853.fit.gz,,,2610.0,2517.0,8485.0,5.6,3.371,8.0,0.0,203.0,230.2,30.0,0.3,,,92.0,88.0,,,,,612.0,,,,,,,,,,,,,,0.0,,0.0,,1.0,8590.9,1684771200.0,3.0,19.6,19.4,12.9,0.65,1008.6,2.4,4.2,0.0,0.0,1684724992.0,1684776832.0,0.125,,7337777.0,0.45,5.0,0.72,18615.8,1.0,,,,,0.0,3.251,8001.0,,,,7512.0,,,,,,,,,,,,,,,,,""
9114125470,"May 21, 2023, 2:37:34 PM",Afternoon Trail Run,Run,"",3846,7.72,,,,,,activities/9776924659.fit.gz,,,3846.0,3815.0,7728.0,4.6,2.026,674.9,554.0,211.1,446.0,49.1,0.2,,,116.0,83.0,,,,,507.0,,,,,,,,,,,,,,0.0,,0.0,,1.0,12840.5,1684677632.0,3.0,22.8,22.6,13.3,0.55,1008.2,2.2,6.0,38.0,0.0,1684638592.0,1684690432.0,0.125,,7337777.0,0.45,5.0,0.75,21230.6,3.0,,,,,0.0,2.009,1150.5,,,,10422.0,,,,,,,,,,,,,,,,,""
9108028297,"May 20, 2023, 3:12:03 PM",Evening Trail Run,Run,"",8390,28.54,,,,,,activities/9770427029.fit.gz,,,8390.0,7944.0,28541.0,9.0,3.593,399.0,359.0,41.2,213.2,45.0,0.1,,,98.0,89.0,,,,,2148.0,,,,,,,,,,,,,,0.0,,0.0,,1.0,29529.3,1684594816.0,3.0,24.6,23.5,8.2,0.35,1011.9,3.8,6.9,47.0,0.0,1684552320.0,1684604032.0,0.0,,7337777.0,0.0,1.0,0.97,25989.2,1.0,,,,,0.0,3.402,478.0,,,,24674.0,,,,,,,,,,,,,,,,,""
9095338189,"May 18, 2023, 3:30:29 PM",Evening Trail Run,Run,10 x 2Min @ 4'14 min/km / 50s ;,3683,10.43,,,,,,activities/9757022749.fit.gz,,,3683.0,3267.0,10437.0,6.2,3.195,281.3,230.0,206.1,450.6,40.0,0.0,,,181.0,91.0,,,,,781.0,,,,,,,,,,,,,,0.0,,0.0,,1.0,11188.9,1684422016.0,3.0,21.6,21.3,12.2,0.55,1011.8,1.8,4.7,145.0,0.0,1684379520.0,1684431104.0,0.0,,7337777.0,0.19,5.0,0.74,24903.5,1.0,,,,,0.0,2.834,9038.0,,,,9734.0,,,,,,,,,,,,,,,,,""
9089048308,"May 17, 2023, 3:27:21 PM",Evening Trail Run,Run,"",5852,10.52,,,,,,activities/9750374797.fit.gz,,,5852.0,5317.0,10521.0,3.8,1.979,687.2,597.0,210.8,449.8,49.1,0.1,,,127.0,78.0,,,,,695.0,,,,,,,,,,,,,,0.0,,0.0,,1.0,15004.7,1684335616.0,3.0,22.1,21.3,8.9,0.43,1008.0,4.5,10.6,248.0,0.0,1684293248.0,1684344576.0,0.875,,7337777.0,0.0,1.0,0.79,25665.9,1.0,,,,,0.0,1.798,5141.0,,,,13928.0,,,,,,,,,,,,,,,,,""
9083056764,"May 16, 2023, 4:36:44 PM",Evening Trail Run,Run,Πλίτς,2688,10.20,,,,,,activities/9744061831.fit.gz,,,2688.0,2682.0,10205.0,6.4,3.805,289.7,262.0,209.1,433.4,37.5,-0.1,,,178.0,97.0,,,,,730.0,,,,,,,,,,,,,,0.0,,0.0,,1.0,11108.5,1684252800.0,3.0,21.0,21.0,14.0,0.64,1008.5,2.3,4.7,157.0,0.0,1684206848.0,1684258176.0,0.875,,7337777.0,0.22,5.0,0.94,15254.9,0.0,,,,,0.0,3.797,9353.0,,,,8540.0,,,,,,,,,,,,,,,,,""
9071359181,"May 14, 2023, 2:43:30 PM",Afternoon Stand Up Paddling,Stand Up Paddling,"",4956,4.92,136.0,5,,,,activities/9731674025.fit.gz,,,4956.0,4202.0,4924.0,2.4,1.172,0.0,0.0,-3.0,8.4,31.8,0.0,,,87.0,39.0,,72.0,,,173.0,,,5.0,,,,,,,,,,,0.0,,0.0,,1.0,,1684072832.0,2.0,20.5,20.0,10.6,0.53,1019.6,2.6,5.5,117.0,0.0,1684034048.0,1684085120.0,0.875,,,0.0,1.0,0.56,17729.0,3.0,,,,,0.0,0.994,0.0,,,,,,,,,,,,,,,,,,,,,media/5bcdbc84-f693-435e-994d-6dc752f79ef4.jpg|media/f376fa9c-5baf-405d-8e76-83230b7ef52f.jpg
9069529381,"May 14, 2023, 8:59:07 AM",Lunch Trail Run,Run,Καρκάμπιλο Lr,9720,19.63,,,,,,activities/9729729450.fit.gz,,,9720.0,8708.0,19634.0,4.2,2.255,839.0,743.0,212.9,450.6,49.5,0.0,,,105.0,81.0,,,,,1382.0,,,,,,,,,,,,,,0.0,,0.0,,1.0,23853.5,1684051200.0,3.0,22.0,21.5,10.6,0.48,1021.6,1.2,3.0,192.0,0.0,1684034176.0,1684085248.0,0.875,,7337777.0,0.0,1.0,0.82,25158.4,4.0,,,,,0.0,2.02,14599.0,,,,23042.0,,,,,,,,,,,,,,,,,""
9064944940,"May 13, 2023, 1:28:59 PM",Afternoon Trail Run,Run,"Explore ...🙌
",10760,18.03,,,,,,activities/9724776034.fit.gz,,,10760.0,8729.0,18038.0,6.2,2.066,1055.2,970.0,271.8,1013.2,49.4,0.0,,,113.0,78.0,,,,,1224.0,,,,,,,,,,,,,,0.0,,0.0,,1.0,24685.1,1683982848.0,2.0,20.4,19.8,10.0,0.51,1021.4,2.0,5.1,147.0,0.0,1683947776.0,1683998720.0,0.875,,7337777.0,0.0,1.0,0.62,25435.9,4.0,,,,,0.0,1.676,8491.0,,,,24298.0,,,,,,,,,,,,,,,,,media/31a4f9de-f8fc-4747-834a-ced38c117ba3.mp4|media/25f5ddc9-c6f6-41ae-bb2b-3c32d4e9c20d.mp4
9058456930,"May 12, 2023, 3:31:23 PM",Evening Trail Run,Run,"..Όταν κάτι παράξενο με πιάνει,
Δεν 'ναι τυχαίο που συναντάω πάντα τον Γιάnnie..🍺
",2678,7.25,,,,,,activities/9717925496.fit.gz,,,2678.0,2634.0,7254.0,5.4,2.754,12.0,7.0,206.4,216.4,11.4,0.1,,,90.0,86.0,,,,,537.0,,,,,,,,,,,,,,0.0,,0.0,,1.0,7340.7,1683903616.0,2.0,20.5,19.6,8.1,0.45,1017.6,1.6,6.7,143.0,0.0,1683861504.0,1683912320.0,0.875,,7337777.0,0.0,1.0,0.43,25073.1,1.0,,,,,0.0,2.709,6679.0,,,,7298.0,,,,,,,,,,,,,,,,,media/2b9aa9b2-2f6a-429e-afa1-b8543c7df50d.jpg
9047052105,"May 10, 2023, 4:29:45 PM",Evening Trail Run,Run,από-(νεύρωση),2452,9.48,,,,,,activities/9705903260.fit.gz,,,2452.0,2422.0,9479.0,6.4,3.914,185.9,138.0,205.4,364.6,32.5,0.0,,,191.0,94.0,,,,,677.0,,,,,,,,,,,,,,0.0,,0.0,,1.0,10013.3,1683734400.0,2.0,17.0,16.4,9.9,0.63,1015.2,4.0,8.4,21.0,0.0,1683688832.0,1683739392.0,0.625,,7337777.0,0.0,1.0,0.38,25059.5,0.0,,,,,0.0,3.866,8242.0,,,,7596.0,,,,,,,,,,,,,,,,,""
9035013736,"May 8, 2023, 4:47:29 PM",Evening Trail Run,Run,"",3169,9.22,,,,,,activities/9693102626.fit.gz,,,3169.0,3137.0,9221.0,4.8,2.939,290.4,265.0,205.9,370.2,31.4,0.0,,,93.0,88.0,,,,,665.0,,,,,,,,,,,,,,0.0,,0.0,,1.0,10264.5,1683561600.0,3.0,21.8,21.1,9.6,0.46,1015.2,2.1,5.4,178.0,0.0,1683516160.0,1683566592.0,0.625,,7337777.0,0.0,1.0,0.83,25611.9,0.0,,,,,0.0,2.91,7504.0,,,,9248.0,,,,,,,,,,,,,,,,,""
9028511357,"May 7, 2023, 1:19:03 PM",Afternoon Trail Run,Run,"",5647,15.94,,,,,,activities/9686166422.fit.gz,,,5647.0,5426.0,15941.0,7.2,2.938,659.7,575.0,374.8,941.6,49.1,0.0,,,104.0,86.0,,,,,1099.0,,,,,,,,,,,,,,0.0,,0.0,,1.0,19166.7,1683464448.0,1.0,21.5,20.6,8.5,0.43,1017.3,3.4,8.4,12.0,0.0,1683429760.0,1683480064.0,0.625,,7337777.0,0.0,1.0,0.21,24880.7,5.0,,,,,0.0,2.823,11333.0,,,,15760.0,,,,,,,,,,,,,,,,,""
9022454475,"May 6, 2023, 3:48:34 PM",Evening Trail Run,Run,"",2564,5.39,,,,,,activities/9679707779.fit.gz,,,2564.0,2448.0,5392.0,3.4,2.203,180.3,152.0,204.1,365.7,48.6,0.2,,,92.0,82.0,,,,,384.0,,,,,,,,,,,,,,0.0,,0.0,,1.0,6133.8,1683385216.0,1.0,20.9,20.0,8.1,0.44,1013.5,5.7,11.9,4.0,0.0,1683343488.0,1683393664.0,0.625,,7337777.0,0.0,1.0,0.13,24913.2,2.0,,,,,0.0,2.103,3165.0,,,,6804.0,,,,,,,,,,,,,,,,,""
9015816123,"May 5, 2023, 1:19:58 PM",Afternoon Trail Run,Run,"Urbaνικõ ""skyrûn"" 🙌🌇",8148,18.21,,,,,,activities/9672696164.fit.gz,,,8148.0,8053.0,18215.0,4.4,2.262,867.9,742.0,147.3,305.6,49.1,0.0,,,133.0,84.0,,,,,1295.0,,,,,,,,,,,,,,0.0,,0.0,,1.0,23364.0,1683291648.0,3.0,15.6,15.2,11.3,0.76,1012.8,4.5,9.3,3.0,0.0,1683257088.0,1683307136.0,0.5,,7337777.0,0.89,5.0,0.96,10591.8,3.0,,,,,0.0,2.236,8517.0,,,,21194.0,,,,,,,,,,,,,,,,,media/9ab16d0b-0420-4e9e-a005-ec91807187c3.jpg|media/87d6ebc9-d271-475e-a0e1-0a3e5f613dcf.jpg
9009985586,"May 4, 2023, 3:27:14 PM",Evening Trail Run,Run,"",2330,6.47,,,,,,activities/9666544636.fit.gz,,,2330.0,2319.0,6470.0,5.6,2.79,26.0,19.0,208.8,226.2,18.0,0.0,,,89.0,87.0,,,,,473.0,,,,,,,,,,,,,,0.0,,0.0,,1.0,6563.6,,,,,,,,,,,,,,,,7337777.0,,,,,,,,,,0.0,2.777,5778.5,,,,6592.0,,,,,,,,,,,,,,,,,""
9003261983,"May 3, 2023, 2:17:12 PM",Afternoon Trail Run,Run,"",3378,7.38,,,,,,activities/9659463487.fit.gz,,,3378.0,3293.0,7385.0,3.4,2.243,205.2,182.0,211.0,365.7,46.7,-0.2,,,93.0,83.0,,,,,523.0,,,,,,,,,,,,,,0.0,,0.0,,1.0,8074.0,,,,,,,,,,,,,,,,7337777.0,,,,,,,,,,0.0,2.186,4808.0,,,,9064.0,,,,,,,,,,,,,,,,,""
8983561279,"Apr 30, 2023, 7:00:04 AM",Morning Trail Run,Run,"....ανοίξτε μονοπάτια στη νέα γενιά../💪

Υ.Γ Παρνασσός αγώνας άψογος , καταπράσινος κ ομορφιές μόνο...  ⛰️ 💚",8346,23.42,,,,"",,activities/9638540333.fit.gz,,,8346.0,8344.0,23421.0,8.6,2.807,1396.0,1277.0,388.7,1491.5,49.1,0.0,,,124.0,84.0,,,,,1622.0,,,,,,,,,,,,,,0.0,,0.0,,1.0,31727.2,,,,,,,,,,,,,,,,,,,,,,,,,,0.0,2.806,2670.0,,,,22704.0,,,,,,,,,,,,,,,,,media/4d0a4ff8-3079-426b-bb9e-0531a8b02714.jpg
8979064818,"Apr 29, 2023, 3:50:10 PM",Evening Trail Run,Run,"",2024,5.05,,,,,,activities/9633740734.fit.gz,,,2024.0,1933.0,5054.0,6.4,2.615,134.2,142.0,388.7,482.5,48.6,-0.3,,,102.0,85.0,,,,,359.0,,,,,,,,,,,,,,0.0,,0.0,,1.0,5523.8,,,,,,,,,,,,,,,,7337777.0,,,,,,,,,,0.0,2.497,0.0,,,,5506.0,,,,,,,,,,,,,,,,,""
8972744034,"Apr 28, 2023, 3:15:02 PM",Evening Mountain Bike Ride,Ride,"",3012,12.02,,,,,CYCL⚙️PATH  ,activities/9627042557.fit.gz,,16.0,3012.0,3012.0,12022.0,14.6,3.991,299.4,246.0,150.6,370.2,48.9,0.0,,,,,,,,167.0,55.0,,,,,,,,,,,,,,0.0,,0.0,,1.0,,,,,,,,,,,,,,,,11507033.0,,,,,,,,,,,0.0,3.991,6696.0,,,,,,,,,,,,,,,,,,,,,""
8967252939,"Apr 27, 2023, 3:39:39 PM",Evening Trail Run,Run,"",2249,6.20,,,,,,activities/9621227414.fit.gz,,,2249.0,2217.0,6203.0,6.4,2.798,152.0,156.0,221.0,359.4,40.0,-0.1,,,131.0,86.0,,,,,455.0,,,,,,,,,,,,,,0.0,,0.0,,1.0,6671.8,,,,,,,,,,,,,,,,7337777.0,,,,,,,,,,0.0,2.758,4599.0,,,,6124.0,,,,,,,,,,,,,,,,,""
8961355515,"Apr 26, 2023, 3:35:43 PM",Evening Trail Run,Run,"",3354,8.77,,,,,,activities/9615001495.fit.gz,,,3354.0,3288.0,8775.0,5.8,2.669,131.0,128.0,204.0,244.5,48.6,0.1,,,91.0,85.0,,,,,656.0,,,,,,,,,,,,,,0.0,,0.0,,1.0,9173.6,,,,,,,,,,,,,,,,7337777.0,,,,,,,,,,0.0,2.616,6849.0,,,,9206.0,,,,,,,,,,,,,,,,,""
8954922873,"Apr 25, 2023, 2:21:48 PM",Afternoon Trail Run,Run,"",4405,12.11,,,,,,activities/9608183757.fit.gz,,,4405.0,4202.0,12114.0,6.2,2.883,300.9,225.0,192.4,343.8,49.1,-0.1,,,135.0,86.0,,,,,841.0,,,,,,,,,,,,,,0.0,,0.0,,1.0,13513.1,,,,,,,,,,,,,,,,7337777.0,,,,,,,,,,0.0,2.75,10395.0,,,,12042.0,,,,,,,,,,,,,,,,,""
8941735273,"Apr 23, 2023, 8:51:22 AM",Lunch Trail Run,Run,Γιορτή του μονοπατιού σήμερον ,6210,11.62,,,,,,activities/9593904994.fit.gz,,,6210.0,5692.0,11621.0,6.2,2.042,574.7,552.0,377.3,940.4,48.9,0.0,,,97.0,79.0,,,,,793.0,,,,,,,,,,,,,,0.0,,0.0,,1.0,14823.3,,,,,,,,,,,,,,,,7337777.0,,,,,,,,,,0.0,1.871,10523.0,,,,30828.0,,,,,,,,,,,,,,,,,""
8937346482,"Apr 22, 2023, 2:39:54 PM",Afternoon Trail Run,Run,1 x 30Min @ 3'54 min/km ,3039,10.27,,,,,,activities/9589245751.fit.gz,,,3039.0,2980.0,10276.0,6.2,3.448,253.6,220.0,206.1,370.2,48.6,0.0,,,197.0,91.0,,,,,742.0,,,,,,,,,,,,,,0.0,,0.0,,1.0,11039.7,,,,,,,,,,,,,,,,7337777.0,,,,,,,,,,0.0,3.381,9184.0,,,,17850.0,,,,,,,,,,,,,,,,,""
8936546119,"Apr 22, 2023, 10:21:05 AM",Afternoon Stand Up Paddling,Stand Up Paddling,"",5695,6.15,138.0,7,,,,activities/9588400257.fit.gz,,,5695.0,4555.0,6151.0,2.4,1.35,0.0,0.0,1.0,7.6,50.0,0.0,,,100.0,35.0,,83.0,,,320.0,,,7.0,,,,,,,,,,,0.0,,0.0,,1.0,,,,,,,,,,,,,,,,,,,,,,,,,,,0.0,1.08,0.0,,,,,,,,,,,,,,,,,,,,,""
8931493715,"Apr 21, 2023, 3:05:37 PM",Evening Trail Run,Run,"",5456,16.29,,,,,,activities/9583052960.fit.gz,,,5456.0,5436.0,16298.0,5.4,2.998,751.9,682.0,211.8,436.8,48.6,0.0,,,100.0,88.0,,,,,1181.0,,,,,,,,,,,,,,0.0,,0.0,,1.0,19335.6,,,,,,,,,,,,,,,,7337777.0,,,,,,,,,,0.0,2.987,14652.5,,,,30954.0,,,,,,,,,,,,,,,,,""
8928592211,"Apr 20, 2023, 2:37:53 PM",Afternoon Trail Run,Run,"",6470,14.98,,,,,,activities/9579966780.fit.gz,,,6470.0,6117.0,14983.0,4.0,2.449,414.7,351.0,209.0,433.3,48.6,0.0,,,91.0,85.0,,,,,1208.0,,,,,,,,,,,,,,0.0,,0.0,,1.0,16272.3,,,,,,,,,,,,,,,,7337777.0,,,,,,,,,,0.0,2.316,13333.0,,,,32954.0,,,,,,,,,,,,,,,,,""
8920240239,"Apr 19, 2023, 4:38:09 PM",Evening Mountain Bike Ride,Ride,"",2554,9.47,99.0,4,,,CYCL⚙️PATH  ,activities/9571198855.fit.gz,,16.0,2554.0,2366.0,9476.0,10.0,4.005,187.0,116.0,192.5,273.3,20.0,0.0,,,,,,88.0,,157.0,207.0,,,4.0,,,,,,,,,,,0.0,,0.0,,1.0,,,,,,,,,,,,,,,,11507033.0,,,,,,,,,,,0.0,3.71,7106.0,,,,,,,,,,,,,,,,,,,,,""
8913579642,"Apr 18, 2023, 2:33:32 PM",Afternoon Trail Run,Run,12 x 1.0km @ 3'37,6569,19.53,,,,,,activities/9564198088.fit.gz,,,6569.0,5884.0,19531.0,5.6,3.319,300.6,235.0,213.9,370.2,49.1,0.0,,,211.0,92.0,,,,,1405.0,,,,,,,,,,,,,,0.0,,0.0,,1.0,20695.1,,,,,,,,,,,,,,,,7337777.0,,,,,,,,,,0.0,2.973,18514.0,,,,35978.0,,,,,,,,,,,,,,,,,""
8907727346,"Apr 17, 2023, 1:53:41 PM",Afternoon Trail Run,Run,"",7862,12.92,,,,,,activities/9558022740.fit.gz,,,7862.0,6582.0,12919.0,4.6,1.963,931.8,926.0,274.4,984.5,49.1,0.0,,,112.0,76.0,,,,,853.0,,,,,,,,,,,,,,0.0,,0.0,,1.0,19257.2,,,,,,,,,,,,,,,,7337777.0,,,,,,,,,,0.0,1.643,11219.0,,,,34340.0,,,,,,,,,,,,,,,,,""
8902814123,"Apr 16, 2023, 3:56:07 PM",Evening Trail Run,Run,"",4184,12.45,,,,,,activities/9552791266.fit.gz,,,4184.0,4149.0,12453.0,5.0,3.001,391.7,358.0,206.1,360.5,48.9,0.0,,,92.0,86.0,,,,,910.0,,,,,,,,,,,,,,0.0,,0.0,,1.0,13692.1,,,,,,,,,,,,,,,,7337777.0,,,,,,,,,,0.0,2.976,10854.5,,,,23300.0,,,,,,,,,,,,,,,,,""
8893636395,"Apr 15, 2023, 7:53:43 AM",Morning Trail Run,Run,2.30h,8430,15.93,,,,,,activities/9542988239.fit.gz,,,8430.0,7750.0,15930.0,5.385,2.055,1164.8,1123.0,498.6,1341.7,49.1,0.0,,,110.0,81.0,,,,,1066.0,,,,,,,,,,,,,,0.0,,0.0,,1.0,23200.3,,,,,,,,,,,,,,,,7337777.0,,,,,,,,,,0.0,1.89,13851.0,,,,42862.0,,,,,,,,,,,,,,,,,""
8890502599,"Apr 14, 2023, 4:54:10 PM",Evening Trail Run,Run,"",3878,15.07,,,,,,activities/9539672764.fit.gz,,,3878.0,3874.0,15076.0,5.4,3.892,9.0,27.0,232.0,256.2,8.3,-0.1,,,93.0,89.0,,,,,1101.0,,,,,,,,,,,,,,0.0,,0.0,,1.0,15176.2,,,,,,,,,,,,,,,,7337777.0,,,,,,,,,,0.0,3.888,0.0,,,,24026.0,,,,,,,,,,,,,,,,,""
8884955589,"Apr 13, 2023, 4:08:10 PM",Evening Trail Run,Run,"",3699,8.64,,,,,,activities/9533796643.fit.gz,,,3699.0,3616.0,8639.0,4.6,2.389,402.4,316.0,210.3,433.2,48.9,0.0,,,117.0,83.0,,,,,609.0,,,,,,,,,,,,,,0.0,,0.0,,1.0,10899.4,,,,,,,,,,,,,,,,7337777.0,,,,,,,,,,0.0,2.335,5323.0,,,,20302.0,,,,,,,,,,,,,,,,,""
8878851623,"Apr 12, 2023, 3:55:54 PM",Evening Trail Run,Run,↑4'rest↓ t,2547,10.04,,,,,,activities/9527318585.fit.gz,,,2547.0,2535.0,10045.0,6.2,3.963,251.8,226.0,208.1,450.6,28.6,-0.1,,,101.0,94.0,,,,,727.0,,,,,,,,,,,,,,0.0,,0.0,,1.0,10616.0,,,,,,,,,,,,,,,,7337777.0,,,,,,,,,,0.0,3.944,9294.0,,,,15906.0,,,,,,,,,,,,,,,,,""
8872480042,"Apr 11, 2023, 2:33:24 PM",Afternoon Trail Run,Run,40 x 200m ,4328,13.19,,,,,,activities/9520065299.fit.gz,,,4328.0,3790.0,13189.0,7.0,3.48,0.0,26.0,212.2,230.8,40.0,-0.1,,,188.0,93.0,,,,,944.0,,,,,,,,,,,,,,0.0,,0.0,,1.0,13276.7,,,,,,,,,,,,,,,,7337777.0,,,,,,,,,,0.0,3.047,12777.0,,,,23488.0,,,,,,,,,,,,,,,,,""
8858852633,"Apr 9, 2023, 8:32:32 AM",Lunch Trail Run,Run,"",6427,10.86,,,,,,activities/9505611256.fit.gz,,,6427.0,4974.0,10867.0,3.8,2.185,463.2,408.0,208.8,449.8,48.9,0.0,,,105.0,82.0,,,,,794.0,,,,,,,,,,,,,,0.0,,0.0,,1.0,13611.2,,,,,,,,,,,,,,,,7337777.0,,,,,,,,,,0.0,1.691,5098.0,,,,28122.0,,,,,,,,,,,,,,,,,media/2ecc8be3-7c99-4cd1-be2a-3de86d173269.jpg
8854820757,"Apr 8, 2023, 2:03:55 PM",Afternoon Trail Run,Run,"",4754,10.50,,,,,,activities/9501335539.fit.gz,,,4754.0,4278.0,10502.0,4.8,2.455,436.6,274.0,204.0,363.2,42.9,0.1,,,112.0,84.0,,,,,769.0,,,,,,,,,,,,,,0.0,,0.0,,1.0,12445.1,,,,,,,,,,,,,,,,7337777.0,,,,,,,,,,0.0,2.209,682.5,,,,24870.0,,,,,,,,,,,,,,,,,""
8849091367,"Apr 7, 2023, 3:34:02 PM",Evening Trail Run,Run,"",3642,7.07,,,,,,activities/9495293504.fit.gz,,,3642.0,3510.0,7076.0,3.6,2.016,424.4,335.0,208.1,449.8,49.1,0.0,,,121.0,84.0,,,,,486.0,,,,,,,,,,,,,,0.0,,0.0,,1.0,9895.8,,,,,,,,,,,,,,,,7337777.0,,,,,,,,,,0.0,1.943,3182.0,,,,19432.0,,,,,,,,,,,,,,,,,""
8843773738,"Apr 6, 2023, 4:49:58 PM",Evening Trail Run,Run,"",3475,8.45,,,,,,activities/9489724275.fit.gz,,,3475.0,3452.0,8456.0,4.267,2.45,190.0,194.0,220.4,381.8,45.0,-0.1,,,89.0,85.0,,,,,626.0,,,,,,,,,,,,,,0.0,,0.0,,1.0,9119.1,,,,,,,,,,,,,,,,7337777.0,,,,,,,,,,0.0,2.433,7534.0,,,,18970.0,,,,,,,,,,,,,,,,,""
8837738629,"Apr 5, 2023, 3:21:33 PM",Evening Trail Run,Run,"",3838,7.63,,,,,,activities/9483366936.fit.gz,,,3838.0,3555.0,7638.0,4.857,2.149,214.0,249.0,216.8,431.2,40.0,-0.4,,,106.0,83.0,,,,,543.0,,,,,,,,,,,,,,0.0,,0.0,,1.0,8228.1,,,,,,,,,,,,,,,,7337777.0,,,,,,,,,,0.0,1.99,7008.0,,,,20230.0,,,,,,,,,,,,,,,,,""
8825289175,"Apr 3, 2023, 2:13:52 PM",Afternoon Workout,Workout,"",2396,0,183.0,15,,,,activities/9470313203.fit.gz,,,2396.0,2396.0,0.0,0.0,0.0,0.0,0.0,159.8,159.8,0.0,0.0,,,,,,112.0,,,262.0,,,15.0,,,,,,,,,,,0.0,,0.0,,1.0,,,,,,,,,,,,,,,,,,,,,,,,,,,0.0,0.0,0.0,,,,,,,,,,,,,,,,,,,,,""
8819824587,"Apr 2, 2023, 7:08:22 AM",Morning Trail Run,Run,🪨🌧️🔪,7579,21.94,,,,,,activities/9464522996.fit.gz,,,7579.0,7344.0,21942.0,6.8,2.988,1093.6,853.0,181.6,401.6,48.6,0.0,,,124.0,87.0,,,,,1559.0,,,,,,,,,,,,,,0.0,,0.0,,1.0,28383.8,,,,,,,,,,,,,,,,7337777.0,,,,,,,,,,0.0,2.895,15132.0,,,,43508.0,,,,,,,,,,,,,,,,,media/0913bb40-56a3-4bce-ada9-29956d508a19.mp4|media/3a6f1ce0-21be-4acf-be9a-8bdea2004a91.jpg|media/01856d56-d485-4a93-babb-92c356738d4c.jpg
8812891552,"Apr 1, 2023, 11:31:53 AM",Afternoon Trail Run,Run,"",1439,4.43,,,,,,activities/9457194869.fit.gz,,,1439.0,1439.0,4431.0,5.8,3.079,90.9,54.0,209.9,273.2,22.9,0.0,,,101.0,88.0,,,,,321.0,,,,,,,,,,,,,,0.0,,0.0,,1.0,4797.2,,,,,,,,,,,,,,,,7337777.0,,,,,,,,,,0.0,3.079,3757.0,,,,8260.0,,,,,,,,,,,,,,,,,""
8808534791,"Mar 31, 2023, 2:41:20 PM",Afternoon Mountain Bike Ride,Ride,"",1903,6.49,,,,,CYCL⚙️PATH  ,activities/9452617821.fit.gz,,16.0,1903.0,1903.0,6490.0,13.8,3.41,117.5,94.0,179.3,214.5,48.0,0.0,,,,,,,,152.0,35.0,,,,,,,,,,,,,,0.0,,0.0,,1.0,,,,,,,,,,,,,,,,11507033.0,,,,,,,,,,,0.0,3.41,3700.0,,,,,,,,,,,,,,,,,,,,,""
8803445675,"Mar 30, 2023, 2:54:40 PM",Afternoon Trail Run,Run,"",2107,5.33,,,,,,activities/9447272690.fit.gz,,,2107.0,1911.0,5332.0,5.2,2.79,161.5,175.0,204.9,360.5,48.3,0.1,,,98.0,87.0,,,,,413.0,,,,,,,,,,,,,,0.0,,0.0,,1.0,5814.8,,,,,,,,,,,,,,,,7337777.0,,,,,,,,,,0.0,2.531,4087.5,,,,10834.0,,,,,,,,,,,,,,,,,""
8799021381,"Mar 29, 2023, 2:31:56 PM",Afternoon Trail Run,Run,"",4660,9.23,,,,,,activities/9442620401.fit.gz,,,4660.0,4354.0,9230.0,3.8,2.12,304.7,242.0,212.5,370.2,48.6,0.1,,,105.0,82.0,,,,,665.0,,,,,,,,,,,,,,0.0,,0.0,,1.0,10663.0,,,,,,,,,,,,,,,,7337777.0,,,,,,,,,,0.0,1.981,8545.0,,,,22710.0,,,,,,,,,,,,,,,,,""
8792041111,"Mar 28, 2023, 2:34:25 PM",Afternoon Trail Run,Run,"",3368,9.94,,,,,,activities/9435274653.fit.gz,,,3368.0,3309.0,9948.0,6.4,3.006,63.3,28.0,205.4,214.4,48.9,0.1,,,109.0,88.0,,,,,714.0,,,,,,,,,,,,,,0.0,,0.0,,1.0,10113.7,,,,,,,,,,,,,,,,7337777.0,,,,,,,,,,0.0,2.954,9402.0,,,,18496.0,,,,,,,,,,,,,,,,,""
8787569738,"Mar 27, 2023, 5:12:24 PM",Evening Workout,Workout,"",2018,0,,,,,,activities/9430587360.fit.gz,,,2018.0,2018.0,0.0,0.0,0.0,0.0,,,,0.0,0.0,,,,,,,,,37.0,,,,,,,,,,,,,,0.0,,0.0,,1.0,,,,,,,,,,,,,,,,,,,,,,,,,,,0.0,0.0,0.0,,,,,,,,,,,,,,,,,,,,,""
8782589228,"Mar 26, 2023, 2:46:46 PM",Afternoon Stand Up Paddling,Stand Up Paddling,Αύγουστος 🍻,4444,2.38,,,,,,activities/8782589228.fit,,,4444.0,2090.0,2387.9,5.636,1.143,2.2,-0.3,-1.4,5.5,41.6,0.1,,,,,,,,,,,26.0,,,,,,,,,,,,0.0,,0.0,,1.0,,,,,,,,,,,,,,,,,,,,,,,,,,,0.0,0.537,0.0,,,,,,,,,,,,,,,,,,,,,media/7838a3f0-6324-40bf-acc2-b6d3de9ae196.jpg|media/a18610cd-58e8-48b5-abd5-b86779c0aad7.jpg|media/62cfb706-9b3b-44a7-a3f9-6525352c12f8.jpg
8779351135,"Mar 26, 2023, 8:55:26 AM",Lunch Trail Run,Run,"",5490,12.31,,,,,,activities/9421889497.fit.gz,,,5490.0,5313.0,12310.0,3.6,2.317,333.4,220.0,212.1,370.2,44.4,0.0,,,122.0,83.0,,,,,882.0,,,,,,,,,,,,,,0.0,,0.0,,1.0,13618.2,,,,,,,,,,,,,,,,7337777.0,,,,,,,,,,0.0,2.242,10493.0,,,,28818.0,,,,,,,,,,,,,,,,,""
8774018287,"Mar 25, 2023, 9:33:44 AM",Lunch Trail Run,Run,Μπακαλιάρος 🐟,8211,14.38,,,,,,activities/9416181092.fit.gz,,,8211.0,7086.0,14383.0,4.6,2.03,787.8,748.0,211.7,449.8,49.1,0.0,,,123.0,80.0,,,,,989.0,,,,,,,,,,,,,,0.0,,0.0,,1.0,18909.5,,,,,,,,,,,,,,,,7337777.0,,,,,,,,,,0.0,1.752,8628.0,,,,38688.0,,,,,,,,,,,,,,,,,""
8772683374,"Mar 24, 2023, 2:55:40 PM",Afternoon Trail Run,Run,"",3292,8.81,,,,,,activities/9414782371.fit.gz,,,3292.0,3192.0,8811.0,5.4,2.76,209.6,131.0,191.8,279.0,45.7,0.1,,,98.0,86.0,,,,,663.0,,,,,,,,,,,,,,0.0,,0.0,,1.0,9517.2,,,,,,,,,,,,,,,,7337777.0,,,,,,,,,,0.0,2.676,2578.0,,,,17932.0,,,,,,,,,,,,,,,,,""
8764704287,"Mar 23, 2023, 3:34:05 PM",Afternoon Trail Run,Run,4 x 2.0km @ 4'25 min/km ,4819,15.42,,,,,,activities/9406404409.fit.gz,,,4819.0,4760.0,15424.0,6.0,3.24,378.9,331.0,78.7,433.4,47.5,0.2,,,100.0,89.0,,,,,1117.0,,,,,,,,,,,,,,0.0,,0.0,,1.0,16373.0,,,,,,,,,,,,,,,,7337777.0,,,,,,,,,,0.0,3.201,7053.5,,,,27474.0,,,,,,,,,,,,,,,,,""
8760114292,"Mar 22, 2023, 6:30:11 PM",Evening Activity,Workout,Stretch/καδρόνι ,2400,0,,,,,,,,,2400.0,2400.0,0.0,,0.0,0.0,,,,,0.0,,,,,,,,,,,,,,,,,,,,,,,0.0,,0.0,,0.0,,,,,,,,,,,,,,,,,,,,,,,,,,,0.0,0.0,0.0,,,,,,,,,,,,,,,,,,,,,""
8753121365,"Mar 21, 2023, 3:10:48 PM",Afternoon Trail Run,Run,"",6160,14.03,,,,,,activities/9394289174.fit.gz,,,6160.0,5818.0,14032.0,4.4,2.412,821.5,722.0,209.1,449.8,49.1,0.0,,,108.0,84.0,,,,,986.0,,,,,,,,,,,,,,0.0,,0.0,,1.0,19269.5,,,,,,,,,,,,,,,,7337777.0,,,,,,,,,,0.0,2.278,8712.0,,,,32466.0,,,,,,,,,,,,,,,,,""
8747522652,"Mar 20, 2023, 4:16:09 PM",Evening Trail Run,Run,"",3159,9.80,,,,,,activities/9388438984.fit.gz,,,3159.0,3069.0,9799.0,5.8,3.193,297.9,258.0,195.2,450.6,48.9,0.1,,,106.0,92.0,,,,,704.0,,,,,,,,,,,,,,0.0,,0.0,,1.0,10913.0,,,,,,,,,,,,,,,,7337777.0,,,,,,,,,,0.0,3.102,7679.0,,,,18746.0,,,,,,,,,,,,,,,,,""
8742948987,"Mar 19, 2023, 3:09:06 PM",Afternoon Trail Run,Run,"",7353,17.63,,,,,,activities/9383593960.fit.gz,,,7353.0,6544.0,17630.0,5.4,2.694,429.5,393.0,202.4,450.6,49.6,0.0,,,160.0,88.0,,,,,1352.0,,,,,,,,,,,,,,0.0,,0.0,,1.0,18843.8,,,,,,,,,,,,,,,,7337777.0,,,,,,,,,,0.0,2.398,15812.0,,,,35860.0,,,,,,,,,,,,,,,,,""
8733924823,"Mar 18, 2023, 7:54:35 AM",Morning Trail Run,Run,"",8569,18.69,,,,,,activities/9374058429.fit.gz,,,8569.0,7793.0,18693.0,5.0,2.399,1271.5,1251.0,245.6,882.6,49.5,0.0,,,112.0,84.0,,,,,1343.0,,,,,,,,,,,,,,0.0,,0.0,,1.0,26858.1,,,,,,,,,,,,,,,,7337777.0,,,,,,,,,,0.0,2.181,17416.0,,,,44328.0,,,,,,,,,,,,,,,,,""
8730346398,"Mar 17, 2023, 3:46:00 PM",Afternoon Trail Run,Run,"",2982,6.67,,,,,,activities/9370283022.fit.gz,,,2982.0,2850.0,6670.0,4.8,2.34,285.0,289.0,211.6,454.6,32.0,-0.1,,,109.0,86.0,,,,,490.0,,,,,,,,,,,,,,0.0,,0.0,,1.0,7894.4,,,,,,,,,,,,,,,,7337777.0,,,,,,,,,,0.0,2.237,4567.0,,,,16432.0,,,,,,,,,,,,,,,,,""
8724881284,"Mar 16, 2023, 3:06:18 PM",Afternoon Trail Run,Run,2 x 25Min @ 4'04 min/km XC,5869,20.37,,,,,,activities/9364538891.fit.gz,,,5869.0,5868.0,20375.0,5.2,3.472,388.0,329.0,212.9,370.2,30.0,0.0,,,105.0,93.0,,,,,1478.0,,,,,,,,,,,,,,0.0,,0.0,,1.0,21588.9,,,,,,,,,,,,,,,,7337777.0,,,,,,,,,,0.0,3.472,19465.0,,,,34930.0,,,,,,,,,,,,,,,,,""
8719967961,"Mar 15, 2023, 5:11:49 PM",Evening Trail Run,Run,"",4500,12.30,,,,,,activities/9359362058.fit.gz,,,4500.0,4326.0,12299.0,4.4,2.843,383.9,303.0,149.0,222.5,27.5,0.1,,,88.0,86.0,,,,,918.0,,,,,,,,,,,,,,0.0,,0.0,,1.0,13327.9,,,,,,,,,,,,,,,,7337777.0,,,,,,,,,,0.0,2.733,230.0,,,,24396.0,,,,,,,,,,,,,,,,,""
8713683251,"Mar 14, 2023, 3:16:23 PM",Afternoon Trail Run,Run,15 x 0.5km @ 3'15 min/km / 1Min 10s ,6331,17.71,,,,,,activities/9352577553.fit.gz,,,6331.0,6319.0,17709.0,6.4,2.803,427.0,428.0,224.0,458.8,48.0,0.1,,,188.0,88.0,,,,,1238.0,,,,,,,,,,,,,,0.0,,0.0,,1.0,20186.6,,,,,,,,,,,,,,,,7337777.0,,,,,,,,,,0.0,2.797,3206.0,,,,35122.0,,,,,,,,,,,,,,,,,""
8703420283,"Mar 12, 2023, 2:27:28 PM",Afternoon Mountain Bike Ride,Ride,"",6010,30.91,,,,,CYCL⚙️PATH  ,activities/9341779718.fit.gz,,16.0,6010.0,5560.0,30915.0,13.4,5.56,222.3,74.0,152.8,215.9,46.7,0.0,,,,,,,,185.0,111.0,,,,,,,,,,,,,,0.0,,0.0,,1.0,,,,,,,,,,,,,,,,11507033.0,,,,,,,,,,,0.0,5.144,325.0,,,,,,,,,,,,,,,,,,,,,""
8697163164,"Mar 11, 2023, 2:21:52 PM",Afternoon Trail Run,Run,Buffϊάρικο,5102,20.11,,,,,,activities/9335199359.fit.gz,,,5102.0,5056.0,20110.0,6.0,3.977,0.0,0.0,238.8,249.4,42.0,0.0,,,95.0,89.0,,,,,1458.0,,,,,,,,,,,,,,0.0,,0.0,,1.0,20326.9,,,,,,,,,,,,,,,,7337777.0,,,,,,,,,,0.0,3.942,0.0,,,,30966.0,,,,,,,,,,,,,,,,,""
8691634023,"Mar 10, 2023, 4:00:31 PM",Evening Trail Run,Run,"",1225,1.82,,,,,,activities/9329400635.fit.gz,,,1225.0,1113.0,1820.0,3.4,1.635,141.8,125.0,212.7,326.7,48.4,-1.6,,,98.0,76.0,,,,,111.0,,,,,,,,,,,,,,0.0,,0.0,,1.0,3039.0,,,,,,,,,,,,,,,,7337777.0,,,,,,,,,,0.0,1.486,231.0,,,,6544.0,,,,,,,,,,,,,,,,,""
8691633919,"Mar 10, 2023, 2:27:15 PM",Afternoon Trail Run,Run,"",5485,19.02,,,,,,activities/9329400459.fit.gz,,,5485.0,5454.0,19028.0,4.8,3.489,484.8,409.0,210.7,450.6,46.7,0.2,,,99.0,90.0,,,,,1390.0,,,,,,,,,,,,,,0.0,,0.0,,1.0,20170.7,,,,,,,,,,,,,,,,7337777.0,,,,,,,,,,0.0,3.469,18638.0,,,,32140.0,,,,,,,,,,,,,,,,,""
8686673008,"Mar 9, 2023, 3:38:25 PM",Afternoon Trail Run,Run,"",3145,6.26,,,,,,activities/9324222019.fit.gz,,,3145.0,3024.0,6259.0,3.4,2.07,230.6,168.0,209.8,365.7,46.7,0.1,,,103.0,81.0,,,,,431.0,,,,,,,,,,,,,,0.0,,0.0,,1.0,7426.2,,,,,,,,,,,,,,,,7337777.0,,,,,,,,,,0.0,1.99,3773.0,,,,16788.0,,,,,,,,,,,,,,,,,""
8681681184,"Mar 8, 2023, 3:16:28 PM",Afternoon Trail Run,Run,1 x 12.0km @ 3'36 min/km ,6545,19.94,,,,,,activities/9319020751.fit.gz,,,6545.0,6225.0,19942.0,6.0,3.204,423.0,440.0,215.0,462.8,48.6,-0.1,,,101.0,89.0,,,,,1409.0,,,,,,,,,,,,,,0.0,,0.0,,1.0,22277.1,,,,,,,,,,,,,,,,7337777.0,,,,,,,,,,0.0,3.047,5756.0,,,,36442.0,,,,,,,,,,,,,,,,,""
8675971549,"Mar 7, 2023, 3:12:06 PM",Afternoon Trail Run,Run,"40 x 250m / 
endurance ",5298,15.55,,,,,,activities/9313045018.fit.gz,,,5298.0,5116.0,15555.0,7.0,3.04,104.4,12.0,205.4,214.4,37.8,0.0,,,120.0,90.0,,,,,1099.0,,,,,,,,,,,,,,0.0,,0.0,,1.0,15787.2,,,,,,,,,,,,,,,,7337777.0,,,,,,,,,,0.0,2.936,15099.0,,,,27490.0,,,,,,,,,,,,,,,,,""
8665670154,"Mar 5, 2023, 2:34:55 PM",Afternoon Trail Run,Run,↑+T mid,7707,21.14,,,,,,activities/9302194115.fit.gz,,,7707.0,7672.0,21142.0,6.0,2.756,1192.6,1093.0,208.1,436.4,49.1,-0.1,,,100.0,84.0,,,,,1473.0,,,,,,,,,,,,,,0.0,,0.0,,1.0,27557.3,,,,,,,,,,,,,,,,7337777.0,,,,,,,,,,0.0,2.743,13877.0,,,,40552.0,,,,,,,,,,,,,,,,,media/22e655cb-3d59-4676-9e20-7419759526c1.jpg
8657611806,"Mar 4, 2023, 10:38:15 AM",Lunch Trail Run,Run,"",5556,9.27,,,,,,activities/9293198311.fit.gz,,,5556.0,5534.0,9277.0,4.6,1.676,833.5,728.0,217.0,449.8,49.1,0.1,,,105.0,81.0,,,,,593.0,,,,,,,,,,,,,,0.0,,0.0,,1.0,15443.5,,,,,,,,,,,,,,,,7337777.0,,,,,,,,,,0.0,1.67,1339.0,,,,28694.0,,,,,,,,,,,,,,,,,""
8656631228,"Mar 3, 2023, 4:19:55 PM",Evening Trail Run,Run,"",2994,6.31,,,,,,activities/9292176367.fit.gz,,,2994.0,2967.0,6309.0,3.4,2.126,93.7,72.0,210.7,250.8,42.9,0.2,,,85.0,81.0,,,,,458.0,,,,,,,,,,,,,,0.0,,0.0,,1.0,6684.8,,,,,,,,,,,,,,,,7337777.0,,,,,,,,,,0.0,2.107,5484.5,,,,15584.0,,,,,,,,,,,,,,,,,""
8648171388,"Mar 2, 2023, 2:43:22 PM",Afternoon Trail Run,Run,"60' t
4 x 10Min @ 4'16 min/km",7223,22.92,,,,,,activities/9283334956.fit.gz,,,7223.0,7090.0,22921.0,5.6,3.233,656.9,504.0,202.1,411.8,47.5,0.0,,,109.0,88.0,,,,,1671.0,,,,,,,,,,,,,,0.0,,0.0,,1.0,25459.5,,,,,,,,,,,,,,,,7337777.0,,,,,,,,,,0.0,3.173,18682.0,,,,41910.0,,,,,,,,,,,,,,,,,""
8642546095,"Mar 1, 2023, 3:03:23 PM","...""πάμε κ όπου βγει""",Ride,"",4638,22.09,,,,,CYCL⚙️PATH  ,activities/9277449049.fit.gz,,16.0,4638.0,4495.0,22098.0,17.2,4.916,532.7,489.0,205.9,450.6,48.9,0.0,,,,,,,,214.0,85.0,,,,,,,,,,,,,,0.0,,0.0,,1.0,,,,,,,,,,,,,,,,11507033.0,,,,,,,,,,,0.0,4.765,20484.0,,,,,,,,,,,,,,,,,,,,,media/cb3ab7fc-b408-41ad-8fbf-901f28c2e452.jpg
8636682242,"Feb 28, 2023, 3:01:44 PM",Afternoon Run,Run,2H-1Τ,2218,10.06,,,,,,activities/9271345189.fit.gz,,,2218.0,2170.0,10061.0,6.2,4.636,0.0,0.0,237.6,253.6,6.7,-0.1,,,101.0,97.0,,,,,725.0,,,,,,,,,,,,,,0.0,,0.0,,1.0,10131.3,,,,,,,,,,,,,,,,7337777.0,,,,,,,,,,0.0,4.536,0.0,,,,14244.0,,,,,,,,,,,,,,,,,""
8630928088,"Feb 27, 2023, 11:09:27 AM",Afternoon Trail Run,Run,🪁 ,9898,11.84,,,,,,activities/9265310938.fit.gz,,,9898.0,7109.0,11839.0,4.4,1.665,942.0,946.0,8.8,888.0,49.1,0.0,,,245.0,70.0,,,,,776.0,,,,,,,,,,,,,,0.0,,0.0,,1.0,17155.5,,,,,,,,,,,,,,,,7337777.0,,,,,,,,,,0.0,1.196,241.0,,,,36832.0,,,,,,,,,,,,,,,,,media/0808fd61-c40a-4991-8a54-f7b9fbb67398.jpg|media/0b32654c-d790-4071-8f94-5f58eb4f94d8.jpg|media/6879439b-df22-4e01-8d21-074ed4436333.jpg|media/ed84ebbb-3c43-4505-96de-420d2644bb43.jpg
8624281007,"Feb 26, 2023, 9:45:26 AM",Lunch Trail Run,Run,"",3598,11.36,,,,,,activities/9258278046.fit.gz,,,3598.0,3564.0,11360.0,5.0,3.187,281.4,268.0,209.0,450.6,31.4,-0.3,,,97.0,88.0,,,,,823.0,,,,,,,,,,,,,,0.0,,0.0,,1.0,12038.5,,,,,,,,,,,,,,,,7337777.0,,,,,,,,,,0.0,3.157,10924.0,,,,21096.0,,,,,,,,,,,,,,,,,""
8620676231,"Feb 25, 2023, 1:47:45 PM",Afternoon Trail Run,Run,"1 x 3.0km @ 3'33 min/km 
1 x 4.0km @ 3'30 min/km 
4 x 2min",8302,19.12,,,,,,activities/9254436917.fit.gz,,,8302.0,8166.0,19126.0,5.8,2.342,953.5,727.0,209.9,449.8,49.6,0.0,,,115.0,84.0,,,,,1333.0,,,,,,,,,,,,,,0.0,,0.0,,1.0,25234.5,,,,,,,,,,,,,,,,7337777.0,,,,,,,,,,0.0,2.304,9305.0,,,,42660.0,,,,,,,,,,,,,,,,,""
8615078847,"Feb 24, 2023, 2:25:17 PM",Afternoon Trail Run,Run,"",6271,15.67,,,,,,activities/9248542897.fit.gz,,,6271.0,6256.0,15672.0,8.6,2.505,948.0,873.0,241.6,980.9,49.1,0.1,,,106.0,84.0,,,,,1082.0,,,,,,,,,,,,,,0.0,,0.0,,1.0,21185.2,,,,,,,,,,,,,,,,7337777.0,,,,,,,,,,0.0,2.499,11125.0,,,,33450.0,,,,,,,,,,,,,,,,,""
8610904360,"Feb 23, 2023, 6:32:38 PM",Evening Weight Training,Weight Training,"",2224,0,131.0,4,,,,activities/9244147611.fit.gz,,,2224.0,2224.0,0.0,0.0,0.0,0.0,0.0,135.4,135.4,0.0,0.0,,,,,,91.0,,,179.0,,,4.0,,,,,,,,,,,0.0,,0.0,,1.0,,,,,,,,,,,,,,,,,,,,,,,,,,,0.0,0.0,0.0,,,,,,,,,,,,,,,,,,,,,""
8610904275,"Feb 23, 2023, 3:43:08 PM",Afternoon Trail Run,Run,"",3660,8.00,,,,,,activities/9244147212.fit.gz,,,3660.0,3524.0,8003.0,4.2,2.271,227.0,247.0,211.6,452.2,45.0,-0.2,,,88.0,83.0,,,,,591.0,,,,,,,,,,,,,,0.0,,0.0,,1.0,8618.2,,,,,,,,,,,,,,,,7337777.0,,,,,,,,,,0.0,2.187,7122.5,,,,19664.0,,,,,,,,,,,,,,,,,""
8604628141,"Feb 22, 2023, 2:53:14 PM",Afternoon Trail Run,Run,pwr,4697,9.77,,,,,,activities/9237546995.fit.gz,,,4697.0,4677.0,9779.0,5.4,2.091,878.1,763.0,216.5,449.8,49.1,0.1,,,118.0,85.0,,,,,652.0,,,,,,,,,,,,,,0.0,,0.0,,1.0,16023.2,,,,,,,,,,,,,,,,7337777.0,,,,,,,,,,0.0,2.082,1694.0,,,,26062.0,,,,,,,,,,,,,,,,,""
8598983143,"Feb 21, 2023, 2:43:34 PM",Afternoon Trail Run,Run,30 x 200m @  3'18 min/km / 35s,4979,13.40,,,,,,activities/9231603297.fit.gz,,,4979.0,4694.0,13403.0,6.2,2.855,218.3,225.0,211.9,370.2,49.2,-0.1,,,112.0,86.0,,,,,934.0,,,,,,,,,,,,,,0.0,,0.0,,1.0,14761.2,,,,,,,,,,,,,,,,7337777.0,,,,,,,,,,0.0,2.692,12501.0,,,,26834.0,,,,,,,,,,,,,,,,,""
8587227041,"Feb 19, 2023, 11:47:56 AM",Afternoon Trail Run,Run,"",3554,2.76,,,,,,activities/9219052919.fit.gz,,,3554.0,1687.0,2765.0,4.4,1.639,137.0,138.0,1022.6,1088.0,49.4,-0.2,,,104.0,66.0,,,,,213.0,,,,,,,,,,,,,,0.0,,0.0,,1.0,3377.8,,,,,,,,,,,,,,,,7337777.0,,,,,,,,,,0.0,0.778,0.0,,,,9644.0,,,,,,,,,,,,,,,,,media/c8085bbb-783a-4fce-8a7a-5cbf28de9d9e.mp4|media/35aeb351-fdf5-4821-86ab-10b2c5d51680.jpg
8586026885,"Feb 19, 2023, 8:48:44 AM",Morning Trail Run,Run,"",4152,5.97,,,,,,activities/9217761054.fit.gz,,,4152.0,3096.0,5975.0,3.8,1.93,216.3,226.0,712.0,878.1,48.6,0.0,,,98.0,75.0,,,,,421.0,,,,,,,,,,,,,,0.0,,0.0,,1.0,6924.9,,,,,,,,,,,,,,,,7337777.0,,,,,,,,,,0.0,1.439,2414.0,,,,16262.0,,,,,,,,,,,,,,,,,media/76c55726-cb56-4a7a-b63a-6f71ba7ec2e2.jpg|media/516fde4c-8335-4f8e-b0a1-a6d714d445f8.jpg
8581021882,"Feb 18, 2023, 9:30:28 AM",Lunch Trail Run,Run,"",11402,30.60,,,,,,activities/9212364336.fit.gz,,,11402.0,11040.0,30603.0,6.2,2.772,1525.6,1156.0,181.1,448.0,49.1,0.1,,,124.0,85.0,,,,,2159.0,,,,,,,,,,,,,,0.0,,0.0,,1.0,39365.9,,,,,,,,,,,,,,,,7337777.0,,,,,,,,,,0.0,2.684,20278.0,,,,62938.0,,,,,,,,,,,,,,,,,""
8577474675,"Feb 17, 2023, 6:23:46 PM",Evening Trail Run,Run,"",2408,4.22,,,,,,activities/9208524612.fit.gz,,,2408.0,2293.0,4228.0,3.8,1.844,236.0,208.0,215.6,449.6,45.0,0.6,,,104.0,76.0,,,,,266.0,,,,,,,,,,,,,,0.0,,0.0,,1.0,5521.4,,,,,,,,,,,,,,,,7337777.0,,,,,,,,,,0.0,1.756,2294.0,,,,11744.0,,,,,,,,,,,,,,,,,""
8571862158,"Feb 16, 2023, 2:55:00 PM",Afternoon Trail Run,Run,3 x 15Min  4'10 min/km / 5Min ,6352,23.23,,,,,,activities/9202365527.fit.gz,,,6352.0,6313.0,23231.0,6.2,3.68,590.2,481.0,157.4,370.2,48.0,0.1,,,102.0,91.0,,,,,1695.0,,,,,,,,,,,,,,0.0,,0.0,,1.0,24960.6,,,,,,,,,,,,,,,,7337777.0,,,,,,,,,,0.0,3.657,14082.0,,,,38846.0,,,,,,,,,,,,,,,,,""
8566475973,"Feb 15, 2023, 4:03:05 PM",Evening Trail Run,Run,"",3139,6.31,,,,,,activities/9196431109.fit.gz,,,3139.0,3020.0,6315.0,4.8,2.091,523.3,440.0,226.0,449.8,49.1,0.1,,,117.0,80.0,,,,,432.0,,,,,,,,,,,,,,0.0,,0.0,,1.0,9875.1,,,,,,,,,,,,,,,,7337777.0,,,,,,,,,,0.0,2.012,1601.0,,,,16160.0,,,,,,,,,,,,,,,,,""
8560384061,"Feb 14, 2023, 2:33:07 PM",Afternoon Trail Run,Run,"10 x 1.0km @ 3'35 min/km / 2Min 
",5711,18.03,,,,,,activities/9189686058.fit.gz,,,5711.0,5559.0,18029.0,5.8,3.243,288.4,256.0,212.4,370.2,48.6,0.0,,,102.0,89.0,,,,,1283.0,,,,,,,,,,,,,,0.0,,0.0,,1.0,19233.6,,,,,,,,,,,,,,,,7337777.0,,,,,,,,,,0.0,3.157,16969.0,,,,32568.0,,,,,,,,,,,,,,,,,""
8555936733,"Feb 13, 2023, 4:07:59 PM",Evening Workout,Workout,"Treadmill 
 45' - 6% / 10sp
Weights
 30' - leg ",4458,0,189.0,77,,,,activities/9184751175.fit.gz,,,4458.0,4458.0,0.0,0.0,0.0,0.0,,,,0.0,0.0,,,,,,142.0,,,811.0,,,77.0,,,,,,,,,,,0.0,,0.0,,1.0,,,,,,,,,,,,,,,,,,,,,,,,,,,0.0,0.0,0.0,,,,,,,,,,,,,,,,,,,,,""
8550077902,"Feb 12, 2023, 3:19:04 PM",Afternoon Trail Run,Run,🎧👁️,4286,4.09,,,,,,activities/9178151041.fit.gz,,,4286.0,2969.0,4095.0,3.6,1.379,231.3,222.0,202.0,305.6,49.2,0.1,,,87.0,56.0,,,,,260.0,,,,,,,,,,,,,,0.0,,0.0,,1.0,5432.1,,,,,,,,,,,,,,,,7337777.0,,,,,,,,,,0.0,0.955,2687.0,,,,12124.0,,,,,,,,,,,,,,,,,media/73d69459-7ca1-4dad-9c78-543e0f89e21c.jpg|media/ba7229a5-b2d8-48db-a6b8-5b08f7a988d2.jpg
8548972962,"Feb 12, 2023, 9:16:56 AM",Lunch Trail Run,Run,"",7967,13.31,,,,,,activities/9176905711.fit.gz,,,7967.0,6445.0,13315.0,4.0,2.066,828.9,740.0,213.0,458.4,49.5,0.0,,,103.0,76.0,,,,,942.0,,,,,,,,,,,,,,0.0,,0.0,,1.0,18029.3,,,,,,,,,,,,,,,,7337777.0,,,,,,,,,,0.0,1.671,7981.5,,,,33434.0,,,,,,,,,,,,,,,,,""
8542581213,"Feb 11, 2023, 11:05:50 AM",Afternoon Trail Run,Run,Xc + ↑,7971,24.63,,,,,,activities/9169736088.fit.gz,,,7971.0,7951.0,24629.0,5.2,3.098,872.0,811.0,216.0,450.6,48.6,-0.1,,,114.0,89.0,,,,,1768.0,,,,,,,,,,,,,,0.0,,0.0,,1.0,28479.5,,,,,,,,,,,,,,,,7337777.0,,,,,,,,,,0.0,3.09,19715.0,,,,46604.0,,,,,,,,,,,,,,,,,media/fb8db71f-e3e2-492b-9235-03529e4cb1a1.jpg
8533349836,"Feb 9, 2023, 4:12:26 PM",Evening Workout,Workout,"Elliptical
 50' level 17 / 1.500asc
Weight
 30' leg press - core ",5448,0,154.0,19,,,,activities/9159499733.fit.gz,,,5448.0,5448.0,0.0,0.0,0.0,0.0,0.0,146.0,146.0,0.0,0.0,,,,,,112.0,,,613.0,,,19.0,,,,,,,,,,,0.0,,0.0,,1.0,,,,,,,,,,,,,,,,,,,,,,,,,,,0.0,0.0,0.0,,,,,,,,,,,,,,,,,,,,,""
8527344136,"Feb 8, 2023, 2:33:18 PM",Afternoon Trail Run,Run,"cruise ctrl/ xc
",7234,24.63,,,,,,activities/9152871818.fit.gz,,,7234.0,7177.0,24629.0,5.2,3.432,703.5,607.0,141.5,411.8,37.8,0.0,,,103.0,90.0,,,,,1801.0,,,,,,,,,,,,,,0.0,,0.0,,1.0,26731.0,,,,,,,,,,,,,,,,7337777.0,,,,,,,,,,0.0,3.405,20697.0,,,,43590.0,,,,,,,,,,,,,,,,,""
8522090458,"Feb 7, 2023, 2:20:49 PM",Afternoon Workout,Workout,"-Treadmill
15'w
Progressive incline tempo 
10' - 6%
10' - 8%
10' - 10%
Speed 12.5
-weights
30'",5864,0,197.0,97,,,,activities/9147079062.fit.gz,,,5864.0,5864.0,0.0,0.0,0.0,0.0,0.0,137.2,137.2,0.0,0.0,,,,,,135.0,,,957.0,,,97.0,,,,,,,,,,,0.0,,0.0,,1.0,,,,,,,,,,,,,,,,,,,,,,,,,,,0.0,0.0,0.0,,,,,,,,,,,,,,,,,,,,,""
8514803667,"Feb 6, 2023, 9:47:31 AM",Lunch Trail Run,Run," - Ο ΘΡΌΝΟΣ -

keep αRť @live /
",10649,18.23,,,,,,activities/9139038828.fit.gz,,,10649.0,8295.0,18231.0,4.6,2.198,568.9,521.0,203.8,450.6,48.9,0.1,,,93.0,79.0,,,,,1336.0,,,,,,,,,,,,,,0.0,,0.0,,1.0,20470.2,,,,,,,,,,,,,,,,7337777.0,,,,,,,,,,0.0,1.712,15362.0,,,,44604.0,,,,,,,,,,,,,,,,,media/59b1b0f4-9e45-41bf-a216-f03c2198a837.jpg
8502993990,"Feb 4, 2023, 10:44:30 AM",Lunch Trail Run,Run,,4795,11.80,,,,,,activities/9125687392.fit.gz,,,4795.0,4738.0,11801.0,5.6,2.491,648.1,568.0,208.1,450.6,49.1,0.0,,,100.0,84.0,,,,,844.0,,,,,,,,,,,,,,,,0.0,,1.0,15340.3,,,,,,,,,,,,,,,,7337777.0,,,,,,,,,,0.0,2.461,7464.5,,,,25648.0,,,,,,,,,,,,,,,,,""
8499343567,"Feb 3, 2023, 1:59:48 PM",Afternoon Trail Run,Run,,8789,25.53,,,,,,activities/9121637992.fit.gz,,,8789.0,8712.0,25536.0,6.4,2.931,797.6,591.0,89.0,449.8,50.0,0.0,,,104.0,88.0,,,,,1857.0,,,,,,,,,,,,,,,,0.0,,1.0,28833.6,,,,,,,,,,,,,,,,7337777.0,,,,,,,,,,0.0,2.905,6515.0,,,,47662.0,,,,,,,,,,,,,,,,,""
8487928851,"Feb 1, 2023, 2:45:30 PM",Afternoon Trail Run,Run,,5673,10.57,,,,,,activities/9108773564.fit.gz,,,5673.0,5293.0,10578.0,4.6,1.998,711.2,650.0,208.1,449.8,49.1,0.1,,,115.0,79.0,,,,,719.0,,,,,,,,,,,,,,,,0.0,,1.0,15193.0,,,,,,,,,,,,,,,,7337777.0,,,,,,,,,,0.0,1.865,4147.5,,,,28208.0,,,,,,,,,,,,,,,,,""
8482857121,"Jan 31, 2023, 3:30:15 PM",Afternoon Workout,Workout,"•Elliptical
45' steady BPM 2.200↑ (level 18)
•Treadmill
15' t hard speed 1%
3' 13% 
15' t hard speed 1%
3' 15% ",5527,0,207.0,142,,,,activities/9102309711.fit.gz,,,5527.0,5527.0,0.0,0.0,0.0,0.0,,,,0.0,0.0,,,,,,156.0,,,1307.0,,,142.0,,,,,,,,,,,0.0,,0.0,,1.0,,,,,,,,,,,,,,,,,,,,,,,,,,,0.0,0.0,0.0,,,,,,,,,,,,,,,,,,,,,""
8477608572,"Jan 30, 2023, 4:14:10 PM",Evening Workout,Workout,"10' w
15' - 15% / 9 sd
Rest 3'
15' - 14% / 9.5 sd 
Rest 2'
15' - 4% / 13 sd

+20' weight leg
",5726,0,194.0,114,,,,activities/9096523807.fit.gz,,,5726.0,5726.0,0.0,0.0,0.0,0.0,0.0,117.6,117.6,0.0,0.0,,,,,,142.0,,,1025.0,,,114.0,,,,,,,,,,,0.0,,0.0,,1.0,,,,,,,,,,,,,,,,,,,,,,,,,,,0.0,0.0,0.0,,,,,,,,,,,,,,,,,,,,,""
8472673085,"Jan 29, 2023, 12:56:28 PM",Afternoon Trail Run,Run,,8443,16.17,,,,,,activities/9090972838.fit.gz,,,8443.0,7992.0,16176.0,6.6,2.024,713.4,574.0,156.2,401.6,48.9,-0.1,,,106.0,78.0,,,,,1207.0,,,,,,,,,,,,,,,,0.0,,1.0,20109.7,,,,,,,,,,,,,,,,7337777.0,,,,,,,,,,0.0,1.916,8460.0,,,,42098.0,,,,,,,,,,,,,,,,,""
8466790140,"Jan 28, 2023, 4:10:06 PM",Evening Workout,Workout,"10' W
•10' | 10%
•8'  | 12%
•6'  | 14%
•4'  | 15%
-10' prog T speed ↑",3578,0,194.0,121,,,,activities/9084352798.fit.gz,,,3578.0,3578.0,0.0,0.0,0.0,0.0,0.0,123.0,123.0,0.0,0.0,,,,,,163.0,,,916.0,,,121.0,,,,,,,,,,,0.0,,0.0,,1.0,,,,,,,,,,,,,,,,,,,,,,,,,,,0.0,0.0,0.0,,,,,,,,,,,,,,,,,,,,,""
8461223010,"Jan 27, 2023, 4:55:49 PM",Evening Weight Training,Weight Training,,1894,0,129.0,3,,,,activities/9078163438.fit.gz,,,1894.0,1894.0,0.0,0.0,0.0,0.0,0.0,145.8,145.8,0.0,0.0,,,,,,91.0,,,163.0,,,3.0,,,,,,,,,,,,,0.0,,1.0,,,,,,,,,,,,,,,,,,,,,,,,,,,0.0,0.0,0.0,,,,,,,,,,,,,,,,,,,,,""
8461222590,"Jan 27, 2023, 3:19:17 PM",Afternoon Trail Run,Run,,3337,7.51,,,,,,activities/9078162954.fit.gz,,,3337.0,3146.0,7514.0,5.0,2.388,227.1,217.0,205.9,433.3,22.5,-0.1,,,91.0,83.0,,,,,560.0,,,,,,,,,,,,,,,,0.0,,1.0,8178.1,,,,,,,,,,,,,,,,7337777.0,,,,,,,,,,0.0,2.252,6367.0,,,,17676.0,,,,,,,,,,,,,,,,,""
8455723563,"Jan 26, 2023, 3:02:57 PM",Afternoon Workout,Workout,"x3 / 30'
•elliptical 1.400 asc
•treadmill prog tempo >15%
•bike interval 
",5673,0,187.0,102,,,,activities/9072099607.fit.gz,,,5673.0,5673.0,0.0,0.0,0.0,0.0,0.0,131.4,131.4,0.0,0.0,,,,,,147.0,,,1185.0,,,102.0,,,,,,,,,,,0.0,,0.0,,1.0,,,,,,,,,,,,,,,,,,,,,,,,,,,0.0,0.0,0.0,,,,,,,,,,,,,,,,,,,,,""
8444655369,"Jan 24, 2023, 2:45:02 PM",Afternoon Trail Run,Run," 1 x 2Min @ 4'04 min/km  1 x 4Min @ 3'15 min 
 1 x 6min @ 3'44  1 x 8min @ 4'08 min/km ",4955,15.02,,,,,,activities/9059945868.fit.gz,,,4955.0,4954.0,15026.0,5.6,3.033,417.2,398.0,202.1,449.8,49.1,-0.1,,,98.0,86.0,,,,,1075.0,,,,,,,,,,,,,,0.0,,0.0,,1.0,16556.5,,,,,,,,,,,,,,,,7337777.0,,,,,,,,,,0.0,3.032,13317.0,,,,27550.0,,,,,,,,,,,,,,,,,""
8439113247,"Jan 23, 2023, 3:15:26 PM",Afternoon Weight Training,Weight Training,,1828,0,125.0,3,,,,activities/9053850099.fit.gz,,,1828.0,1828.0,0.0,0.0,0.0,0.0,0.0,131.2,131.2,0.0,0.0,,,,,,92.0,,,156.0,,,3.0,,,,,,,,,,,,,0.0,,1.0,,,,,,,,,,,,,,,,,,,,,,,,,,,0.0,0.0,0.0,,,,,,,,,,,,,,,,,,,,,""
8439112768,"Jan 23, 2023, 2:42:08 PM",Afternoon Ride,Ride,,1807,0,124.0,4,,,CYCL⚙️PATH  ,activities/9053849561.fit.gz,,16.0,1807.0,1807.0,0.0,0.0,0.0,0.0,,,,0.0,0.0,,,,,,99.0,,,191.0,,,4.0,,,,,,,,,,,,,0.0,,1.0,,,,,,,,,,,,,,,,11507033.0,,,,,,,,,,,0.0,0.0,0.0,,,,,,,,,,,,,,,,,,,,,""
8434911369,"Jan 22, 2023, 9:09:27 AM",Lunch Trail Run,Run,Αμιγώς TRAILιάρικες καταστάσεις 🍺,16411,25.67,,,,"",,activities/9049115628.fit.gz,,,16411.0,13403.0,25670.0,5.6,1.915,1511.9,1497.0,334.0,958.1,49.1,0.0,,,175.0,76.0,,,,,1767.0,,,,,,,,,,,,,,0.0,,0.0,,1.0,34649.1,,,,,,,,,,,,,,,,7337777.0,,,,,,,,,,0.0,1.564,17552.3,,,,70808.0,,,,,,,,,,,,,,,,,media/3817e91e-de1c-4b5b-a1f7-d8661cba47e4.jpg|media/f8d49200-a0ea-4a71-b445-5a816d858b14.jpg|media/d2b5d078-67b3-4333-9f42-2db8c182b97a.jpg
8427163877,"Jan 21, 2023, 8:38:02 AM",Morning Trail Run,Run,7 x  400m @ 18.4 km/h   3'15 min/km / 1Min ;1 x  5.0km @ 15.3 km/h   3'55 min/km / 1Min ;,7605,19.68,,,,,,activities/9040456291.fit.gz,,,7605.0,7577.0,19685.0,6.2,2.598,806.7,636.0,210.2,449.8,49.1,0.0,,,121.0,86.0,,,,,1391.0,,,,,,,,,,,,,,,,0.0,,1.0,23971.7,,,,,,,,,,,,,,,,7337777.0,,,,,,,,,,0.0,2.588,7788.5,,,,41442.0,,,,,,,,,,,,,,,,,""
8423102956,"Jan 20, 2023, 3:33:54 PM",Afternoon Trail Run,Run,,2892,6.33,,,,,,activities/9035959693.fit.gz,,,2892.0,2746.0,6332.0,3.8,2.306,244.3,254.0,205.9,450.6,35.0,0.0,,,85.0,81.0,,,,,443.0,,,,,,,,,,,,,,,,0.0,,1.0,7327.7,,,,,,,,,,,,,,,,7337777.0,,,,,,,,,,0.0,2.189,4504.0,,,,14992.0,,,,,,,,,,,,,,,,,""
8417960841,"Jan 19, 2023, 3:28:02 PM",Afternoon Trail Run,Run,"Ctrl T
40'",2674,10.73,,,,,,activities/9030281994.fit.gz,,,2674.0,2674.0,10735.0,6.2,4.015,147.1,145.0,85.2,215.6,20.0,-0.1,,,98.0,92.0,,,,,777.0,,,,,,,,,,,,,,0.0,,0.0,,1.0,10993.8,,,,,,,,,,,,,,,,7337777.0,,,,,,,,,,0.0,4.015,81.0,,,,16762.0,,,,,,,,,,,,,,,,,""
8412719503,"Jan 18, 2023, 2:51:33 PM",Afternoon Trail Run,Run,1.30h,5673,10.80,,,,,,activities/9024514699.fit.gz,,,5673.0,5630.0,10806.0,6.0,1.919,998.7,876.0,215.1,449.8,49.1,0.2,,,109.0,82.0,,,,,701.0,,,,,,,,,,,,,,0.0,,0.0,,1.0,18279.9,,,,,,,,,,,,,,,,7337777.0,,,,,,,,,,0.0,1.905,1614.0,,,,30276.0,,,,,,,,,,,,,,,,,""
8407645418,"Jan 17, 2023, 4:37:04 PM",Evening Trail Run,Run,1 x  3.0km @ 15.6 km/h   3'51 min/km / 2Min ;,4515,12.50,,,,,,activities/9018916871.fit.gz,,,4515.0,4494.0,12508.0,6.0,2.783,499.1,357.0,215.6,433.5,45.7,0.0,,,97.0,85.0,,,,,909.0,,,,,,,,,,,,,,,,0.0,,1.0,14400.1,,,,,,,,,,,,,,,,7337777.0,,,,,,,,,,0.0,2.77,11620.0,,,,25426.0,,,,,,,,,,,,,,,,,""
8396009676,"Jan 15, 2023, 10:48:41 AM",Lunch Trail Run,Run,,5710,17.02,,,,,,activities/9005950052.fit.gz,,,5710.0,5552.0,17023.0,4.2,3.066,10.0,7.0,242.0,258.8,40.0,0.0,,,93.0,87.0,,,,,1253.0,,,,,,,,,,,,,,,,0.0,,1.0,17226.3,,,,,,,,,,,,,,,,7337777.0,,,,,,,,,,0.0,2.981,0.0,,,,32006.0,,,,,,,,,,,,,,,,,""
8389947540,"Jan 14, 2023, 9:39:47 AM",Lunch Trail Run,Run,2h 50/50 xc,7462,26.46,,,,,,activities/8999152290.fit.gz,,,7462.0,7425.0,26466.0,5.6,3.564,673.1,637.0,203.7,450.6,36.7,-0.1,,,98.0,90.0,,,,,1932.0,,,,,,,,,,,,,,0.0,,0.0,,1.0,28146.1,,,,,,,,,,,,,,,,7337777.0,,,,,,,,,,0.0,3.547,25278.0,,,,45262.0,,,,,,,,,,,,,,,,,""
8385687608,"Jan 13, 2023, 3:25:16 PM",Afternoon Trail Run,Run,,2939,5.01,,,,,,activities/8994431979.fit.gz,,,2939.0,2479.0,5017.0,3.6,2.024,254.0,230.0,194.4,438.2,49.1,0.5,,,119.0,79.0,,,,,355.0,,,,,,,,,,,,,,,,0.0,,1.0,6252.4,,,,,,,,,,,,,,,,7337777.0,,,,,,,,,,0.0,1.707,2809.0,,,,13852.0,,,,,,,,,,,,,,,,,""
8381442281,"Jan 12, 2023, 5:48:21 PM",Evening Trail Run,Run,4 x  2.0km @ 15 km/h   3'56 min/km / 2Min ;,4676,14.03,,,,,,activities/8989746946.fit.gz,,,4676.0,4618.0,14033.0,5.6,3.039,324.7,244.0,213.5,436.4,46.7,-0.1,,,110.0,88.0,,,,,1018.0,,,,,,,,,,,,,,0.0,,0.0,,1.0,15280.6,,,,,,,,,,,,,,,,7337777.0,,,,,,,,,,0.0,3.001,12767.0,,,,26624.0,,,,,,,,,,,,,,,,,""
8375410928,"Jan 11, 2023, 3:37:21 PM",Afternoon Trail Run,Run,,4072,11.60,,,,,,activities/8983104382.fit.gz,,,4072.0,3728.0,11605.0,6.0,3.113,0.0,0.0,237.4,246.8,30.0,0.0,,,115.0,87.0,,,,,840.0,,,,,,,,,,,,,,,,0.0,,1.0,11775.2,,,,,,,,,,,,,,,,7337777.0,,,,,,,,,,0.0,2.85,0.0,,,,21144.0,,,,,,,,,,,,,,,,,""
8369695368,"Jan 10, 2023, 3:19:05 PM",Afternoon Trail Run,Run,5 x 2Min @ 10.4 km/h   5'46 min/km / 1Min 10s ;1 x 5Min @ 17.8 km/h   3'22 min/km / 1Min 50s ;,5233,12.25,,,,,,activities/8976809899.fit.gz,,,5233.0,4964.0,12258.0,6.2,2.469,510.9,449.0,213.9,449.8,49.1,0.0,,,106.0,83.0,,,,,853.0,,,,,,,,,,,,,,,,0.0,,1.0,14553.9,,,,,,,,,,,,,,,,7337777.0,,,,,,,,,,0.0,2.342,9343.0,,,,27686.0,,,,,,,,,,,,,,,,,""
8434759313,"Jan 10, 2023, 10:04:50 AM",Lunch Trail Run,Run,,5,0,,,,,,activities/9048944646.fit.gz,,,5.0,5.0,0.0,0.0,0.0,0.0,0.0,,,0.0,0.0,,,,,,,,,0.0,,,,,,,,,,,,,,,,0.0,,1.0,,,,,,,,,,,,,,,,,7337777.0,,,,,,,,,,0.0,0.0,0.0,,,,,,,,,,,,,,,,,,,,,""
8364195199,"Jan 9, 2023, 2:52:44 PM",Afternoon Trail Run,Run,1 x 30Min @ 16.9 km/h   3'32 min/km / 40s ;,5065,15.71,,,,,,activities/8970733336.fit.gz,,,5065.0,4906.0,15709.0,6.8,3.202,347.0,338.0,216.0,449.0,48.9,0.1,,,109.0,87.0,,,,,1123.0,,,,,,,,,,,,,,0.0,,0.0,,1.0,17464.7,,,,,,,,,,,,,,,,7337777.0,,,,,,,,,,0.0,3.101,5569.0,,,,28382.0,,,,,,,,,,,,,,,,,""
8358296443,"Jan 8, 2023, 11:12:57 AM",Afternoon Trail Run,Run,"",6344,5.21,,,,,,activities/8964071627.fit.gz,,,6344.0,3778.0,5209.0,6.71,1.379,313.5,232.0,188.8,400.0,49.6,-0.1,,,79.0,53.0,,,,,359.0,,,,,,,,,,,,,,0.0,,0.0,,1.0,7390.9,,,,,,,,,,,,,,,,7337777.0,,,,,,,,,,0.0,0.821,334.0,,,,14664.0,,,,,,,,,,,,,,,,,media/5d6051bf-2de8-491d-86fe-a8eaccaaff82.jpg|media/2ce076fa-36e7-4b82-9228-88efe0a4ad2c.jpg|media/57147e8e-4929-447c-a30b-b604a9d7a390.jpg|media/a5991106-b937-49f1-b103-a2b2024dd935.jpg|media/951f86d3-964c-4fac-80c0-eab6f7a0db30.jpg
8356604507,"Jan 8, 2023, 7:46:05 AM",Morning Trail Run,Run,"",5838,9.72,,,,,,activities/8962176661.fit.gz,,,5838.0,4840.0,9728.0,4.2,2.01,609.0,536.0,378.0,707.4,49.1,0.6,,,106.0,78.0,,,,,689.0,,,,,,,,,,,,,,0.0,,0.0,,1.0,12889.6,,,,,,,,,,,,,,,,7337777.0,,,,,,,,,,0.0,1.666,773.5,,,,26364.0,,,,,,,,,,,,,,,,,media/349f55a5-c8ac-4d8c-a661-fff7bdf02358.jpg
8353257986,"Jan 7, 2023, 1:47:49 PM",Afternoon Trail Run,Run,Μονοπάτι... μάνα μία ,3650,5.84,,,,,,activities/8958375287.fit.gz,,,3650.0,3109.0,5846.0,4.4,1.88,478.2,475.0,9.2,470.3,49.1,0.1,,,104.0,74.0,,,,,384.0,,,,,,,,,,,,,,0.0,,0.0,,1.0,9050.6,,,,,,,,,,,,,,,,7337777.0,,,,,,,,,,0.0,1.602,2866.0,,,,16200.0,,,,,,,,,,,,,,,,,media/3c2b201a-2a98-4fc7-ae54-b07966a14c6e.jpg
8353251461,"Jan 7, 2023, 11:04:38 AM",Afternoon Trail Run,Run,"",8403,5.26,,,,,,activities/8958367817.fit.gz,,,8403.0,5923.0,5267.0,4.4,0.889,274.9,262.0,9.4,678.4,49.1,-9.6,,,120.0,66.0,,,,,1807.0,,,,,,,,,,,,,,0.0,,0.0,,1.0,6651.2,,,,,,,,,,,,,,,,7337777.0,,,,,,,,,,0.0,0.627,1628.0,,,,17586.0,,,,,,,,,,,,,,,,,media/f3ed75e0-02b5-40e5-9599-51ac54e9f716.jpg|media/591cef57-bbdd-4175-afda-7dbcc8546096.jpg|media/27f486c6-553d-4af4-92d3-9e066e0a0a6d.jpg
8351048244,"Jan 7, 2023, 8:51:36 AM",Morning Trail Run,Run,"",3295,2.55,,,,,,activities/8955910161.fit.gz,,,3295.0,1783.0,2553.0,3.2,1.432,192.0,255.0,1302.4,1471.0,49.1,-2.4,,,99.0,56.0,,,,,173.0,,,,,,,,,,,,,,0.0,,0.0,,1.0,3858.9,,,,,,,,,,,,,,,,7337777.0,,,,,,,,,,0.0,0.775,0.0,,,,8922.0,,,,,,,,,,,,,,,,,media/f111ff49-2a5c-42bc-8778-d52e2c59edad.jpg|media/1a7463c0-ddbc-4364-ae28-226fbcb979cb.jpg
8347886970,"Jan 6, 2023, 8:34:41 AM",Morning Trail Run,Run,"",15190,26.75,,,,,,activities/8952368899.fit.gz,,,15190.0,15189.0,26755.0,7.8,1.761,1257.6,1126.0,570.2,1527.0,49.3,-0.1,,,112.0,79.0,,,,,1892.0,,,,,,,,,,,,,,0.0,,0.0,,1.0,33711.9,,,,,,,,,,,,,,,,7337777.0,,,,,,,,,,0.0,1.761,9180.5,,,,33633.0,,,,,,,,,,,,,,,,,media/a267a449-265b-47f1-8408-016807fec5a0.jpg|media/019270ac-ed42-4d3f-a9ef-39909192ae95.jpg|media/c1033d3c-e09c-4dd1-a82c-558169fe916b.jpg|media/36be30d0-00c7-4c1a-a601-ec4aa893b5ad.jpg|media/628bf4d3-bcc2-4f16-92e2-a23a99de7675.jpg
8343083030,"Jan 5, 2023, 3:18:03 PM",Afternoon Trail Run,Run,"",6841,5.15,,,,,,activities/8947013437.fit.gz,,,6841.0,5840.0,5157.0,3.4,0.883,254.1,133.0,572.3,652.6,47.5,0.4,,,78.0,51.0,,,,,667.0,,,,,,,,,,,,,,0.0,,0.0,,1.0,6510.3,,,,,,,,,,,,,,,,7337777.0,,,,,,,,,,0.0,0.754,721.0,,,,6741.0,,,,,,,,,,,,,,,,,media/31bad2ef-c9dd-4682-8da9-b366e9f37e47.jpg|media/9748471d-2658-46d1-9f95-7fd21f3a4e36.jpg|media/025b1ce2-13dd-4375-a1c8-6c90b5db398b.jpg|media/ebe4a9c4-89e3-4c2d-bdfb-c95b4bb2590b.jpg
8337167578,"Jan 4, 2023, 2:05:31 PM",Afternoon Trail Run,Run,,5245,12.64,,,,,,activities/8940425597.fit.gz,,,5245.0,5215.0,12643.0,4.4,2.424,353.5,311.0,208.4,449.9,40.0,0.0,,,89.0,84.0,,,,,923.0,,,,,,,,,,,,,,,,0.0,,1.0,13947.5,,,,,,,,,,,,,,,,7337777.0,,,,,,,,,,0.0,2.41,10439.5,,,,14144.0,,,,,,,,,,,,,,,,,""
8332942999,"Jan 3, 2023, 6:14:01 PM",Evening Trail Run,Run,,3615,9.23,,,,,,activities/8935687554.fit.gz,,,3615.0,3614.0,9230.0,6.0,2.554,389.5,302.0,208.4,365.1,49.1,0.0,,,108.0,83.0,,,,,675.0,,,,,,,,,,,,,,,,0.0,,1.0,11090.2,,,,,,,,,,,,,,,,7337777.0,,,,,,,,,,0.0,2.553,3189.0,,,,,,,,,,,,,,,,,,,,,""
8367362218,"Jan 3, 2023, 6:30:36 AM",Morning Mountain Bike Ride,Ride,,5,0,,,,,CYCL⚙️PATH  ,activities/8974209553.fit.gz,,16.0,5.0,5.0,0.0,0.0,0.0,0.0,0.0,,,0.0,0.0,,,,,,,,,,,,,,,,,,,,,,,,,0.0,,1.0,,,,,,,,,,,,,,,,11507033.0,,,,,,,,,,,0.0,0.0,0.0,,,,,,,,,,,,,,,,,,,,,""
8326716400,"Jan 2, 2023, 1:44:01 PM",Afternoon Mountain Bike Ride,Ride,With master Tri 🏊🚵🏃 George Michelakis 🤜🤛,7076,32.29,,,,,CYCL⚙️PATH  ,activities/8326716400.fit,,16.0,7076.0,6744.0,32297.2,15.966,4.789,731.0,718.0,377.4,648.2,20.1,0.0,,,,,,,,166.0,1250.0,,16.0,,,,,,,,,,,,0.0,,0.0,,1.0,,,,,,,,,,,,,,,,11507033.0,,,,,,,,,,,0.0,4.564,29566.6,,,,,,,,,,,,,,,,,,,,,media/02f7a198-d383-441b-a847-c13b2bdb5ed5.jpg
8320924129,"Jan 1, 2023, 10:03:35 AM",Lunch Trail Run,Run,"",10313,23.43,,,,"",,activities/8921686311.fit.gz,,,10313.0,10167.0,23429.0,6.0,2.304,1149.8,1074.0,380.5,1344.8,49.1,0.0,,,111.0,82.0,,,,,1664.0,,,,,,,,,,,,,,0.0,,0.0,,1.0,29959.1,,,,,,,,,,,,,,,,7337777.0,,,,,,,,,,0.0,2.272,21211.0,,,,,,,,,,,,,,,,,,,,,""
8312141963,"Dec 30, 2022, 12:33:59 PM",Afternoon Trail Run,Run,"1 x 12Min @  3'35 min/km 
1 x 12Min @  3'36 min/km 
10 x  200m @ 3'06 min/km ",7988,21.04,,,,,,activities/8911688922.fit.gz,,,7988.0,7987.0,21044.0,7.0,2.635,877.6,660.0,215.9,448.7,49.1,0.0,,,254.0,85.0,,,,,1474.0,,,,,,,,,,,,,,0.0,,0.0,,1.0,26073.7,,,,,,,,,,,,,,,,7337777.0,,,,,,,,,,0.0,2.634,14797.0,,,,,,,,,,,,,,,,,,,,,""
8308233531,"Dec 29, 2022, 5:54:53 PM",Evening Trail Run,Run,,2104,4.98,,,,,,activities/8907280405.fit.gz,,,2104.0,2051.0,4982.0,5.4,2.429,58.9,96.0,195.7,215.3,30.0,0.0,,,86.0,83.0,,,,,369.0,,,,,,,,,,,,,,,,0.0,,1.0,5148.3,,,,,,,,,,,,,,,,7337777.0,,,,,,,,,,0.0,2.368,4266.0,,,,,,,,,,,,,,,,,,,,,""
8303345546,"Dec 28, 2022, 4:26:51 PM",Evening Trail Run,Run,1 x  6.0km @ 15.9 km/h   3'46 min/km / 2Min 10s ;,4394,11.96,,,,,,activities/8901774719.fit.gz,,,4394.0,4024.0,11962.0,6.0,2.973,422.9,254.0,212.6,368.9,48.9,0.0,,,112.0,85.0,,,,,862.0,,,,,,,,,,,,,,,,0.0,,1.0,14041.0,,,,,,,,,,,,,,,,7337777.0,,,,,,,,,,0.0,2.722,6763.0,,,,,,,,,,,,,,,,,,,,,""
8298371960,"Dec 27, 2022, 2:30:58 PM",Afternoon Trail Run,Run,10 x 1Min @ 16.3 km/h   3'41 min/km / 2Min 10s ;,4685,12.23,,,,,,activities/8896163760.fit.gz,,,4685.0,4513.0,12233.0,6.8,2.711,512.1,381.0,207.6,448.7,48.0,0.0,,,187.0,85.0,,,,,869.0,,,,,,,,,,,,,,,,0.0,,1.0,14567.4,,,,,,,,,,,,,,,,7337777.0,,,,,,,,,,0.0,2.611,10326.0,,,,,,,,,,,,,,,,,,,,,""
8293754922,"Dec 26, 2022, 1:55:16 PM",Afternoon Trail Run,Run,,4635,17.42,,,,,,activities/8890919107.fit.gz,,,4635.0,4622.0,17423.0,6.0,3.77,339.0,283.0,204.3,368.9,25.0,-0.2,,,138.0,91.0,,,,,1268.0,,,,,,,,,,,,,,,,0.0,,1.0,18232.6,,,,,,,,,,,,,,,,7337777.0,,,,,,,,,,0.0,3.759,15119.0,,,,,,,,,,,,,,,,,,,,,""
8289852382,"Dec 25, 2022, 10:09:32 AM",Lunch Trail Run,Run,Christmas route... μελομακάρονο 🤌,7345,11.66,,,,,,activities/8886456097.fit.gz,,,7345.0,7266.0,11664.0,6.6,1.605,617.2,572.0,543.0,1036.4,49.9,0.2,,,119.0,78.0,,,,,867.0,,,,,,,,,,,,,,0.0,,0.0,,1.0,14819.4,,,,,,,,,,,,,,,,7337777.0,,,,,,,,,,0.0,1.588,3941.0,,,,,,,,,,,,,,,,,,,,,media/8c4c2f33-f7ef-4e09-9cb9-dec43a5c09bd.mp4|media/1cf48b9c-e384-4e29-afc0-fcdad5c81fe8.mp4|media/9be3b3b1-e622-4e8e-ae1f-4e817cd6e6e4.jpg|media/bd260b12-b755-4b73-be10-85e532e1ae8a.jpg
8287172010,"Dec 24, 2022, 11:20:12 AM",Afternoon Trail Run,Run,Christmas γιφτ 🧑‍🎄🎁🎄,10822,17.74,,,,,,activities/8883376446.fit.gz,,,10822.0,8879.0,17742.0,5.4,1.998,981.4,938.0,397.3,1160.4,49.8,0.0,,,106.0,78.0,,,,,1246.0,,,,,,,,,,,,,,0.0,,0.0,,1.0,23599.0,,,,,,,,,,,,,,,,7337777.0,,,,,,,,,,0.0,1.639,14305.0,,,,,,,,,,,,,,,,,,,,,media/05d95466-92df-4c8e-8e3f-de8c20314468.jpg|media/974e3c80-b8ce-43c0-af1c-291fef3e37e2.jpg
8271359772,"Dec 20, 2022, 4:32:29 PM",Evening Trail Run,Run,,4149,9.80,,,,,,activities/8865701780.fit.gz,,,4149.0,3949.0,9801.0,6.2,2.482,395.0,386.0,209.0,446.0,48.9,0.0,,,121.0,82.0,,,,,655.0,,,,,,,,,,,,,,,,0.0,,1.0,11902.2,,,,,,,,,,,,,,,,7337777.0,,,,,,,,,,0.0,2.362,7776.0,,,,,,,,,,,,,,,,,,,,,""
8267393131,"Dec 19, 2022, 4:48:38 PM",Evening Trail Run,Run,,3566,8.36,,,,,,activities/8861280753.fit.gz,,,3566.0,3455.0,8365.0,5.6,2.421,255.0,293.0,202.9,449.9,37.5,-0.1,,,94.0,82.0,,,,,601.0,,,,,,,,,,,,,,,,0.0,,1.0,9151.2,,,,,,,,,,,,,,,,7337777.0,,,,,,,,,,0.0,2.346,6355.0,,,,,,,,,,,,,,,,,,,,,""
8262972220,"Dec 18, 2022, 10:56:54 AM",Lunch Trail Run,Run,10 x 1Min @ 4.3 km/h  13'50 min/km / 1Min 10s ;,6966,15.78,,,,,,activities/8856236234.fit.gz,,,6966.0,6072.0,15782.0,7.2,2.599,896.4,852.0,404.5,920.2,49.1,0.1,,,109.0,83.0,,,,,1090.0,,,,,,,,,,,,,,,,0.0,,1.0,21223.5,,,,,,,,,,,,,,,,7337777.0,,,,,,,,,,0.0,2.266,13420.0,,,,,,,,,,,,,,,,,,,,,""
8259028296,"Dec 17, 2022, 1:21:35 PM",Afternoon Trail Run,Run,,4565,13.45,,,,,,activities/8851739197.fit.gz,,,4565.0,4268.0,13456.0,6.4,3.153,608.7,562.0,204.1,448.7,48.9,0.0,,,99.0,85.0,,,,,940.0,,,,,,,,,,,,,,,,0.0,,1.0,15887.9,,,,,,,,,,,,,,,,7337777.0,,,,,,,,,,0.0,2.948,10993.0,,,,,,,,,,,,,,,,,,,,,""
8244709589,"Dec 13, 2022, 5:36:55 PM",Evening Trail Run,Run,,4200,11.09,,,,,,activities/8835666233.fit.gz,,,4200.0,4200.0,11090.0,5.0,2.64,314.6,262.0,208.4,432.7,33.9,0.1,,,97.0,85.0,,,,,816.0,,,,,,,,,,,,,,,,0.0,,1.0,12063.0,,,,,,,,,,,,,,,,7337777.0,,,,,,,,,,0.0,2.64,9949.0,,,,,,,,,,,,,,,,,,,,,""
8240782404,"Dec 12, 2022, 5:19:40 PM",Evening Trail Run,Run,,6602,15.54,,,,,,activities/8831301903.fit.gz,,,6602.0,5979.0,15547.0,6.0,2.6,549.3,339.0,210.9,448.7,48.9,0.0,,,115.0,83.0,,,,,1106.0,,,,,,,,,,,,,,,,0.0,,1.0,18451.3,,,,,,,,,,,,,,,,7337777.0,,,,,,,,,,0.0,2.355,4863.5,,,,,,,,,,,,,,,,,,,,,""
8228087018,"Dec 9, 2022, 3:41:09 PM",Afternoon Trail Run,Run,,3192,9.50,,,,,,activities/8816906723.fit.gz,,,3192.0,3106.0,9506.0,6.2,3.061,296.4,226.0,207.6,443.6,46.7,0.0,,,117.0,87.0,,,,,683.0,,,,,,,,,,,,,,,,0.0,,1.0,10577.3,,,,,,,,,,,,,,,,7337777.0,,,,,,,,,,0.0,2.978,8090.0,,,,,,,,,,,,,,,,,,,,,""
8223190388,"Dec 8, 2022, 12:21:44 PM",Afternoon Trail Run,Run,,10,0,,,,,,activities/8810861052.fit.gz,,,10.0,10.0,0.0,0.0,0.0,0.0,0.0,215.6,215.6,0.0,0.0,,,,,,,,,0.0,,,,,,,,,,,,,,,,0.0,,1.0,,,,,,,,,,,,,,,,,7337777.0,,,,,,,,,,0.0,0.0,0.0,,,,,,,,,,,,,,,,,,,,,""
8219882210,"Dec 7, 2022, 2:29:56 PM",Afternoon Trail Run,Run,Επιχείρηση συνενωσης... Κυκλάδες - rock climb - ζαχαριστα direct ...κ γίναμε 🔝 ,5865,12.42,,,,,,activities/8807169223.fit.gz,,,5865.0,5294.0,12423.0,4.6,2.347,624.4,572.0,208.8,448.7,49.1,0.1,,,101.0,79.0,,,,,876.0,,,,,,,,,,,,,,0.0,,0.0,,1.0,15593.8,,,,,,,,,,,,,,,,7337777.0,,,,,,,,,,0.0,2.118,11221.0,,,,,,,,,,,,,,,,,,,,,""
8215802769,"Dec 6, 2022, 5:18:34 PM",Evening Trail Run,Run,,3386,6.23,,,,,,activities/8802618058.fit.gz,,,3386.0,3174.0,6238.0,4.2,1.965,534.6,454.0,215.7,448.7,48.9,0.4,,,120.0,82.0,,,,,416.0,,,,,,,,,,,,,,,,0.0,,1.0,10093.2,,,,,,,,,,,,,,,,7337777.0,,,,,,,,,,0.0,1.842,5015.0,,,,,,,,,,,,,,,,,,,,,""
8211131198,"Dec 5, 2022, 4:36:31 PM",Evening Trail Run,Run,,2468,8.56,,,,,,activities/8797392419.fit.gz,,,2468.0,2468.0,8563.0,5.4,3.47,250.1,256.0,203.0,449.9,22.5,0.0,,,98.0,90.0,,,,,633.0,,,,,,,,,,,,,,,,0.0,,1.0,9264.0,,,,,,,,,,,,,,,,7337777.0,,,,,,,,,,0.0,3.47,7193.0,,,,,,,,,,,,,,,,,,,,,""
8207894315,"Dec 4, 2022, 7:46:39 AM",Morning Trail Run,Run,Art e (γα)mission.... 💪,14206,24.87,,,,,,activities/8793693540.fit.gz,,,14206.0,12314.0,24878.0,5.2,2.02,1716.2,1498.0,368.0,1581.6,49.1,0.0,,,133.0,77.0,,,,,1686.0,,,,,,,,,,,,,,0.0,,0.0,,1.0,37321.9,,,,,,,,,,,,,,,,7337777.0,,,,,,,,,,0.0,1.751,3597.0,,,,,,,,,,,,,,,,,,,,,media/1d109410-ceda-44d6-8ce8-0a86c77139f2.mp4|media/d1dee134-c5f6-4a40-99b1-a3858966474f.jpg|media/11d963c2-4619-40ee-aa24-091deea4ab93.jpg|media/adc50ba4-86cc-4c0c-a8a6-04f4da52d9c4.jpg|media/1320fb0d-01b5-42e9-888d-a5bbe92ae64b.jpg|media/92d2417a-d7f1-42a3-8593-d73cf01bba0b.jpg|media/b252ac59-773e-407b-89ba-ed478d2ff91f.jpg
8194447272,"Dec 1, 2022, 4:54:27 PM",Evening Trail Run,Run,,4500,13.51,,,,,,activities/8778525313.fit.gz,,,4500.0,4337.0,13515.0,5.6,3.116,371.8,370.0,207.6,449.8,48.9,0.0,,,116.0,89.0,,,,,972.0,,,,,,,,,,,,,,,,0.0,,1.0,14875.8,,,,,,,,,,,,,,,,7337777.0,,,,,,,,,,0.0,3.003,12168.0,,,,,,,,,,,,,,,,,,,,,""
8190581176,"Nov 30, 2022, 6:44:05 PM",Evening Trail Run,Run,,3244,10.25,,,,,,activities/8774182954.fit.gz,,,3244.0,3190.0,10254.0,5.4,3.214,262.9,276.0,207.6,449.9,48.9,0.0,,,126.0,89.0,,,,,750.0,,,,,,,,,,,,,,,,0.0,,1.0,11013.1,,,,,,,,,,,,,,,,7337777.0,,,,,,,,,,0.0,3.161,9190.0,,,,,,,,,,,,,,,,,,,,,""
8185257557,"Nov 29, 2022, 3:38:47 PM",Afternoon Trail Run,Run,Salomon S-Lab Sense 2L (σε καποιες ραφές έχει σκισιμο) βρέθηκε σήμερα στο μονοπάτι των νεκρών... ελπίζω ο κάτοχος να είναι ζωντανός. Θα το παραδώσω στο πρόεδρο ΠΔΣ Οδυσσέα - Δ. Ζωναρά ,4436,11.74,,,,,,activities/8768258922.fit.gz,,,4436.0,4304.0,11744.0,4.8,2.729,552.4,494.0,210.4,448.7,49.1,0.0,,,115.0,83.0,,,,,822.0,,,,,,,,,,,,,,0.0,,0.0,,1.0,14643.6,,,,,,,,,,,,,,,,7337777.0,,,,,,,,,,0.0,2.647,9277.0,,,,,,,,,,,,,,,,,,,,,""
8175731915,"Nov 27, 2022, 10:28:58 AM",Lunch Trail Run,Run,,9098,19.92,,,,,,activities/8757516539.fit.gz,,,9098.0,8429.0,19924.0,4.0,2.364,649.6,602.0,204.0,449.9,49.1,0.0,,,111.0,83.0,,,,,1461.0,,,,,,,,,,,,,,,,0.0,,1.0,22605.6,,,,,,,,,,,,,,,,7337777.0,,,,,,,,,,0.0,2.19,16571.0,,,,,,,,,,,,,,,,,,,,,""
8172457054,"Nov 26, 2022, 6:43:59 PM",Evening Trail Run,Run,,2457,8.61,,,,,,activities/8753791921.fit.gz,,,2457.0,2433.0,8612.0,6.2,3.54,250.7,248.0,202.9,449.9,35.0,-0.1,,,99.0,89.0,,,,,626.0,,,,,,,,,,,,,,,,0.0,,1.0,9413.8,,,,,,,,,,,,,,,,7337777.0,,,,,,,,,,0.0,3.505,7154.0,,,,,,,,,,,,,,,,,,,,,""
8163242422,"Nov 24, 2022, 5:01:06 PM",Evening Trail Run,Run,Κάψτε ζαντολάστιχα στα τζάκια με 17°c @@ρες.,3320,10.33,,,,,,activities/8743376909.fit.gz,,,3320.0,3269.0,10337.0,5.4,3.162,293.8,296.0,195.4,432.7,48.6,-0.2,,,95.0,87.0,,,,,753.0,,,,,,,,,,,,,,0.0,,0.0,,1.0,11153.0,,,,,,,,,,,,,,,,7337777.0,,,,,,,,,,0.0,3.114,8823.0,,,,,,,,,,,,,,,,,,,,,""
8158999625,"Nov 23, 2022, 6:40:17 PM",Evening Trail Run,Run,,2994,7.04,,,,,,activities/8738618449.fit.gz,,,2994.0,2924.0,7046.0,4.6,2.41,439.8,448.0,202.9,448.7,48.0,0.0,,,121.0,84.0,,,,,487.0,,,,,,,,,,,,,,,,0.0,,1.0,9816.0,,,,,,,,,,,,,,,,7337777.0,,,,,,,,,,0.0,2.353,4141.0,,,,,,,,,,,,,,,,,,,,,""
8153793983,"Nov 22, 2022, 4:26:46 PM",Evening Trail Run,Run,"",2928,9.42,,,,,,activities/8732820558.fit.gz,,,2928.0,2834.0,9421.0,6.0,3.324,278.0,258.0,207.6,449.9,45.0,0.1,,,109.0,89.0,,,,,694.0,,,,,,,,,,,,,,0.0,,0.0,,1.0,10244.6,,,,,,,,,,,,,,,,7337777.0,,,,,,,,,,0.0,3.218,6682.0,,,,,,,,,,,,,,,,,,,,,""
8149602284,"Nov 20, 2022, 2:34:44 PM",Afternoon Trail Run,Run,,5138,10.17,,,,,,activities/8149602284.fit,,,5138.0,4948.0,10172.0,4.938,2.056,545.0,538.0,208.4,454.8,48.9,0.1,,,,,,,,,1133.0,,23.0,,,,,,,,,,,,,,0.0,,1.0,12989.1,,,,,,,,,,,,,,,,7337777.0,,,,,,,,,,0.0,1.98,6926.4,,,,,,,,,,,,,,,,,,,,,""
8134934011,"Nov 17, 2022, 6:54:13 PM",Evening Trail Run,Run,,3954,7.06,,,,,,activities/8134934011.fit,,,3954.0,3613.0,7063.2,3.686,1.955,317.0,307.0,209.6,448.7,42.0,0.1,,,,,,,,,751.0,,21.0,,,,,,,,,,,,,,0.0,,1.0,8605.2,,,,,,,,,,,,,,,,7337777.0,,,,,,,,,,0.0,1.786,5360.4,,,,,,,,,,,,,,,,,,,,,""
8113198783,"Nov 13, 2022, 12:39:04 PM",Afternoon Trail Run,Run,,7029,17.31,,,,,,activities/8686826954.fit.gz,,,7029.0,6677.0,17310.0,5.8,2.592,467.2,398.0,194.4,406.1,48.0,0.0,,,104.0,84.0,,,,,1262.0,,,,,,,,,,,,,,,,0.0,,1.0,19082.4,,,,,,,,,,,,,,,,7337777.0,,,,,,,,,,0.0,2.463,13125.5,,,,,,,,,,,,,,,,,,,,,""
8107938564,"Nov 12, 2022, 2:42:45 PM",Afternoon Trail Run,Run,,4523,8.80,,,,,,activities/8680801227.fit.gz,,,4523.0,4348.0,8803.0,4.0,2.025,383.0,419.0,212.0,441.8,48.9,-0.3,,,106.0,81.0,,,,,576.0,,,,,,,,,,,,,,,,0.0,,1.0,10684.6,,,,,,,,,,,,,,,,7337777.0,,,,,,,,,,0.0,1.946,6281.0,,,,,,,,,,,,,,,,,,,,,""
8102702217,"Nov 11, 2022, 4:31:42 PM",Evening Trail Run,Run,,2839,9.88,,,,,,activities/8674831706.fit.gz,,,2839.0,2839.0,9881.0,5.2,3.48,249.2,223.0,209.2,449.9,20.0,-0.1,,,97.0,89.0,,,,,728.0,,,,,,,,,,,,,,,,0.0,,1.0,10473.0,,,,,,,,,,,,,,,,7337777.0,,,,,,,,,,0.0,3.48,9202.0,,,,,,,,,,,,,,,,,,,,,""
8082502293,"Nov 7, 2022, 2:55:18 PM",Afternoon Trail Run,Run,,2425,7.53,,,,,,activities/8652212793.fit.gz,,,2425.0,2362.0,7533.0,7.0,3.189,295.0,300.0,253.4,464.0,48.3,-0.4,,,98.0,87.0,,,,,549.0,,,,,,,,,,,,,,,,0.0,,1.0,8361.4,,,,,,,,,,,,,,,,7337777.0,,,,,,,,,,0.0,3.106,6428.0,,,,,,,,,,,,,,,,,,,,,""
8077939103,"Nov 6, 2022, 12:01:34 PM",Afternoon Ride,Ride,5 x 1Min @ Avg  98 (Max 113) bpm / 1Min Avg 104 bpm;5 x 1Min @ Avg 134 (Max 151) bpm / 1Min Avg 139 bpm;,3057,0,161.0,12,,,CYCL⚙️PATH  ,activities/8646962149.fit.gz,,16.0,3057.0,3057.0,0.0,0.0,0.0,0.0,,,,0.0,0.0,,,,,,108.0,,,383.0,,,12.0,,,,,,,,,,,,,0.0,,1.0,,,,,,,,,,,,,,,,11507033.0,,,,,,,,,,,0.0,0.0,0.0,,,,,,,,,,,,,,,,,,,,,""
8072259899,"Nov 5, 2022, 11:58:46 AM",Afternoon Swim,Swim,🌊👌,2865,"2,061",,,,,,activities/8640434306.fit.gz,,,2865.0,2865.0,2061.0,8.535,0.719,0.0,0.0,-12.0,111.6,38.5,0.0,,,,,,,,,735.0,,,,,,,,,,,,,,0.0,,0.0,,1.0,,,,,,,,,,,,,,,,,,,,,,,,,,,0.0,0.719,0.0,,,,,,,,,,,,,,,,,,,,,media/29a07681-b5ab-4e3b-ae0e-a7e8a513a1a3.mp4|media/6a20b259-cd08-4070-8658-7a833302039f.jpg
8058395789,"Nov 2, 2022, 3:15:41 PM",Afternoon Trail Run,Run,ΑΡΧΙΔΙΑ καπαμά 🤌,2568,4.75,,,,,,activities/8624805688.fit.gz,,,2568.0,2393.0,4753.0,3.6,1.986,157.0,123.0,204.4,349.2,48.6,0.6,,,96.0,78.0,,,,,325.0,,,,,,,,,,,,,,0.0,,0.0,,1.0,5295.1,,,,,,,,,,,,,,,,7337777.0,,,,,,,,,,0.0,1.851,4074.0,,,,,,,,,,,,,,,,,,,,,""
8054153866,"Nov 1, 2022, 5:29:16 PM",Evening Trail Run,Run,,4952,6.24,,,,,,activities/8620025643.fit.gz,,,4952.0,4427.0,6241.0,3.8,1.41,187.0,196.0,125.8,285.4,42.2,-0.1,,,82.0,54.0,,,,,333.0,,,,,,,,,,,,,,,,0.0,,1.0,7182.2,,,,,,,,,,,,,,,,7337777.0,,,,,,,,,,0.0,1.26,1250.0,,,,,,,,,,,,,,,,,,,,,""
8044152892,"Oct 30, 2022, 1:56:23 PM",Afternoon Trail Run,Run,"",6680,12.51,,,,,,activities/8608578801.fit.gz,,,6680.0,6679.0,12510.0,6.2,1.873,489.0,411.0,49.2,170.5,48.6,0.0,,,116.0,80.0,,,,,904.0,,,,,,,,,,,,,,0.0,,0.0,,1.0,15506.1,,,,,,,,,,,,,,,,7337777.0,,,,,,,,,,0.0,1.873,378.0,,,,,,,,,,,,,,,,,,,,,media/b09e39a7-a1c9-4ea5-9b27-c5611b859eec.jpg|media/a7cf69dc-6d0c-40c0-ac9c-4126ef67bf92.jpg|media/5127da3f-6a13-4824-a7df-07a95e9d06d9.jpg|media/1cb309c9-8aa0-4cb1-81e7-3829ec501034.jpg
8037404410,"Oct 29, 2022, 1:16:18 PM",Afternoon Hike,Hike,"",3374,2.59,,,,,,activities/8037404410.fit,,,3374.0,2579.0,2592.9,4.828,1.005,110.3,91.0,2.4,64.7,48.7,0.0,,,,,,,,,226.0,,30.0,,,,,,,,,,,,0.0,,0.0,,1.0,,,,,,,,,,,,,,,,,7337777.0,,,,,,,,,,0.0,0.769,0.0,,,,,,,,,,,,,,,,,,,,,media/f8bcc808-aba8-41aa-bd06-a1dc008a5927.jpg|media/fa6d196a-f851-4265-8d9b-2f4330c7aefb.jpg|media/4aa959cf-976a-4f9c-9071-09db6358a2be.jpg|media/774ca091-4b05-47dd-b14e-e79c3462b5ef.jpg
8031159252,"Oct 28, 2022, 7:18:13 AM",Morning Trail Run,Run,"",9643,8.24,,,,,,activities/8593746818.fit.gz,,,9643.0,5773.0,8244.0,3.4,1.428,779.0,780.0,551.4,1282.6,49.9,0.0,,,104.0,64.0,,,,,578.0,,,,,,,,,,,,,,0.0,,0.0,,1.0,13187.7,,,,,,,,,,,,,,,,7337777.0,,,,,,,,,,0.0,0.855,8084.0,,,,,,,,,,,,,,,,,,,,,media/068750f6-c684-4bb7-b653-4090d10f68cf.jpg|media/b1aed6db-5ac7-4efb-9e97-39120c1ae855.jpg|media/9216c44f-ba13-4721-9cce-f12e4c33ef6d.jpg|media/f37a1227-dfc0-4628-8d9f-28b087af2917.jpg
8028010513,"Oct 27, 2022, 2:45:23 PM",Afternoon Trail Run,Run,"",5039,9.32,,,,,,activities/8590195714.fit.gz,,,5039.0,4301.0,9324.0,5.0,2.168,637.5,564.0,197.7,639.0,49.1,0.0,,,100.0,79.0,,,,,633.0,,,,,,,,,,,,,,0.0,,0.0,,1.0,13681.1,,,,,,,,,,,,,,,,7337777.0,,,,,,,,,,0.0,1.85,0.0,,,,,,,,,,,,,,,,,,,,,media/6baaf7fb-5c70-44f6-9ff1-16b6c25eabff.jpg|media/3db1a60d-8f30-4160-9ed1-96491156a247.jpg|media/52bbcb4c-a74a-4c97-9ed9-f83f54ee91bb.jpg|media/ff348a60-525d-4825-8061-2233acadf5a0.jpg
8023302060,"Oct 26, 2022, 4:54:48 PM",Evening Activity,Workout,"",73031,0,,,,,,,,,73031.0,73031.0,0.0,,0.0,,,,,,0.0,,,,,,,,,,,,,,,,,,,,,,,0.0,,0.0,,0.0,,,,,,,,,,,,,,,,,,,,,,,,,,,0.0,0.0,0.0,,,,,,,,,,,,,,,,,,,,,""
8023193130,"Oct 26, 2022, 3:50:40 PM",Evening Trail Run,Run,,2019,3.50,,,,,,activities/8584754524.fit.gz,,,2019.0,1885.0,3500.0,3.4,1.857,192.0,167.0,208.8,401.2,49.1,0.7,,,91.0,76.0,,,,,225.0,,,,,,,,,,,,,,,,0.0,,1.0,4492.6,,,,,,,,,,,,,,,,7337777.0,,,,,,,,,,0.0,1.734,2529.0,,,,,,,,,,,,,,,,,,,,,""
8020804151,"Oct 26, 2022, 7:51:54 AM",Morning Mountain Bike Ride,Ride,,4,0,,,,,CYCL⚙️PATH  ,activities/8582059173.fit.gz,,16.0,4.0,4.0,0.0,0.0,0.0,0.0,0.0,220.8,221.0,0.0,0.0,,,,,,,,,,,,,,,,,,,,,,,,,0.0,,1.0,,,,,,,,,,,,,,,,11507033.0,,,,,,,,,,,0.0,0.0,0.0,,,,,,,,,,,,,,,,,,,,,""
8020804056,"Oct 26, 2022, 7:45:02 AM",Morning Trail Run,Run,,4,0,,,,,,activities/8582059079.fit.gz,,,4.0,4.0,0.0,0.0,0.0,0.0,0.0,218.6,218.8,0.0,0.0,,,,,,,,,0.0,,,,,,,,,,,,,,,,0.0,,1.0,,,,,,,,,,,,,,,,,7337777.0,,,,,,,,,,0.0,0.0,0.0,,,,,,,,,,,,,,,,,,,,,""
8008684093,"Oct 23, 2022, 3:26:53 PM",Evening Trail Run,Run,,5038,11.22,,,,,,activities/8568312622.fit.gz,,,5038.0,4928.0,11221.0,6.4,2.277,301.2,264.0,211.8,368.9,46.7,0.0,,,104.0,82.0,,,,,786.0,,,,,,,,,,,,,,,,0.0,,1.0,12425.4,,,,,,,,,,,,,,,,7337777.0,,,,,,,,,,0.0,2.227,9965.0,,,,,,,,,,,,,,,,,,,,,""
8005031193,"Oct 22, 2022, 3:31:24 PM",Evening Trail Run,Run,,1865,2.73,,,,,,activities/8005031193.fit,,,1865.0,1851.0,2732.6,3.376,1.476,192.0,196.0,215.2,404.6,49.8,-0.2,,,,,,,,,345.0,,23.0,,,,,,,,,,,,,,0.0,,1.0,3950.6,,,,,,,,,,,,,,,,7337777.0,,,,,,,,,,0.0,1.465,1444.9,,,,,,,,,,,,,,,,,,,,,""
7997703143,"Oct 21, 2022, 4:07:00 PM",Evening Trail Run,Run,,1787,2.98,,,,,,activities/8555810476.fit.gz,,,1787.0,1650.0,2982.0,3.4,1.807,187.0,215.0,221.0,427.4,49.1,-0.8,,,113.0,76.0,,,,,184.0,,,,,,,,,,,,,,,,0.0,,1.0,4126.6,,,,,,,,,,,,,,,,7337777.0,,,,,,,,,,0.0,1.669,1297.0,,,,,,,,,,,,,,,,,,,,,""
7992933344,"Oct 20, 2022, 3:15:42 PM",Evening Trail Run,Run,,2102,4.67,,,,,,activities/8550456970.fit.gz,,,2102.0,2079.0,4669.0,5.0,2.246,139.0,153.0,240.6,378.8,42.9,-0.3,,,97.0,83.0,,,,,315.0,,,,,,,,,,,,,,,,0.0,,1.0,5228.1,,,,,,,,,,,,,,,,7337777.0,,,,,,,,,,0.0,2.221,2085.0,,,,,,,,,,,,,,,,,,,,,""
7988898872,"Oct 19, 2022, 5:36:09 PM",Evening Trail Run,Run,,1721,2.63,,,,,,activities/8545917593.fit.gz,,,1721.0,1575.0,2632.0,3.8,1.671,195.0,200.0,227.4,428.4,48.9,0.0,,,111.0,70.0,,,,,159.0,,,,,,,,,,,,,,,,0.0,,1.0,3930.0,,,,,,,,,,,,,,,,7337777.0,,,,,,,,,,0.0,1.529,473.0,,,,,,,,,,,,,,,,,,,,,""
7977708204,"Oct 17, 2022, 3:18:38 PM",Evening Trail Run,Run,Race PEois ,2171,4.38,,,,,,activities/8533325532.fit.gz,,,2171.0,2009.0,4380.0,4.2,2.18,154.0,113.0,211.8,357.8,42.9,0.8,,,88.0,81.0,,,,,301.0,,,,,,,,,,,,,,0.0,,0.0,,1.0,4901.8,,,,,,,,,,,,,,,,7337777.0,,,,,,,,,,0.0,2.018,3745.0,,,,,,,,,,,,,,,,,,,,,""
7966611518,"Oct 15, 2022, 1:12:43 PM",Afternoon Trail Run,Run,αρχή ➗,1886,3.40,,,,,,activities/8519691766.fit.gz,,,1886.0,1824.0,3401.0,3.4,1.865,102.0,123.0,225.0,348.4,48.6,-0.6,,,86.0,76.0,,,,,220.0,,,,,,,,,,,,,,0.0,,0.0,,1.0,3836.2,,,,,,,,,,,,,,,,7337777.0,,,,,,,,,,0.0,1.803,2718.0,,,,,,,,,,,,,,,,,,,,,""
7957946543,"Oct 13, 2022, 4:36:00 PM",Evening Trail Run,Run,Φλάντζα ,2345,3.95,,,,,,activities/8509958001.fit.gz,,,2345.0,2158.0,3949.0,3.2,1.83,168.0,167.0,213.6,373.4,49.1,-0.2,,,95.0,79.0,,,,,259.0,,,,,,,,,,,,,,0.0,,0.0,,1.0,4670.7,,,,,,,,,,,,,,,,7337777.0,,,,,,,,,,0.0,1.684,2652.0,,,,,,,,,,,,,,,,,,,,,""
7946667422,"Oct 11, 2022, 2:00:26 PM",Afternoon Trail Run,Run, @@,2654,5.17,,,,,,activities/8497282906.fit.gz,,,2654.0,2519.0,5176.0,4.2,2.055,233.0,202.0,210.1,435.5,47.5,0.1,,,97.0,79.0,,,,,333.0,,,,,,,,,,,,,,0.0,,0.0,,1.0,6293.1,,,,,,,,,,,,,,,,7337777.0,,,,,,,,,,0.0,1.95,3704.0,,,,,,,,,,,,,,,,,,,,,""
7921091225,"Oct 5, 2022, 3:11:22 PM",Evening Trail Run,Run,⚰️,3740,7.85,,,,,,activities/8468227306.fit.gz,,,3740.0,3737.0,7855.0,4.8,2.102,241.1,189.0,209.8,368.9,45.7,0.1,,,106.0,84.0,,,,,554.0,,,,,,,,,,,,,,0.0,,0.0,,1.0,8853.1,,,,,,,,,,,,,,,,7337777.0,,,,,,,,,,0.0,2.1,6717.0,,,,,,,,,,,,,,,,,,,,,""
7911088324,"Oct 4, 2022, 3:59:01 PM",Evening Trail Run,Run,SPEED / interval ,3957,10.64,,,,,,activities/8457028715.fit.gz,,,3957.0,3593.0,10639.0,7.0,2.961,55.5,51.0,177.3,216.3,40.0,-0.1,,,216.0,90.0,,,,,745.0,,,,,,,,,,,,,,0.0,,0.0,,1.0,10791.0,,,,,,,,,,,,,,,,7337777.0,,,,,,,,,,0.0,2.689,1946.0,,,,,,,,,,,,,,,,,,,,,media/18172522-82c6-4577-8488-79d9614f6abc.jpg
7900510583,"Oct 2, 2022, 10:47:12 AM",Afternoon Trail Run,Run,LONG / εν τούτω λουκάνικα,12845,25.40,,,,,,activities/8445099668.fit.gz,,,12845.0,12698.0,25399.0,5.8,2.0,1138.8,1025.0,492.5,1343.9,50.0,0.0,,,115.0,82.0,,,,,1798.0,,,,,,,,,,,,,,0.0,,0.0,,1.0,31108.3,,,,,,,,,,,,,,,,7337777.0,,,,,,,,,,0.0,1.977,12742.7,,,,,,,,,,,,,,,,,,,,,media/90d7a77e-fc22-4bf1-9ca9-b19d349e7ed7.jpg|media/6c5922ec-7d63-4601-88da-94691c54b94b.jpg|media/86fa6526-3200-4a36-ac09-7553a0762f55.jpg|media/53be0dc2-64c0-42c5-bd5f-64449336c65d.jpg|media/7bb341d9-1e51-4345-8afa-0996bd420482.jpg
7895670039,"Oct 1, 2022, 3:34:02 PM",Evening Trail Run,Run,σα(πόρτα) ,4950,8.75,,,,,,activities/8439594547.fit.gz,,,4950.0,4840.0,8757.0,4.0,1.809,415.2,355.0,217.4,435.6,48.9,0.0,,,113.0,80.0,,,,,562.0,,,,,,,,,,,,,,0.0,,0.0,,1.0,11026.5,,,,,,,,,,,,,,,,7337777.0,,,,,,,,,,0.0,1.769,5924.0,,,,,,,,,,,,,,,,,,,,,""
7890659363,"Sep 30, 2022, 3:41:18 PM",Evening Trail Run,Run,XC tempo / ↑↓ ctrl>H,5486,19.64,,,,,,activities/8433956848.fit.gz,,,5486.0,5393.0,19646.0,5.4,3.643,485.4,439.0,207.6,449.9,41.8,0.0,,,102.0,92.0,,,,,1417.0,,,,,,,,,,,,,,0.0,,0.0,,1.0,20752.5,,,,,,,,,,,,,,,,7337777.0,,,,,,,,,,0.0,3.581,18701.0,,,,,,,,,,,,,,,,,,,,,""
7885888568,"Sep 29, 2022, 3:22:01 PM",Evening Trail Run,Run,FARTLEK / s-t,3701,12.37,,,,,,activities/8428603273.fit.gz,,,3701.0,3699.0,12372.0,6.8,3.345,0.0,0.0,238.4,253.0,40.0,0.0,,,176.0,92.0,,,,,885.0,,,,,,,,,,,,,,0.0,,0.0,,1.0,12564.6,,,,,,,,,,,,,,,,7337777.0,,,,,,,,,,0.0,3.343,0.0,,,,,,,,,,,,,,,,,,,,,""
7880823563,"Sep 28, 2022, 2:26:02 PM",Afternoon Trail Run,Run,TRAIL steep/ 2h ↑↓,7026,12.84,,,,,,activities/8422930237.fit.gz,,,7026.0,7011.0,12846.0,4.8,1.832,1156.8,1003.0,215.3,448.7,49.1,0.3,,,129.0,83.0,,,,,841.0,,,,,,,,,,,,,,0.0,,0.0,,1.0,21409.9,,,,,,,,,,,,,,,,7337777.0,,,,,,,,,,0.0,1.828,8383.0,,,,,,,,,,,,,,,,,,,,,""
7875498765,"Sep 27, 2022, 3:09:01 PM",Evening Trail Run,Run,"ENDURE PWR / δρομικά ↑
10 x 1Min 4'08 min/km + 12'T",4030,11.23,,,,,,activities/8417022801.fit.gz,,,4030.0,3958.0,11229.0,5.6,2.837,451.1,393.0,93.8,449.9,37.5,0.1,,,106.0,89.0,,,,,792.0,,,,,,,,,,,,,,0.0,,0.0,,1.0,13098.1,,,,,,,,,,,,,,,,7337777.0,,,,,,,,,,0.0,2.786,4956.0,,,,,,,,,,,,,,,,,,,,,""
7866149011,"Sep 25, 2022, 2:08:14 PM",Afternoon Trail Run,Run,FREE,7055,11.44,,,,,,activities/8406404169.fit.gz,,,7055.0,7054.0,11447.0,3.8,1.623,611.0,593.0,505.0,1110.0,49.1,0.2,,,117.0,80.0,,,,,801.0,,,,,,,,,,,,,,0.0,,0.0,,1.0,14304.7,,,,,,,,,,,,,,,,7337777.0,,,,,,,,,,0.0,1.623,7339.0,,,,,,,,,,,,,,,,,,,,,media/5e99e365-cfdd-420e-a3a2-816614cec996.jpg|media/bf488a10-8493-439b-9ae3-630fd04e3f61.jpg
7864757451,"Sep 25, 2022, 11:01:31 AM",Afternoon Swim,Swim,Πλίτς,2100,"1,126",,,,,,activities/8404811281.fit.gz,,,2100.0,2100.0,1126.0,2.3,0.536,0.0,0.0,-8.8,10.8,41.9,-0.1,,,,,,,,,363.0,,,,,,,,,,,,,,0.0,,0.0,,1.0,,,,,,,,,,,,,,,,,,,,,,,,,,,0.0,0.536,0.0,,,,,,,,,,,,,,,,,,,,,""
7859620285,"Sep 24, 2022, 12:09:36 PM",Afternoon Trail Run,Run,TRAIL steep / pwr,5662,9.07,,,,,,activities/8398965610.fit.gz,,,5662.0,4873.0,9073.0,5.0,1.862,919.9,925.0,275.8,980.6,49.1,0.1,,,113.0,79.0,,,,,591.0,,,,,,,,,,,,,,0.0,,0.0,,1.0,16331.1,,,,,,,,,,,,,,,,7337777.0,,,,,,,,,,0.0,1.602,8153.0,,,,,,,,,,,,,,,,,,,,,""
7855160426,"Sep 23, 2022, 2:27:49 PM",Afternoon Mountain Bike Ride,Ride,MTB / xc+endure ↑,6701,30.27,,,,,CYCL⚙️PATH  ,activities/8393937462.fit.gz,,16.0,6701.0,6701.0,30274.0,17.2,4.518,952.3,768.0,178.9,449.9,43.3,0.0,,,,,,,,188.0,123.0,,,,,,,,,,,,,,0.0,,0.0,,1.0,,,,,,,,,,,,,,,,11507033.0,,,,,,,,,,,0.0,4.518,21298.0,,,,,,,,,,,,,,,,,,,,,""
7850550045,"Sep 22, 2022, 3:39:22 PM",Evening Trail Run,Run,COMB / ↑-8mod-↑,5125,14.67,,,,,,activities/8388764171.fit.gz,,,5125.0,5041.0,14674.0,5.2,2.911,410.0,433.0,228.0,443.8,48.6,-0.1,,,119.0,86.0,,,,,1026.0,,,,,,,,,,,,,,0.0,,0.0,,1.0,17145.5,,,,,,,,,,,,,,,,7337777.0,,,,,,,,,,0.0,2.863,4927.0,,,,,,,,,,,,,,,,,,,,,""
7844936347,"Sep 21, 2022, 3:10:13 PM",Evening Trail Run,Run,TRAIL steep / 1.30h,5840,10.75,,,,,,activities/8382485543.fit.gz,,,5840.0,5750.0,10749.0,4.0,1.869,849.3,767.0,216.1,448.7,49.1,0.1,,,113.0,82.0,,,,,706.0,,,,,,,,,,,,,,0.0,,0.0,,1.0,16520.7,,,,,,,,,,,,,,,,7337777.0,,,,,,,,,,0.0,1.841,7014.0,,,,,,,,,,,,,,,,,,,,,""
7839119415,"Sep 20, 2022, 3:08:46 PM",Evening Trail Run,Run,SPEED xc / x5•300 - 1.500t x2,3845,10.56,,,,,,activities/8375984872.fit.gz,,,3845.0,3697.0,10563.0,8.0,2.857,20.2,0.0,206.5,214.8,29.1,0.0,,,202.0,88.0,,,,,758.0,,,,,,,,,,,,,,0.0,,0.0,,1.0,10640.9,,,,,,,,,,,,,,,,7337777.0,,,,,,,,,,0.0,2.747,10111.0,,,,,,,,,,,,,,,,,,,,,""
7834648407,"Sep 19, 2022, 4:55:10 PM",Evening Trail Run,Run,ENDURE PWR / δρομικά ↑ prd,4719,14.22,,,,,,activities/8370964220.fit.gz,,,4719.0,4704.0,14223.0,5.8,3.024,425.2,296.0,159.0,300.2,21.8,0.1,,,101.0,88.0,,,,,1026.0,,,,,,,,,,,,,,0.0,,0.0,,1.0,15405.9,,,,,,,,,,,,,,,,7337777.0,,,,,,,,,,0.0,3.014,2877.0,,,,,,,,,,,,,,,,,,,,,""
7829529208,"Sep 18, 2022, 12:42:21 PM",Afternoon Trail Run,Run,"LONG / trail
",10511,17.39,,,,,,activities/8365131622.fit.gz,,,10511.0,10403.0,17392.0,4.8,1.672,958.6,844.0,326.2,846.4,48.9,0.0,,,145.0,76.0,,,,,1134.0,,,,,,,,,,,,,,0.0,,0.0,,1.0,22657.8,,,,,,,,,,,,,,,,7337777.0,,,,,,,,,,0.0,1.655,14924.0,,,,,,,,,,,,,,,,,,,,,""
7824880798,"Sep 17, 2022, 4:14:36 PM",Evening Trail Run,Run,TEMPO / prog + speed ,2382,9.52,,,,,,activities/8359876035.fit.gz,,,2382.0,2348.0,9523.0,6.6,4.056,0.0,10.0,233.0,249.0,25.7,0.1,,,124.0,95.0,,,,,682.0,,,,,,,,,,,,,,0.0,,0.0,,1.0,9654.7,,,,,,,,,,,,,,,,7337777.0,,,,,,,,,,0.0,3.998,0.0,,,,,,,,,,,,,,,,,,,,,""
7813680622,"Sep 15, 2022, 2:44:12 PM",Afternoon Ride,Ride,BIKE uphill / pwr ↑ steady ,7435,50.24,,,,"",CYCL⚙️PATH  ,activities/8347266559.fit.gz,,15.5,7435.0,7408.0,50240.0,17.2,6.782,894.4,938.0,143.4,781.4,20.0,0.0,,,,,,,,277.0,136.0,,,,,,,,,,,,,,0.0,,0.0,,1.0,,,,,,,,,,,,,,,,11507033.0,,,,,,,,,,,0.0,6.757,114.0,,,,,,,,,,,,,,,,,,,,,""
7808726961,"Sep 14, 2022, 2:47:58 PM",Afternoon Trail Run,Run,"",8398,15.32,,,,"",,activities/8341711970.fit.gz,,,8398.0,7670.0,15322.0,5.2,1.998,1085.3,1023.0,492.5,1348.5,49.1,0.0,,,122.0,80.0,,,,,974.0,,,,,,,,,,,,,,0.0,,0.0,,1.0,23168.8,,,,,,,,,,,,,,,,7337777.0,,,,,,,,,,0.0,1.824,14788.1,,,,,,,,,,,,,,,,,,,,,""
7802149466,"Sep 13, 2022, 2:38:58 PM",Afternoon Trail Run,Run,SPEED fartlek / x10•200 + 2km t (X2),4349,12.29,,,,,,activities/8334376216.fit.gz,,,4349.0,4221.0,12291.0,7.8,2.912,24.2,12.0,206.2,216.3,37.1,0.0,,,197.0,92.0,,,,,868.0,,,,,,,,,,,,,,0.0,,0.0,,1.0,12375.2,,,,,,,,,,,,,,,,7337777.0,,,,,,,,,,0.0,2.826,11953.0,,,,,,,,,,,,,,,,,,,,,""
7797140917,"Sep 12, 2022, 3:27:25 PM",Evening Trail Run,Run,ENDURE PWR / δρομικά ↑ x8•4min,4743,13.70,,,,"",,activities/8328782153.fit.gz,,,4743.0,4676.0,13701.0,7.4,2.93,355.0,330.0,98.2,447.0,43.3,0.2,,,122.0,90.0,,,,,966.0,,,,,,,,,,,,,,0.0,,0.0,,1.0,15001.5,,,,,,,,,,,,,,,,7337777.0,,,,,,,,,,0.0,2.889,6241.0,,,,,,,,,,,,,,,,,,,,,""
7791265247,"Sep 11, 2022, 8:49:50 AM",Lunch Trail Run,Run,LONG RUN / km<asc ,11032,16.17,,,,,,activities/8322087524.fit.gz,,,11032.0,9126.0,16177.0,5.0,1.773,1123.9,1075.0,496.2,1348.0,49.1,0.0,,,147.0,76.0,,,,,1031.0,,,,,,,,,,,,,,0.0,,0.0,,1.0,24092.4,,,,,,,,,,,,,,,,7337777.0,,,,,,,,,,0.0,1.466,14205.0,,,,,,,,,,,,,,,,,,,,,""
7786164440,"Sep 10, 2022, 3:17:22 PM",Evening Trail Run,Run,FREE,3110,7.08,,,,,,activities/8316269190.fit.gz,,,3110.0,3064.0,7083.0,4.8,2.312,223.5,200.0,215.8,432.6,32.5,-0.1,,,86.0,83.0,,,,,509.0,,,,,,,,,,,,,,0.0,,0.0,,1.0,7901.4,,,,,,,,,,,,,,,,7337777.0,,,,,,,,,,0.0,2.277,6419.0,,,,,,,,,,,,,,,,,,,,,""
7780775114,"Sep 9, 2022, 3:45:56 PM",Evening Trail Run,Run,TEMPO / 30min -mod,4684,13.70,,,,,,activities/8310191277.fit.gz,,,4684.0,4608.0,13704.0,5.8,2.974,240.0,277.0,187.2,440.4,47.5,-0.1,,,110.0,86.0,,,,,976.0,,,,,,,,,,,,,,0.0,,0.0,,1.0,14924.0,,,,,,,,,,,,,,,,7337777.0,,,,,,,,,,0.0,2.926,4988.0,,,,,,,,,,,,,,,,,,,,,""
7776297935,"Sep 8, 2022, 5:46:50 PM",Evening Trail Run,Run,Recovery ,2130,5.11,,,,,,activities/8305114213.fit.gz,,,2130.0,2111.0,5110.0,6.6,2.421,94.5,72.0,177.9,216.2,37.1,0.1,,,90.0,84.0,,,,,369.0,,,,,,,,,,,,,,0.0,,0.0,,1.0,5381.3,,,,,,,,,,,,,,,,7337777.0,,,,,,,,,,0.0,2.399,4500.0,,,,,,,,,,,,,,,,,,,,,""
7775643834,"Sep 8, 2022, 2:52:14 PM",Afternoon Ride,Ride,BIKE FLAT /  5m - 3m 1h +x10pw,5530,37.73,,,,,CYCL⚙️PATH  ,activities/8304393895.fit.gz,,15.5,5530.0,5390.0,37731.0,17.0,7.0,304.6,133.0,143.4,238.7,44.6,0.0,,,,,,,,278.0,101.0,,,,,,,,,,,,,,0.0,,0.0,,1.0,,,,,,,,,,,,,,,,11507033.0,,,,,,,,,,,0.0,6.823,102.0,,,,,,,,,,,,,,,,,,,,,""
7770651310,"Sep 7, 2022, 3:02:58 PM",Evening Trail Run,Run,TRAIL steep / 1000asc ,7111,11.89,,,,,,activities/8298761020.fit.gz,,,7111.0,6452.0,11896.0,4.4,1.844,1001.3,891.0,207.6,448.7,49.1,0.3,,,169.0,76.0,,,,,762.0,,,,,,,,,,,,,,0.0,,0.0,,1.0,19129.9,,,,,,,,,,,,,,,,7337777.0,,,,,,,,,,0.0,1.673,7486.0,,,,,,,,,,,,,,,,,,,,,""
7764805618,"Sep 6, 2022, 3:26:19 PM",Evening Trail Run,Run,SPEED / χ10•120m x3 ,4515,10.95,,,,,,activities/8292198687.fit.gz,,,4515.0,4126.0,10955.0,6.8,2.655,286.9,228.0,215.4,368.9,48.9,0.0,,,211.0,83.0,,,,,750.0,,,,,,,,,,,,,,0.0,,0.0,,1.0,12437.7,,,,,,,,,,,,,,,,7337777.0,,,,,,,,,,0.0,2.426,10079.0,,,,,,,,,,,,,,,,,,,,,""
7758886672,"Sep 5, 2022, 2:35:15 PM",run,Run,ENDURE PWR / ↑ tempo χ2,3601,10.19,,,,"",,activities/8285584607.fit.gz,,,3601.0,3541.0,10199.0,4.8,2.88,450.6,435.0,207.6,449.9,35.6,0.0,,,107.0,88.0,,,,,744.0,,,,,,,,,,,,,,0.0,,0.0,,1.0,12150.2,,,,,,,,,,,,,,,,7337777.0,,,,,,,,,,0.0,2.832,8125.0,,,,,,,,,,,,,,,,,,,,,""
7754807672,"Sep 4, 2022, 3:38:15 PM",Evening Trail Run,Run,START,6000,11.10,,,,,,activities/8280903349.fit.gz,,,6000.0,5338.0,11101.0,4.4,2.08,532.8,490.0,222.3,448.7,49.4,0.0,,,105.0,79.0,,,,,757.0,,,,,,,,,,,,,,0.0,,0.0,,1.0,14340.6,,,,,,,,,,,,,,,,7337777.0,,,,,,,,,,0.0,1.85,6482.0,,,,,,,,,,,,,,,,,,,,,""
7748849099,"Sep 3, 2022, 3:45:29 PM",Evening Trail Run,Run,,5188,16.48,,,,,,activities/8274097890.fit.gz,,,5188.0,5002.0,16483.0,5.4,3.295,309.3,237.0,212.0,368.9,47.3,0.0,,,119.0,88.0,,,,,1182.0,,,,,,,,,,,,,,,,0.0,,1.0,17663.4,,,,,,,,,,,,,,,,7337777.0,,,,,,,,,,0.0,3.177,15345.0,,,,,,,,,,,,,,,,,,,,,""
7743720227,"Sep 2, 2022, 4:42:30 PM",Evening Activity,Workout,"",71040,0,,,,,,,,,71040.0,71040.0,0.0,,0.0,,,,,,0.0,,,,,,,,,,,,,,,,,,,,,,,0.0,,0.0,,0.0,,,,,,,,,,,,,,,,,,,,,,,,,,,0.0,0.0,0.0,,,,,,,,,,,,,,,,,,,,,""
7732572458,"Aug 31, 2022, 3:19:02 PM",Evening Trail Run,Run,,4965,9.52,,,,,,activities/8255696409.fit.gz,,,4965.0,4351.0,9520.0,3.8,2.188,468.7,439.0,210.9,448.7,49.2,0.1,,,103.0,80.0,,,,,661.0,,,,,,,,,,,,,,,,0.0,,1.0,12090.3,,,,,,,,,,,,,,,,7337777.0,,,,,,,,,,0.0,1.917,7618.0,,,,,,,,,,,,,,,,,,,,,""
7732568772,"Aug 30, 2022, 3:47:29 PM",Evening Trail Run,Run,,3087,7.65,,,,,,activities/8255692525.fit.gz,,,3087.0,3023.0,7653.0,4.8,2.532,259.0,229.0,208.4,449.9,40.0,-0.1,,,96.0,83.0,,,,,539.0,,,,,,,,,,,,,,,,0.0,,1.0,8787.9,,,,,,,,,,,,,,,,7337777.0,,,,,,,,,,0.0,2.479,6462.0,,,,,,,,,,,,,,,,,,,,,""
7724245913,"Aug 29, 2022, 10:39:42 AM",Afternoon Swim,Swim,,2711,"1,327",,,,,,activities/7724245913.fit,,,2711.0,2632.0,1326.9,3.094,0.504,0.0,-0.3,-1.4,0.4,13.3,0.0,,,,,,,,,,,26.0,,,,,,,,,,,,,,0.0,,1.0,,,,,,,,,,,,,,,,,,,,,,,,,,,0.0,0.489,0.0,,,,,,,,,,,,,,,,,,,,,""
7725752090,"Aug 28, 2022, 3:35:04 PM",Evening Swim,Swim,,1410,769,,,,,,activities/7725752090.fit,,,1410.0,1410.0,769.0,2.52,0.545,3.1,10.1,-2.9,6.0,19.9,-0.9,,,,,,,,,,,27.0,,,,,,,,,,,,,,0.0,,1.0,,,,,,,,,,,,,,,,,,,,,,,,,,,0.0,0.545,0.0,,,,,,,,,,,,,,,,,,,,,""
7715902850,"Aug 28, 2022, 1:58:18 PM",Afternoon Hike,Hike,"",3295,1.71,,,,,,activities/8236991618.fit.gz,,,3295.0,1666.0,1717.0,3.633,1.031,76.9,95.0,162.5,230.1,49.0,-0.3,,,89.0,52.0,,,,,154.0,,,,,,,,,,,,,,0.0,,0.0,,1.0,,,,,,,,,,,,,,,,,7337777.0,,,,,,,,,,0.0,0.521,0.0,,,,,,,,,,,,,,,,,,,,,media/7c1d890f-4a3d-457d-a004-b77621e9e9af.jpg|media/79406b97-5f65-4598-a9b6-d39f0d7fe1f4.jpg|media/e1a558e6-9dcd-42e9-af42-311eca52635f.mp4|media/c37efa0f-0d4d-4e04-ba06-07d3c0fb2991.jpg
7710524768,"Aug 27, 2022, 10:24:08 AM",Afternoon Stand Up Paddling,Stand Up Paddling,"",9450,6.61,,,,,,activities/8230854194.fit.gz,,,9450.0,5849.0,6614.0,9.4,1.131,0.0,0.0,-5.4,5.2,46.2,0.1,,,129.0,35.0,,,,,173.0,,,,,,,,,,,,,,0.0,,0.0,,1.0,,,,,,,,,,,,,,,,,,,,,,,,,,,0.0,0.7,0.0,,,,,,,,,,,,,,,,,,,,,media/a0fa6c00-178e-4356-8970-68e2e96590c9.mp4|media/9fb548eb-eac3-4259-9f8d-9347c4c82923.jpg
7710620442,"Aug 26, 2022, 2:03:31 PM",Afternoon Hike,Hike,,1503,1.04,,,,,,activities/7710620442.fit,,,1503.0,1297.0,1039.7,1.457,0.802,44.0,46.0,0.0,48.6,49.0,-0.2,,,,,,,,,91.0,,28.0,,,,,,,,,,,,,,0.0,,1.0,,,,,,,,,,,,,,,,,7337777.0,,,,,,,,,,0.0,0.692,0.0,,,,,,,,,,,,,,,,,,,,,""
7710621953,"Aug 26, 2022, 1:09:27 PM",Afternoon Swim,Swim,"",2730,"1,106",,,,,,activities/7710621953.fit,,,2730.0,2730.0,1105.7,1.032,0.405,6.4,4.7,-1.8,3.3,29.2,0.2,,,,,,,,,,,26.0,,,,,,,,,,,,0.0,,0.0,,1.0,,,,,,,,,,,,,,,,,,,,,,,,,,,0.0,0.405,0.0,,,,,,,,,,,,,,,,,,,,,media/3b312af7-b998-4eeb-a00c-41cce73215a3.jpg
7710522214,"Aug 26, 2022, 12:17:36 PM",Afternoon Hike,Hike,"",2589,1.74,,,,,,activities/8230851301.fit.gz,,,2589.0,1799.0,1748.0,3.267,0.972,60.0,50.0,5.4,58.2,44.0,0.1,,,113.0,49.0,,,,,118.0,,,,,,,,,,,,,,0.0,,0.0,,1.0,,,,,,,,,,,,,,,,,7337777.0,,,,,,,,,,0.0,0.675,0.0,,,,,,,,,,,,,,,,,,,,,media/87d3b98c-7501-422f-89d2-b25a890a17c5.jpg|media/dbc222af-8972-4f89-b111-25e7f91f4e88.jpg
7710522081,"Aug 26, 2022, 7:36:04 AM",Morning Trail Run,Run,"",4972,9.95,,,,,,activities/8230851110.fit.gz,,,4972.0,4088.0,9957.0,7.0,2.436,336.0,327.0,-1.0,176.2,49.4,0.1,,,113.0,82.0,,,,,708.0,,,,,,,,,,,,,,0.0,,0.0,,1.0,11329.3,,,,,,,,,,,,,,,,7337777.0,,,,,,,,,,0.0,2.003,1925.0,,,,,,,,,,,,,,,,,,,,,media/1f667ab7-1679-41da-b369-87b3a2c6806c.jpg|media/2df20643-f163-4456-b4f7-9d134f375b07.jpg|media/d218503b-52fd-4379-ad9c-1a0e7b9d9735.jpg|media/130ca317-cd74-4e9a-8883-caadd3af9c7f.jpg
7699421778,"Aug 25, 2022, 2:01:55 PM",Afternoon Stand Up Paddling,Stand Up Paddling,,1480,1.25,,,,,,activities/8218160385.fit.gz,,,1480.0,1380.0,1256.0,1.8,0.91,5.4,10.8,-1.6,6.2,10.0,-0.4,,,91.0,39.0,,,,,34.0,,,,,,,,,,,,,,,,0.0,,1.0,,,,,,,,,,,,,,,,,,,,,,,,,,,0.0,0.849,0.0,,,,,,,,,,,,,,,,,,,,,""
7699421803,"Aug 25, 2022, 12:59:56 PM",Afternoon Run,Run,"",3718,3.89,,,,,,activities/8218160375.fit.gz,,,3718.0,2402.0,3889.0,3.8,1.619,120.4,88.0,3.4,50.8,49.1,0.1,,,115.0,71.0,,,,,272.0,,,,,,,,,,,,,,0.0,,0.0,,1.0,4353.0,,,,,,,,,,,,,,,,7337777.0,,,,,,,,,,0.0,1.046,0.0,,,,,,,,,,,,,,,,,,,,,media/aa7d5c05-b59a-4275-bc28-176e6537c6c8.jpg|media/42b6db0c-81c5-4b93-9bb0-061a566ffbf1.jpg|media/fa5e067b-2682-45c8-9f50-52fa312a9f37.jpg|media/b0724239-384a-4077-8dfe-204ca97250f6.jpg
7699421770,"Aug 25, 2022, 12:37:49 PM",Afternoon Stand Up Paddling,Stand Up Paddling,,1327,1.18,,,,,,activities/8218160274.fit.gz,,,1327.0,804.0,1180.0,2.4,1.468,3.4,2.0,0.4,4.4,12.5,0.1,,,136.0,41.0,,,,,20.0,,,,,,,,,,,,,,,,0.0,,1.0,,,,,,,,,,,,,,,,,,,,,,,,,,,0.0,0.889,0.0,,,,,,,,,,,,,,,,,,,,,""
7694226800,"Aug 24, 2022, 4:07:08 PM",Evening Trail Run,Run,"",4571,8.35,,,,,,activities/8212332096.fit.gz,,,4571.0,3119.0,8355.0,5.6,2.679,269.3,234.0,1.5,203.7,49.6,0.0,,,134.0,84.0,,,,,653.0,,,,,,,,,,,,,,0.0,,0.0,,1.0,9566.5,,,,,,,,,,,,,,,,7337777.0,,,,,,,,,,0.0,1.828,2888.0,,,,,,,,,,,,,,,,,,,,,media/737c0cb4-2571-410e-b642-d715fab76b10.jpg|media/486aae12-2a10-4a3f-a039-09757fe9f4c0.jpg|media/9b4615a3-51c8-432f-95bc-fda0a79f5925.jpg|media/bb7047b7-ca25-44d5-95e8-86805bb0c13b.mp4
7694224832,"Aug 24, 2022, 11:42:51 AM",Afternoon Stand Up Paddling,Stand Up Paddling,"",9662,7.45,,,,,,activities/8212329738.fit.gz,,,9662.0,6044.0,7455.0,3.1,1.233,0.0,8.0,-2.8,10.4,49.8,0.0,,,207.0,38.0,,,,,177.0,,,,,,,,,,,,,,0.0,,0.0,,1.0,,,,,,,,,,,,,,,,,,,,,,,,,,,0.0,0.772,0.0,,,,,,,,,,,,,,,,,,,,,media/69eaecf2-04d4-4556-b5b4-b7f9a51a889a.mp4
7690721486,"Aug 23, 2022, 4:48:10 PM",Evening Trail Run,Run,"",2077,4.40,,,,,,activities/8208426436.fit.gz,,,2077.0,1906.0,4407.0,4.4,2.312,103.5,86.0,-11.0,33.3,48.9,0.0,,,89.0,81.0,,,,,306.0,,,,,,,,,,,,,,0.0,,0.0,,1.0,4903.5,,,,,,,,,,,,,,,,7337777.0,,,,,,,,,,0.0,2.122,0.0,,,,,,,,,,,,,,,,,,,,,media/597f2d79-c9b5-42e9-bc28-4f30876d4686.jpg|media/613168da-855f-4056-b83b-41617842d1b7.jpg
7688646577,"Aug 23, 2022, 12:48:47 PM",Afternoon Hike,Hike,"",2583,1.82,,,,,,activities/7688646577.fit,,,2583.0,1846.0,1823.9,1.89,0.988,75.8,75.0,2.2,68.7,48.0,0.0,,,,,,,,,159.0,,33.0,,,,,,,,,,,,0.0,,0.0,,1.0,,,,,,,,,,,,,,,,,7337777.0,,,,,,,,,,0.0,0.706,0.0,,,,,,,,,,,,,,,,,,,,,media/93538688-34be-43ac-9493-63dc6841df30.jpg
7677110381,"Aug 21, 2022, 4:29:45 PM",Evening Trail Run,Run,,4130,6.93,,,,,,activities/8193134000.fit.gz,,,4130.0,3726.0,6931.0,4.2,1.86,554.4,495.0,210.9,435.6,49.1,0.3,,,110.0,78.0,,,,,447.0,,,,,,,,,,,,,,,,0.0,,1.0,10915.8,,,,,,,,,,,,,,,,7337777.0,,,,,,,,,,0.0,1.678,4010.0,,,,,,,,,,,,,,,,,,,,,""
7671324424,"Aug 20, 2022, 4:41:39 PM",Evening Trail Run,Run,,4758,8.40,,,,,,activities/8186532292.fit.gz,,,4758.0,4039.0,8404.0,5.8,2.081,547.7,462.0,216.0,435.5,49.1,0.3,,,104.0,80.0,,,,,572.0,,,,,,,,,,,,,,,,0.0,,1.0,11761.2,,,,,,,,,,,,,,,,7337777.0,,,,,,,,,,0.0,1.766,5316.0,,,,,,,,,,,,,,,,,,,,,""
7665630043,"Aug 19, 2022, 4:06:26 PM",Evening Trail Run,Run,,5889,12.02,,,,,,activities/8180119644.fit.gz,,,5889.0,5367.0,12023.0,4.6,2.24,532.1,496.0,159.0,403.9,49.1,0.0,,,104.0,80.0,,,,,832.0,,,,,,,,,,,,,,,,0.0,,1.0,14643.4,,,,,,,,,,,,,,,,7337777.0,,,,,,,,,,0.0,2.042,7153.0,,,,,,,,,,,,,,,,,,,,,""
7660455163,"Aug 18, 2022, 4:39:03 PM",Evening Trail Run,Run,,4031,6.88,,,,,,activities/8174311433.fit.gz,,,4031.0,3793.0,6888.0,5.2,1.816,449.4,399.0,208.2,449.9,48.9,0.2,,,109.0,79.0,,,,,436.0,,,,,,,,,,,,,,,,0.0,,1.0,9805.1,,,,,,,,,,,,,,,,7337777.0,,,,,,,,,,0.0,1.709,5193.5,,,,,,,,,,,,,,,,,,,,,""
7660452985,"Aug 18, 2022, 10:03:10 AM",Afternoon Trail Run,Run,,3496,9.75,,,,,,activities/8174308984.fit.gz,,,3496.0,3458.0,9753.0,5.0,2.82,256.5,250.0,210.2,449.9,48.6,0.0,,,98.0,86.0,,,,,702.0,,,,,,,,,,,,,,,,0.0,,1.0,10531.5,,,,,,,,,,,,,,,,7337777.0,,,,,,,,,,0.0,2.79,9001.5,,,,,,,,,,,,,,,,,,,,,""
7648884426,"Aug 16, 2022, 4:09:55 PM",Evening Trail Run,Run,,3057,5.64,,,,,,activities/8161441847.fit.gz,,,3057.0,2950.0,5643.0,5.0,1.913,426.4,390.0,214.9,448.7,48.9,0.6,,,113.0,81.0,,,,,353.0,,,,,,,,,,,,,,,,0.0,,1.0,8441.2,,,,,,,,,,,,,,,,7337777.0,,,,,,,,,,0.0,1.846,3421.0,,,,,,,,,,,,,,,,,,,,,""
7643714847,"Aug 15, 2022, 5:30:56 PM",Evening Run,Run,,3352,14.03,,,,,,activities/8155710888.fit.gz,,,3352.0,3269.0,14037.0,5.8,4.294,80.0,82.0,19.8,98.0,14.3,0.0,,,101.0,93.0,,,,,1003.0,,,,,,,,,,,,,,,,0.0,,1.0,14220.8,,,,,,,,,,,,,,,,7337777.0,,,,,,,,,,0.0,4.188,0.0,,,,,,,,,,,,,,,,,,,,,""
7632713856,"Aug 13, 2022, 4:13:15 PM",Evening Trail Run,Run,,5288,17.86,,,,,,activities/8143349091.fit.gz,,,5288.0,5246.0,17864.0,5.0,3.405,358.6,294.0,203.0,368.9,48.6,0.0,,,99.0,89.0,,,,,1289.0,,,,,,,,,,,,,,,,0.0,,1.0,18646.4,,,,,,,,,,,,,,,,7337777.0,,,,,,,,,,0.0,3.378,16759.0,,,,,,,,,,,,,,,,,,,,,""
7626604958,"Aug 12, 2022, 3:30:52 PM",Evening Trail Run,Run,,3828,12.97,,,,,,activities/8136544000.fit.gz,,,3828.0,3680.0,12976.0,5.6,3.526,12.7,13.0,206.5,215.2,26.7,0.0,,,100.0,90.0,,,,,939.0,,,,,,,,,,,,,,,,0.0,,1.0,13059.6,,,,,,,,,,,,,,,,7337777.0,,,,,,,,,,0.0,3.39,12621.0,,,,,,,,,,,,,,,,,,,,,""
7621073880,"Aug 11, 2022, 2:21:36 PM",Afternoon Swim,Swim,,5793,"4,089",,,,,,activities/8130401235.fit.gz,,,5793.0,5672.0,4089.0,5.429,0.721,0.0,0.0,-9.6,14.2,49.7,0.0,,,,,,,,,995.0,,,,,,,,,,,,,,,,0.0,,1.0,,,,,,,,,,,,,,,,,,,,,,,,,,,0.0,0.706,0.0,,,,,,,,,,,,,,,,,,,,,""
7616250636,"Aug 10, 2022, 3:44:31 PM",Evening Trail Run,Run,,7864,21.02,,,,,,activities/8125047279.fit.gz,,,7864.0,7767.0,21019.0,6.6,2.706,1189.0,1001.0,209.0,410.0,48.6,0.0,,,123.0,85.0,,,,,1418.0,,,,,,,,,,,,,,,,0.0,,1.0,27970.4,,,,,,,,,,,,,,,,7337777.0,,,,,,,,,,0.0,2.673,19083.0,,,,,,,,,,,,,,,,,,,,,""
7615176534,"Aug 9, 2022, 3:50:12 PM",Evening Trail Run,Run,,2438,5.99,,,,,,activities/8123866944.fit.gz,,,2438.0,2259.0,5992.0,5.6,2.653,25.0,12.0,198.7,215.2,13.3,-0.1,,,105.0,84.0,,,,,433.0,,,,,,,,,,,,,,,,0.0,,1.0,6084.7,,,,,,,,,,,,,,,,7337777.0,,,,,,,,,,0.0,2.458,5562.0,,,,,,,,,,,,,,,,,,,,,""
7604368578,"Aug 8, 2022, 3:46:05 PM",Evening Mountain Bike Ride,Ride,,5806,28.18,,,,,,activities/8111940795.fit.gz,,15.5,5806.0,5646.0,28186.0,18.2,4.992,734.3,645.0,182.9,449.9,34.3,0.0,,,,,,,,202.0,107.0,,,,,,,,,,,,,,,,0.0,,1.0,,,,,,,,,,,,,,,,,,,,,,,,,,,0.0,4.855,23736.0,,,,,,,,,,,,,,,,,,,,,""
7599173822,"Aug 7, 2022, 2:29:05 PM",Afternoon Trail Run,Run,,6885,16.92,,,,,,activities/8106086149.fit.gz,,,6885.0,6512.0,16923.0,5.2,2.599,824.4,682.0,181.9,435.5,49.1,0.0,,,110.0,86.0,,,,,1208.0,,,,,,,,,,,,,,,,0.0,,1.0,21544.3,,,,,,,,,,,,,,,,7337777.0,,,,,,,,,,0.0,2.458,12574.0,,,,,,,,,,,,,,,,,,,,,""
7593166724,"Aug 6, 2022, 2:45:07 PM",Afternoon Swim,Swim,,4815,"3,201",,,,,,activities/8099281001.fit.gz,,,4815.0,4663.0,3201.0,2.857,0.686,0.0,0.0,-8.0,32.8,49.4,-0.3,,,,,,,,,799.0,,,,,,,,,,,,,,,,0.0,,1.0,,,,,,,,,,,,,,,,,,,,,,,,,,,0.0,0.665,0.0,,,,,,,,,,,,,,,,,,,,,""
7587924469,"Aug 5, 2022, 4:37:42 PM",Evening Trail Run,Run,,3059,8.59,,,,,,activities/8093444420.fit.gz,,,3059.0,2927.0,8598.0,5.8,2.937,286.0,220.0,207.6,297.3,22.5,0.0,,,119.0,89.0,,,,,620.0,,,,,,,,,,,,,,,,0.0,,1.0,9469.3,,,,,,,,,,,,,,,,7337777.0,,,,,,,,,,0.0,2.811,6953.0,,,,,,,,,,,,,,,,,,,,,""
7577056769,"Aug 3, 2022, 4:34:09 PM",Evening Trail Run,Run,,2834,9.19,,,,,,activities/8081386234.fit.gz,,,2834.0,2751.0,9196.0,6.6,3.343,272.9,252.0,207.6,368.9,40.0,0.0,,,200.0,93.0,,,,,660.0,,,,,,,,,,,,,,,,0.0,,1.0,10237.3,,,,,,,,,,,,,,,,7337777.0,,,,,,,,,,0.0,3.245,8099.0,,,,,,,,,,,,,,,,,,,,,""
7565517670,"Aug 1, 2022, 4:57:25 PM",Evening Trail Run,Run,,2485,9.94,,,,,,activities/8068633659.fit.gz,,,2485.0,2485.0,9941.0,6.2,4.0,231.9,220.0,209.0,449.9,22.9,-0.3,,,196.0,93.0,,,,,709.0,,,,,,,,,,,,,,,,0.0,,1.0,10413.0,,,,,,,,,,,,,,,,7337777.0,,,,,,,,,,0.0,4.0,9535.0,,,,,,,,,,,,,,,,,,,,,""
7559972393,"Jul 31, 2022, 1:55:28 PM",Afternoon Mountain Bike Ride,Ride,,5636,29.05,,,,,,activities/8062439528.fit.gz,,15.5,5636.0,5509.0,29053.0,15.6,5.274,669.7,540.0,202.9,449.9,47.5,0.0,,,,,,,,200.0,103.0,,,,,,,,,,,,,,,,0.0,,1.0,,,,,,,,,,,,,,,,,,,,,,,,,,,0.0,5.155,26478.0,,,,,,,,,,,,,,,,,,,,,""
7554585308,"Jul 30, 2022, 2:45:45 PM",Afternoon Swim,Swim,,3983,"2,504",,,,,,activities/8056402041.fit.gz,,,3983.0,3797.0,2504.0,6.8,0.659,0.0,0.0,-7.2,12.8,43.9,-0.1,,,,,,,,,597.0,,,,,,,,,,,,,,,,0.0,,1.0,,,,,,,,,,,,,,,,,,,,,,,,,,,0.0,0.629,0.0,,,,,,,,,,,,,,,,,,,,,""
7549566221,"Jul 29, 2022, 4:26:26 PM",Evening Trail Run,Run,,6665,18.22,,,,,,activities/8050826173.fit.gz,,,6665.0,6318.0,18228.0,5.4,2.885,525.7,427.0,140.1,368.9,46.7,0.0,,,124.0,86.0,,,,,1326.0,,,,,,,,,,,,,,,,0.0,,1.0,20341.8,,,,,,,,,,,,,,,,7337777.0,,,,,,,,,,0.0,2.735,10168.0,,,,,,,,,,,,,,,,,,,,,""
7549562332,"Jul 28, 2022, 4:26:21 PM",Evening Workout,Workout,,2110,0,,,,,,activities/8050821952.fit.gz,,,2110.0,2110.0,0.0,0.0,0.0,0.0,,,,0.0,0.0,,,,,,,,,39.0,,,,,,,,,,,,,,,,0.0,,1.0,,,,,,,,,,,,,,,,,,,,,,,,,,,0.0,0.0,0.0,,,,,,,,,,,,,,,,,,,,,""
7538734670,"Jul 27, 2022, 4:26:34 PM",Evening Trail Run,Run,,5558,18.20,,,,,,activities/8038829421.fit.gz,,,5558.0,5474.0,18208.0,5.0,3.326,448.4,394.0,207.7,435.6,49.1,0.0,,,116.0,90.0,,,,,1324.0,,,,,,,,,,,,,,,,0.0,,1.0,19466.4,,,,,,,,,,,,,,,,7337777.0,,,,,,,,,,0.0,3.276,16724.0,,,,,,,,,,,,,,,,,,,,,""
7526268296,"Jul 24, 2022, 11:37:06 AM",Afternoon Hike,Hike,"",16152,3.31,,,,,,activities/8025041022.fit.gz,,,16152.0,3662.0,3310.0,11.923,0.904,155.3,288.0,661.8,756.0,48.0,-0.1,,,78.0,52.0,,,,,816.0,,,,,,,,,,,,,,0.0,,0.0,,1.0,,,,,,,,,,,,,,,,,7337777.0,,,,,,,,,,0.0,0.205,3310.0,,,,,,,,,,,,,,,,,,,,,media/50e60a0e-ec8a-4ff9-b92d-367f52c5f7ce.jpg|media/5d9dd814-89eb-4ee8-8d66-b84c4b8a051c.jpg|media/7ef9a83a-9111-4e2d-a3be-cb88c9baf5c4.jpg|media/22ff76d5-7ce1-4008-af2d-c5e14ac52b76.jpg
7526281446,"Jul 24, 2022, 10:03:47 AM",Afternoon Hike ,Hike,"",3260,1.29,,,,,,activities/8025055398.fit.gz,,,3260.0,1679.0,1297.0,2.4,0.772,86.8,77.0,910.4,976.2,49.6,-1.2,,,111.0,53.0,,,,,139.0,,,,,,,,,,,,,,0.0,,0.0,,1.0,1701.7,,,,,,,,,,,,,,,,7337777.0,,,,,,,,,,0.0,0.398,112.0,,,,,,,,,,,,,,,,,,,,,media/719ea1b8-4c34-433a-9bb1-f09c100a46c9.jpg|media/044c813c-785b-49e7-a70c-2d1d18d41270.jpg|media/5e66a3a4-2254-4bc6-b073-a8731403b87a.jpg|media/f7fbc4f6-b7b5-42ad-aced-5a22b1ad4452.mp4
7526279724,"Jul 23, 2022, 3:10:52 PM",Evening Hike,Hike,"",4624,3.92,,,,,,activities/8025053585.fit.gz,,,4624.0,2729.0,3927.0,10.0,1.439,175.8,203.0,748.6,890.0,48.6,-0.8,,,120.0,66.0,,,,,308.0,,,,,,,,,,,,,,0.0,,0.0,,1.0,4656.8,,,,,,,,,,,,,,,,7337777.0,,,,,,,,,,0.0,0.849,225.0,,,,,,,,,,,,,,,,,,,,,media/7a7072a8-456c-47a9-8553-0561f3a55a09.jpg|media/287a832a-4c1c-4c45-be5c-8e5440cee283.jpg|media/2470b967-a1b8-4a68-bdc3-9d291a8e6b4c.jpg
7526548064,"Jul 23, 2022, 3:00:52 AM",Morning Trail Run,Run,"",25797,43.43,,,,,,activities/8025350857.fit.gz,,,25797.0,22549.0,43435.0,10.0,1.926,2727.6,2207.0,571.4,1998.6,49.7,0.0,,,131.0,75.0,,,,,2765.0,,,,,,,,,,,,,,0.0,,0.0,,1.0,59633.9,,,,,,,,,,,,,,,,7337777.0,,,,,,,,,,2.0,1.684,24028.0,,,,,,,,,,,,,,,,,,,,,media/886fd30a-2290-4099-baa3-cf37c75eec15.jpg|media/a4653a0f-02a6-4b60-b120-7a3da4ac59d6.jpg|media/23cf834c-d1d6-44f6-b1f5-09f5e0f94391.jpg|media/75805d23-c07d-4810-afd1-49b9b15054de.jpg
7509498084,"Jul 22, 2022, 8:17:51 AM",Lunch Trail Run,Run,,2889,5.66,,,,,,activities/8006311178.fit.gz,,,2889.0,2737.0,5661.0,5.2,2.068,324.8,287.0,1057.5,1326.0,48.6,-0.1,,,114.0,83.0,,,,,390.0,,,,,,,,,,,,,,,,0.0,,1.0,7933.0,,,,,,,,,,,,,,,,7337777.0,,,,,,,,,,0.0,1.96,2502.0,,,,,,,,,,,,,,,,,,,,,""
7509497015,"Jul 21, 2022, 5:27:02 PM",Evening Trail Run,Run,,2869,4.51,,,,,,activities/8006310017.fit.gz,,,2869.0,2843.0,4511.0,4.0,1.587,276.0,267.0,1054.4,1331.4,49.1,0.2,,,103.0,76.0,,,,,289.0,,,,,,,,,,,,,,,,0.0,,1.0,6154.3,,,,,,,,,,,,,,,,7337777.0,,,,,,,,,,0.0,1.572,2651.0,,,,,,,,,,,,,,,,,,,,,""
7495156597,"Jul 19, 2022, 4:38:37 PM",Evening Trail Run,Run,,3202,8.18,,,,,,activities/7990542732.fit.gz,,,3202.0,3031.0,8183.0,8.0,2.7,130.0,144.0,192.4,262.8,22.2,-0.2,,,110.0,87.0,,,,,589.0,,,,,,,,,,,,,,,,0.0,,1.0,8509.3,,,,,,,,,,,,,,,,7337777.0,,,,,,,,,,0.0,2.556,7185.0,,,,,,,,,,,,,,,,,,,,,""
7490370943,"Jul 18, 2022, 5:03:57 PM",Evening Trail Run,Run,,2426,9.97,,,,,,activities/7985294789.fit.gz,,,2426.0,2423.0,9969.0,6.8,4.114,248.2,221.0,209.0,449.9,17.1,-0.1,,,191.0,96.0,,,,,715.0,,,,,,,,,,,,,,,,0.0,,1.0,10551.3,,,,,,,,,,,,,,,,7337777.0,,,,,,,,,,0.0,4.109,9302.0,,,,,,,,,,,,,,,,,,,,,""
7485547983,"Jul 17, 2022, 4:33:55 PM",Evening Trail Run,Run,,5736,11.67,,,,,,activities/7979942100.fit.gz,,,5736.0,5415.0,11676.0,4.6,2.156,604.7,526.0,207.6,449.9,49.1,0.1,,,143.0,80.0,,,,,796.0,,,,,,,,,,,,,,,,0.0,,1.0,15157.9,,,,,,,,,,,,,,,,7337777.0,,,,,,,,,,0.0,2.036,8725.0,,,,,,,,,,,,,,,,,,,,,""
7479119187,"Jul 16, 2022, 3:16:11 PM",Evening Swim,Swim,"",1823,"2,717",,,,,,activities/7972790149.fit.gz,,15.5,1823.0,1804.0,2717.0,11.2,1.506,45.0,18.0,-9.0,7.0,33.0,0.0,,,,,,,,123.0,33.0,,,,,,,,,,,,,,0.0,,0.0,,1.0,,,,,,,,,,,,,,,,,,,,,,,,,,,0.0,1.49,0.0,,,,,,,,,,,,,,,,,,,,,""
7474190806,"Jul 15, 2022, 4:14:54 PM",Evening Trail Run,Run,,5653,17.86,,,,,,activities/7967369414.fit.gz,,,5653.0,5597.0,17866.0,4.6,3.192,439.0,398.0,207.7,402.1,48.6,-0.1,,,134.0,88.0,,,,,1287.0,,,,,,,,,,,,,,,,0.0,,1.0,19322.8,,,,,,,,,,,,,,,,7337777.0,,,,,,,,,,0.0,3.16,16597.0,,,,,,,,,,,,,,,,,,,,,""
7469116609,"Jul 14, 2022, 4:20:58 PM",Evening Trail Run,Run,,5625,14.90,,,,,,activities/7961741879.fit.gz,,,5625.0,5178.0,14907.0,6.4,2.879,600.2,378.0,215.5,448.7,48.9,0.0,,,157.0,88.0,,,,,1045.0,,,,,,,,,,,,,,,,0.0,,1.0,18180.7,,,,,,,,,,,,,,,,7337777.0,,,,,,,,,,0.0,2.65,8895.0,,,,,,,,,,,,,,,,,,,,,""
7469112962,"Jul 13, 2022, 4:09:24 PM",Evening Trail Run,Run,,4399,10.68,,,,,,activities/7961738012.fit.gz,,,4399.0,4361.0,10687.0,4.2,2.451,233.8,221.0,207.6,368.9,48.0,-0.2,,,97.0,84.0,,,,,784.0,,,,,,,,,,,,,,,,0.0,,1.0,11367.5,,,,,,,,,,,,,,,,7337777.0,,,,,,,,,,0.0,2.429,9805.0,,,,,,,,,,,,,,,,,,,,,""
7446108277,"Jul 10, 2022, 8:23:13 AM",Lunch Run,Run,"",2525,4.03,,,,,,activities/7936519407.fit.gz,,,2525.0,1966.0,4036.7,3.429,2.053,213.6,226.0,311.2,496.6,47.7,3.8,,,,,,,,,303.0,,,,,,,,,,,,,,0.0,,0.0,,1.0,4846.0,,,,,,,,,,,,,,,,7337777.0,,,,,,,,,,0.0,1.599,4038.6,,,,,,,,,,,,,,,,,,,,,""
7446111477,"Jul 10, 2022, 7:42:32 AM",Morning Trail Run,Run,"",14805,25.64,,,,,,activities/7936522282.fit.gz,,,14805.0,12770.0,25643.0,5.6,2.008,1198.8,1161.0,249.0,927.0,48.9,0.0,,,131.0,78.0,,,,,1745.0,,,,,,,,,,,,,,0.0,,0.0,,1.0,31945.3,,,,,,,,,,,,,,,,7337777.0,,,,,,,,,,0.0,1.732,22830.0,,,,,,,,,,,,,,,,,,,,,media/646fdf6a-e024-419a-b2bd-1f6b6076cdf6.jpg
7441801765,"Jul 9, 2022, 4:41:08 PM",Evening Trail Run,Run,"",2923,10.62,,,,,,activities/7931760965.fit.gz,,,2923.0,2914.0,10625.0,6.0,3.646,261.0,231.0,203.0,449.7,30.0,0.0,,,102.0,91.0,,,,,762.0,,,,,,,,,,,,,,0.0,,0.0,,1.0,11207.9,,,,,,,,,,,,,,,,7337777.0,,,,,,,,,,0.0,3.635,9354.0,,,,,,,,,,,,,,,,,,,,,""
7436422873,"Jul 8, 2022, 3:31:28 PM",Evening Trail Run,Run,,8607,21.35,,,,,,activities/7925841904.fit.gz,,,8607.0,8110.0,21354.0,5.0,2.633,514.6,354.0,207.6,435.5,49.6,0.0,,,103.0,86.0,,,,,1565.0,,,,,,,,,,,,,,,,0.0,,1.0,23099.6,,,,,,,,,,,,,,,,7337777.0,,,,,,,,,,0.0,2.481,12776.0,,,,,,,,,,,,,,,,,,,,,""
7431321983,"Jul 7, 2022, 2:53:25 PM",Afternoon Ride,Ride,"",10762,67.13,,,,,CYCL⚙️PATH  ,activities/7920259858.fit.gz,,15.5,10762.0,10430.0,67130.0,17.0,6.436,1390.6,1230.0,142.2,1185.8,37.5,0.0,,,,,,,,262.0,198.0,,,,,,,,,,,,,,0.0,,0.0,,1.0,,,,,,,,,,,,,,,,11507033.0,,,,,,,,,,,0.0,6.238,649.0,,,,,,,,,,,,,,,,,,,,,""
7419938183,"Jul 5, 2022, 4:05:24 PM",Evening Trail Run,Run,,2149,5.14,,,,,,activities/7907831126.fit.gz,,,2149.0,2119.0,5147.0,6.0,2.429,423.6,365.0,216.4,448.7,48.9,0.3,,,130.0,86.0,,,,,347.0,,,,,,,,,,,,,,,,0.0,,1.0,7913.1,,,,,,,,,,,,,,,,7337777.0,,,,,,,,,,0.0,2.395,2735.0,,,,,,,,,,,,,,,,,,,,,""
7414925250,"Jul 4, 2022, 4:26:39 PM",Evening Trail Run,Run,,4152,14.61,,,,,,activities/7902357847.fit.gz,,,4152.0,4099.0,14609.0,5.8,3.564,298.2,272.0,119.1,368.9,42.5,-0.1,,,99.0,91.0,,,,,1050.0,,,,,,,,,,,,,,,,0.0,,1.0,15313.5,,,,,,,,,,,,,,,,7337777.0,,,,,,,,,,0.0,3.519,9240.0,,,,,,,,,,,,,,,,,,,,,""
7410088614,"Jul 3, 2022, 3:06:49 PM",Evening Swim,Swim,,1654,983,,,,,,activities/7897002562.fit.gz,,,1654.0,1593.0,983.0,2.353,0.617,0.0,0.0,-6.2,2.2,46.0,0.5,,,,,,,,,252.0,,,,,,,,,,,,,,,,0.0,,1.0,,,,,,,,,,,,,,,,,,,,,,,,,,,0.0,0.594,0.0,,,,,,,,,,,,,,,,,,,,,""
7404889183,"Jul 2, 2022, 3:06:58 PM",Evening Trail Run,Run,,10571,16.40,,,,,,activities/7891271870.fit.gz,,,10571.0,8991.0,16400.0,4.4,1.824,1035.9,1032.0,404.4,1035.1,49.3,-0.1,,,105.0,72.0,,,,,1038.0,,,,,,,,,,,,,,,,0.0,,1.0,23136.8,,,,,,,,,,,,,,,,7337777.0,,,,,,,,,,0.0,1.551,13544.0,,,,,,,,,,,,,,,,,,,,,""
7398766533,"Jul 1, 2022, 3:51:07 PM",Evening Trail Run,Run,,5225,18.92,,,,,,activities/7884559878.fit.gz,,,5225.0,5221.0,18919.0,5.8,3.624,516.5,442.0,240.2,449.5,45.7,0.0,,,102.0,92.0,,,,,1361.0,,,,,,,,,,,,,,,,0.0,,1.0,20360.3,,,,,,,,,,,,,,,,7337777.0,,,,,,,,,,0.0,3.621,18521.0,,,,,,,,,,,,,,,,,,,,,""
7393985862,"Jun 30, 2022, 4:36:19 PM",Evening Trail Run,Run,,4096,11.00,,,,,,activities/7879339444.fit.gz,,,4096.0,4060.0,11008.0,5.0,2.711,302.7,266.0,210.0,432.7,37.1,0.0,,,95.0,86.0,,,,,805.0,,,,,,,,,,,,,,,,0.0,,1.0,11969.1,,,,,,,,,,,,,,,,7337777.0,,,,,,,,,,0.0,2.688,10144.0,,,,,,,,,,,,,,,,,,,,,""
7389110081,"Jun 29, 2022, 3:20:33 PM",Evening Trail Run,Run,,11224,19.70,,,,,,activities/7874008834.fit.gz,,,11224.0,10859.0,19700.0,5.6,1.814,1707.2,1585.0,219.6,448.7,49.2,0.1,,,160.0,82.0,,,,,1300.0,,,,,,,,,,,,,,,,0.0,,1.0,32477.7,,,,,,,,,,,,,,,,7337777.0,,,,,,,,,,0.0,1.755,8429.0,,,,,,,,,,,,,,,,,,,,,""
7387896061,"Jun 28, 2022, 3:53:41 PM",Evening Trail Run,Run,,3739,10.04,,,,,,activities/7872688301.fit.gz,,,3739.0,3683.0,10041.0,13.0,2.726,264.3,419.0,210.4,449.9,46.7,-0.2,,,95.0,87.0,,,,,726.0,,,,,,,,,,,,,,,,0.0,,1.0,10997.2,,,,,,,,,,,,,,,,7337777.0,,,,,,,,,,0.0,2.685,8822.0,,,,,,,,,,,,,,,,,,,,,""
7378214913,"Jun 27, 2022, 5:57:03 PM",Evening Trail Run,Run,,3089,9.10,,,,,,activities/7862139038.fit.gz,,,3089.0,2948.0,9103.0,7.2,3.088,318.5,286.0,209.4,448.1,48.6,0.1,,,196.0,87.0,,,,,642.0,,,,,,,,,,,,,,,,0.0,,1.0,10620.4,,,,,,,,,,,,,,,,7337777.0,,,,,,,,,,0.0,2.947,4773.0,,,,,,,,,,,,,,,,,,,,,""
7378213007,"Jun 26, 2022, 4:37:50 PM",Evening Trail Run,Run,,3378,7.31,,,,,,activities/7862136905.fit.gz,,,3378.0,3236.0,7312.0,5.8,2.26,177.0,171.0,218.0,363.8,40.0,0.1,,,98.0,83.0,,,,,509.0,,,,,,,,,,,,,,,,0.0,,1.0,7955.7,,,,,,,,,,,,,,,,7337777.0,,,,,,,,,,0.0,2.165,5241.0,,,,,,,,,,,,,,,,,,,,,""
7369278535,"Jun 25, 2022, 3:55:29 PM",Evening Stand Up Paddling,Stand Up Paddling,"",3910,3.59,,,,,,activities/7852296875.fit.gz,,,3910.0,2700.0,3591.0,2.6,1.33,0.0,0.0,870.0,874.4,40.0,-0.1,,,115.0,35.0,,,,,72.0,,,,,,,,,,,,,,0.0,,0.0,,1.0,,,,,,,,,,,,,,,,,,,,,,,,,,,0.0,0.918,911.0,,,,,,,,,,,,,,,,,,,,,media/01d2b06f-bc90-4618-b49f-ec572229c2d4.jpg|media/fbeb0de9-c68a-4cfb-a138-bd2c8ca05751.jpg
7369278356,"Jun 25, 2022, 9:48:22 AM",Lunch Trail Run,Run,"",15702,17.93,,,,,,activities/7852296585.fit.gz,,,15702.0,10053.0,17931.0,6.8,1.784,1345.0,1340.0,875.4,2105.2,49.1,0.0,,,122.0,71.0,,,,,1214.0,,,,,,,,,,,,,,0.0,,0.0,,1.0,25957.9,,,,,,,,,,,,,,,,7337777.0,,,,,,,,,,0.0,1.142,9346.0,,,,,,,,,,,,,,,,,,,,,media/9ec05e96-c8e3-4fc9-8138-b959f9594cf8.jpg|media/c79a80bf-9054-4fd6-b55b-8ea398f7e19f.jpg|media/cb895649-8099-4745-84ce-6da447d1ffc8.jpg
7361861031,"Jun 24, 2022, 4:22:53 PM",Evening Trail Run,Run,,3096,11.04,,,,,,activities/7844129658.fit.gz,,,3096.0,3090.0,11042.0,7.4,3.573,341.8,266.0,217.1,448.7,37.5,0.0,,,96.0,90.0,,,,,785.0,,,,,,,,,,,,,,,,0.0,,1.0,12150.3,,,,,,,,,,,,,,,,7337777.0,,,,,,,,,,0.0,3.567,10125.0,,,,,,,,,,,,,,,,,,,,,""
7357428485,"Jun 23, 2022, 4:36:57 PM",Evening Trail Run,Run,,6757,14.22,,,,,,activities/7839265790.fit.gz,,,6757.0,6204.0,14222.0,4.6,2.292,724.1,692.0,212.4,448.7,48.9,0.1,,,105.0,80.0,,,,,980.0,,,,,,,,,,,,,,,,0.0,,1.0,18394.4,,,,,,,,,,,,,,,,7337777.0,,,,,,,,,,0.0,2.105,10801.0,,,,,,,,,,,,,,,,,,,,,""
7345961055,"Jun 21, 2022, 3:10:13 PM",Evening Trail Run,Run,,6845,15.91,,,,,,activities/7826777329.fit.gz,,,6845.0,6776.0,15910.0,5.6,2.348,557.0,319.0,215.8,448.7,48.9,0.0,,,118.0,85.0,,,,,1133.0,,,,,,,,,,,,,,,,0.0,,1.0,18678.4,,,,,,,,,,,,,,,,7337777.0,,,,,,,,,,0.0,2.324,7718.0,,,,,,,,,,,,,,,,,,,,,""
7341015375,"Jun 20, 2022, 4:59:25 PM",Evening Trail Run,Run,,4728,11.13,,,,,,activities/7821381193.fit.gz,,,4728.0,4678.0,11132.0,5.4,2.38,294.0,293.0,187.6,456.8,47.3,0.0,,,105.0,84.0,,,,,817.0,,,,,,,,,,,,,,,,0.0,,1.0,11883.5,,,,,,,,,,,,,,,,7337777.0,,,,,,,,,,0.0,2.354,8914.0,,,,,,,,,,,,,,,,,,,,,""
7335893662,"Jun 19, 2022, 5:04:12 PM",Evening Trail Run,Run,,2100,4.53,,,,,,activities/7815742430.fit.gz,,,2100.0,2017.0,4529.0,4.8,2.245,367.9,312.0,209.8,434.1,49.1,0.0,,,134.0,85.0,,,,,303.0,,,,,,,,,,,,,,,,0.0,,1.0,7351.8,,,,,,,,,,,,,,,,7337777.0,,,,,,,,,,0.0,2.157,2040.5,,,,,,,,,,,,,,,,,,,,,""
7335893499,"Jun 19, 2022, 10:04:15 AM",Afternoon Ride,Ride,"",7557,49.07,,,,,CYCL⚙️PATH  ,activities/7815742099.fit.gz,,15.5,7557.0,7062.0,49076.0,14.4,6.949,273.1,120.0,143.4,215.2,48.0,0.0,,,,,,,,249.0,139.0,,,,,,,,,,,,,,0.0,,0.0,,1.0,,,,,,,,,,,,,,,,11507033.0,,,,,,,,,,,0.0,6.494,319.0,,,,,,,,,,,,,,,,,,,,,""
7329838848,"Jun 18, 2022, 3:38:33 PM",Evening Trail Run,Run,,2589,10.08,,,,,,activities/7809047575.fit.gz,,,2589.0,2583.0,10081.0,5.8,3.903,226.0,238.0,196.1,449.9,24.4,-0.4,,,98.0,91.0,,,,,722.0,,,,,,,,,,,,,,,,0.0,,1.0,10532.4,,,,,,,,,,,,,,,,7337777.0,,,,,,,,,,0.0,3.894,9295.0,,,,,,,,,,,,,,,,,,,,,""
7328119532,"Jun 18, 2022, 8:29:33 AM",Lunch Trail Run,Run,,7335,13.23,,,,,,activities/7807166099.fit.gz,,,7335.0,6511.0,13229.0,6.0,2.032,800.6,782.0,376.4,1158.9,49.1,0.0,,,126.0,78.0,,,,,869.0,,,,,,,,,,,,,,,,0.0,,1.0,17782.4,,,,,,,,,,,,,,,,7337777.0,,,,,,,,,,0.0,1.804,12237.0,,,,,,,,,,,,,,,,,,,,,""
7324500136,"Jun 17, 2022, 2:53:24 PM",Afternoon Trail Run,Run,,5783,15.59,,,,,,activities/7803214218.fit.gz,,,5783.0,5761.0,15590.0,5.4,2.706,599.1,509.0,159.0,448.7,49.1,0.0,,,111.0,85.0,,,,,1106.0,,,,,,,,,,,,,,,,0.0,,1.0,18251.1,,,,,,,,,,,,,,,,7337777.0,,,,,,,,,,0.0,2.696,8387.0,,,,,,,,,,,,,,,,,,,,,""
7305693508,"Jun 14, 2022, 6:20:00 AM",Morning Activity,Workout,"",2,0,,,,"",,,,,2.0,2.0,0.0,,0.0,,,,,,0.0,,,,,,,,,,,,,,,,,,,,,,,,,0.0,,0.0,,,,,,,,,,,,,,,,,,,,,,,,,,,0.0,0.0,0.0,,,,,,,,,,,,,,,,,,,,,""
7302976118,"Jun 13, 2022, 4:18:43 PM",Evening Trail Run,Run,,3979,8.71,,,,,,activities/7779765286.fit.gz,,,3979.0,3796.0,8713.0,5.4,2.295,251.7,215.0,222.7,435.5,48.6,-0.1,,,180.0,84.0,,,,,611.0,,,,,,,,,,,,,,,,0.0,,1.0,9942.7,,,,,,,,,,,,,,,,7337777.0,,,,,,,,,,0.0,2.19,7266.0,,,,,,,,,,,,,,,,,,,,,""
7302306068,"Jun 12, 2022, 4:12:15 PM",Evening Stand Up Paddling,Stand Up Paddling,"",4030,3.91,,,,,,activities/7779037694.fit.gz,,,4030.0,2867.0,3913.0,2.8,1.365,0.0,8.0,0.8,11.8,50.0,0.0,,,120.0,39.0,,,,,74.0,,,,,,,,,,,,,,0.0,,0.0,,1.0,,,,,,,,,,,,,,,,,,,,,,,,,,,0.0,0.971,0.0,,,,,,,,,,,,,,,,,,,,,media/3f6d3972-e2de-484e-9808-4e27b7c8c7f8.jpg
7302305050,"Jun 11, 2022, 2:48:25 PM",Afternoon Swim,Swim,,2478,"1,585",,,,,,activities/7779036621.fit.gz,,,2478.0,2391.0,1585.0,6.523,0.663,0.0,0.0,-9.0,7.2,39.6,-0.1,,,,,,,,,404.0,,,,,,,,,,,,,,,,0.0,,1.0,,,,,,,,,,,,,,,,,,,,,,,,,,,0.0,0.64,0.0,,,,,,,,,,,,,,,,,,,,,""
7302305122,"Jun 11, 2022, 9:33:54 AM",Lunch Trail Run,Run,"",12743,18.48,,,,,,activities/7779036434.fit.gz,,,12743.0,10177.0,18485.0,5.2,1.816,1104.3,986.0,77.1,1059.7,49.7,0.0,,,113.0,74.0,,,,,1220.0,,,,,,,,,,,,,,0.0,,0.0,,1.0,26368.8,,,,,,,,,,,,,,,,7337777.0,,,,,,,,,,0.0,1.451,0.0,,,,,,,,,,,,,,,,,,,,,media/57ac1a32-289a-46d7-8d45-25f0c7786b3f.jpg
7302298967,"Jun 9, 2022, 3:24:40 PM",Evening Trail Run,Run,,4469,9.37,,,,,,activities/7779029949.fit.gz,,,4469.0,4343.0,9378.0,4.4,2.159,420.5,406.0,216.1,448.7,48.3,0.0,,,119.0,82.0,,,,,644.0,,,,,,,,,,,,,,,,0.0,,1.0,11676.4,,,,,,,,,,,,,,,,7337777.0,,,,,,,,,,0.0,2.098,7595.0,,,,,,,,,,,,,,,,,,,,,""
7302296836,"Jun 8, 2022, 4:53:11 PM",Evening Trail Run,Run,,2725,8.00,,,,,,activities/7779027601.fit.gz,,,2725.0,2608.0,8002.0,4.6,3.068,38.0,41.0,188.6,216.6,48.9,0.0,,,95.0,86.0,,,,,575.0,,,,,,,,,,,,,,,,0.0,,1.0,8186.2,,,,,,,,,,,,,,,,7337777.0,,,,,,,,,,0.0,2.937,8002.0,,,,,,,,,,,,,,,,,,,,,""
7270486395,"Jun 7, 2022, 3:01:27 PM",Evening Run,Run,,4207,12.30,,,,,,activities/7744324930.fit.gz,,,4207.0,4003.0,12302.0,6.6,3.073,272.8,257.0,217.1,368.9,40.0,-0.3,,,200.0,90.0,,,,,868.0,,,,,,,,,,,,,,,,0.0,,1.0,13122.7,,,,,,,,,,,,,,,,7337777.0,,,,,,,,,,0.0,2.924,11556.0,,,,,,,,,,,,,,,,,,,,,""
7259083714,"Jun 5, 2022, 11:07:51 AM",Afternoon Run,Run,"",7023,11.15,,,,,,activities/7731842859.fit.gz,,,7023.0,6312.0,11153.0,5.2,1.767,560.0,529.0,376.9,887.5,49.1,0.0,,,96.0,76.0,,,,,781.0,,,,,,,,,,,,,,0.0,,0.0,,1.0,14393.8,,,,,,,,,,,,,,,,7337777.0,,,,,,,,,,0.0,1.588,9226.0,,,,,,,,,,,,,,,,,,,,,media/96aa2482-3266-4261-a1c1-e9ee1ed545c1.jpg
7255330296,"Jun 4, 2022, 3:39:03 PM",Evening Run,Run,,9610,24.95,,,,,,activities/7727716919.fit.gz,,,9610.0,9554.0,24953.0,5.2,2.612,965.8,904.0,205.0,449.9,48.9,0.2,,,117.0,86.0,,,,,1750.0,,,,,,,,,,,,,,,,0.0,,1.0,29670.7,,,,,,,,,,,,,,,,7337777.0,,,,,,,,,,0.0,2.597,20450.0,,,,,,,,,,,,,,,,,,,,,""
7255323756,"Jun 3, 2022, 3:57:21 PM",Evening Run,Run,,4003,11.51,,,,,,activities/7727710475.fit.gz,,,4003.0,3605.0,11510.0,7.6,3.193,332.8,321.0,203.6,448.7,48.0,0.0,,,108.0,88.0,,,,,839.0,,,,,,,,,,,,,,,,0.0,,1.0,12581.2,,,,,,,,,,,,,,,,7337777.0,,,,,,,,,,0.0,2.875,9613.5,,,,,,,,,,,,,,,,,,,,,""
7255321340,"Jun 2, 2022, 3:46:42 PM",Evening Run,Run,,3355,7.41,,,,,,activities/7727708218.fit.gz,,,3355.0,3238.0,7412.0,5.4,2.289,60.7,43.0,202.9,214.0,46.7,0.0,,,138.0,88.0,,,,,522.0,,,,,,,,,,,,,,,,0.0,,1.0,7627.2,,,,,,,,,,,,,,,,7337777.0,,,,,,,,,,0.0,2.209,7039.0,,,,,,,,,,,,,,,,,,,,,""
7255319742,"Jun 1, 2022, 4:13:37 PM",Evening Run,Run,,4213,12.72,,,,,,activities/7727706834.fit.gz,,,4213.0,4200.0,12728.0,4.8,3.03,328.6,285.0,207.6,368.9,47.5,0.0,,,107.0,91.0,,,,,928.0,,,,,,,,,,,,,,,,0.0,,1.0,13769.4,,,,,,,,,,,,,,,,7337777.0,,,,,,,,,,0.0,3.021,10185.0,,,,,,,,,,,,,,,,,,,,,""
7255317402,"May 31, 2022, 4:12:37 PM",Evening Run,Run,,4128,9.71,,,,,,activities/7727704788.fit.gz,,,4128.0,4055.0,9716.0,3.4,2.396,305.0,234.0,163.2,455.4,48.9,0.6,,,112.0,84.0,,,,,709.0,,,,,,,,,,,,,,,,0.0,,1.0,10690.9,,,,,,,,,,,,,,,,7337777.0,,,,,,,,,,0.0,2.354,8953.0,,,,,,,,,,,,,,,,,,,,,""
7223518796,"May 29, 2022, 7:03:10 AM",Morning Run,Run,,10420,27.72,,,,,,activities/7693050877.fit.gz,,,10420.0,9788.0,27728.0,6.8,2.833,1346.6,1190.0,11.7,638.8,49.1,0.0,,,142.0,84.0,,,,,1949.0,,,,,,,,,,,,,,,,0.0,,1.0,35266.6,,,,,,,,,,,,,,,,7337777.0,,,,,,,,,,0.0,2.661,8895.0,,,,,,,,,,,,,,,,,,,,,""
7212525130,"May 27, 2022, 3:32:48 PM",Evening Ride,Ride,"",3356,9.89,,,,,CYCL⚙️PATH  ,activities/7680988019.fit.gz,,15.5,3356.0,3088.0,9892.0,14.0,3.203,275.7,258.0,197.6,449.9,45.7,0.0,,,,,,,,154.0,62.0,,,,,,,,,,,,,,0.0,,0.0,,1.0,,,,,,,,,,,,,,,,11507033.0,,,,,,,,,,,0.0,2.948,8231.0,,,,,,,,,,,,,,,,,,,,,""
7206798776,"May 26, 2022, 3:36:02 PM",Evening Run,Run,,2689,10.38,,,,,,activities/7674743068.fit.gz,,,2689.0,2670.0,10384.0,5.8,3.889,0.0,0.0,110.6,119.8,20.0,0.0,,,96.0,93.0,,,,,738.0,,,,,,,,,,,,,,,,0.0,,1.0,10441.9,,,,,,,,,,,,,,,,7337777.0,,,,,,,,,,0.0,3.862,0.0,,,,,,,,,,,,,,,,,,,,,""
7200934406,"May 25, 2022, 2:08:40 PM",Afternoon Run,Run,,4220,9.46,,,,,,activities/7668375193.fit.gz,,,4220.0,4035.0,9462.0,6.4,2.345,448.7,394.0,216.0,449.9,49.1,0.3,,,106.0,84.0,,,,,661.0,,,,,,,,,,,,,,,,0.0,,1.0,12166.7,,,,,,,,,,,,,,,,7337777.0,,,,,,,,,,0.0,2.242,7882.0,,,,,,,,,,,,,,,,,,,,,""
7195445635,"May 24, 2022, 1:54:33 PM",Afternoon Run,Run,,5097,13.83,,,,,,activities/7662437439.fit.gz,,,5097.0,4313.0,13829.0,5.8,3.206,366.8,263.0,215.3,368.9,49.9,0.0,,,120.0,89.0,,,,,1056.0,,,,,,,,,,,,,,,,0.0,,1.0,15275.2,,,,,,,,,,,,,,,,7337777.0,,,,,,,,,,0.0,2.713,6695.0,,,,,,,,,,,,,,,,,,,,,""
7191182487,"May 23, 2022, 6:16:02 PM",Night Activity,Workout,,2700,0,,,,,,activities/7657824495.fit.gz,,,2700.0,2700.0,0.0,0.0,0.0,0.0,,,,0.0,0.0,,,,,,,,,255.0,,,,,,,,,,,,,,,,0.0,,1.0,,,,,,,,,,,,,,,,,,,,,,,,,,,0.0,0.0,0.0,,,,,,,,,,,,,,,,,,,,,""
7186666837,"May 22, 2022, 3:25:16 PM",Evening Ride,Ride,"",6692,45.06,,,,,CYCL⚙️PATH  ,activities/7652865222.fit.gz,,15.5,6692.0,6390.0,45063.0,14.0,7.052,247.1,74.0,143.4,215.3,26.7,0.0,,,,,,,,263.0,123.0,,,,,,,,,,,,,,0.0,,0.0,,1.0,,,,,,,,,,,,,,,,11507033.0,,,,,,,,,,,0.0,6.734,397.0,,,,,,,,,,,,,,,,,,,,,""
7186662495,"May 22, 2022, 12:15:26 PM",Afternoon Swim,Swim,,2363,"1,544",,,,,,activities/7652860700.fit.gz,,,2363.0,2363.0,1544.0,1.571,0.653,0.0,0.0,-7.2,80.8,47.6,-5.1,,,,,,,,,471.0,,,,,,,,,,,,,,,,0.0,,1.0,,,,,,,,,,,,,,,,,,,,,,,,,,,0.0,0.653,0.0,,,,,,,,,,,,,,,,,,,,,""
7186662174,"May 22, 2022, 10:10:42 AM",Afternoon Activity,Stand Up Paddling,,5528,4.88,,,,,,activities/7652860246.fit.gz,,,5528.0,4112.0,4881.0,3.0,1.187,28.0,21.0,-4.6,19.8,48.6,0.3,,,133.0,38.0,,,,,101.0,,,,,,,,,,,,,,,,0.0,,1.0,,,,,,,,,,,,,,,,,,,,,,,,,,,0.0,0.883,0.0,,,,,,,,,,,,,,,,,,,,,""
7180254656,"May 21, 2022, 2:45:28 PM",Afternoon Run,Run,"",7753,15.14,,,,"",,activities/7645829200.fit.gz,,,7753.0,7652.0,15148.0,4.8,1.98,1190.7,1098.0,215.5,448.7,49.1,0.2,,,122.0,84.0,,,,,1010.0,,,,,,,,,,,,,,,,0.0,,1.0,23207.2,,,,,,,,,,,,,,,,7337777.0,,,,,,,,,,0.0,1.954,9162.0,,,,,,,,,,,,,,,,,,,,,""
7180271856,"May 20, 2022, 3:26:02 PM",Evening Run,Run,"",4082,9.09,,,,"",,activities/7645847961.fit.gz,,,4082.0,3985.0,9097.0,3.6,2.283,241.7,236.0,212.5,368.9,34.3,0.1,,,101.0,82.0,,,,,652.0,,,,,,,,,,,,,,,,0.0,,1.0,10067.4,,,,,,,,,,,,,,,,7337777.0,,,,,,,,,,0.0,2.229,8498.0,,,,,,,,,,,,,,,,,,,,,""
7169359521,"May 19, 2022, 3:02:38 PM",Evening Run,Run,3 x  3.0km @ 13.2 km/h   4'32 min/km / 3Min ;,4607,13.52,,,,,,activities/7634004916.fit.gz,,,4607.0,4425.0,13525.0,5.6,3.056,440.6,385.0,214.4,435.5,33.3,-0.1,,,125.0,89.0,,,,,969.0,,,,,,,,,,,,,,,,0.0,,1.0,15461.8,,,,,,,,,,,,,,,,7337777.0,,,,,,,,,,0.0,2.936,11331.5,,,,,,,,,,,,,,,,,,,,,""
7164702154,"May 18, 2022, 4:14:58 PM",Evening Run,Run,,4299,10.08,,,,,,activities/7628950424.fit.gz,,,4299.0,4054.0,10079.0,3.4,2.486,259.5,260.0,207.7,449.9,48.9,0.1,,,99.0,84.0,,,,,742.0,,,,,,,,,,,,,,,,0.0,,1.0,10823.2,,,,,,,,,,,,,,,,7337777.0,,,,,,,,,,0.0,2.344,9519.0,,,,,,,,,,,,,,,,,,,,,""
7158040328,"May 17, 2022, 2:15:01 PM",Afternoon Run,Run,10 x  200m @ 19.0 km/h   3'09 min/km / 45s ;10 x  200m @ 19.1 km/h   3'08 min/km / 45s ;,5341,12.74,,,,,,activities/7621745734.fit.gz,,,5341.0,5339.0,12747.0,7.0,2.388,566.0,381.0,214.6,448.7,49.1,0.2,,,180.0,87.0,,,,,841.0,,,,,,,,,,,,,,,,0.0,,1.0,16007.6,,,,,,,,,,,,,,,,7337777.0,,,,,,,,,,0.0,2.387,5443.0,,,,,,,,,,,,,,,,,,,,,""
7158037404,"May 16, 2022, 3:44:59 PM",Evening Run,Run,,4575,10.32,,,,,,activities/7621742496.fit.gz,,,4575.0,4436.0,10321.0,3.6,2.327,292.2,292.0,210.1,368.9,37.1,0.0,,,103.0,83.0,,,,,733.0,,,,,,,,,,,,,,,,0.0,,1.0,11461.3,,,,,,,,,,,,,,,,7337777.0,,,,,,,,,,0.0,2.256,9599.0,,,,,,,,,,,,,,,,,,,,,""
7147581455,"May 15, 2022, 12:23:11 PM",Afternoon Activity,Stand Up Paddling,"",7413,6.88,,,,,,activities/7610322951.fit.gz,,,7413.0,5528.0,6882.0,2.8,1.245,0.0,0.0,-3.2,5.6,40.0,0.0,,,131.0,36.0,,,,,136.0,,,,,,,,,,,,,,0.0,,0.0,,1.0,,,,,,,,,,,,,,,,,,,,,,,,,,,0.0,0.928,0.0,,,,,,,,,,,,,,,,,,,,,media/9dd6250d-b15e-4b57-bf11-c7d98561c807.jpg|media/a217484e-5ad3-4e9c-9eef-1c56f72033d1.jpg
7146223868,"May 15, 2022, 7:43:40 AM",Morning Run,Run,,8597,13.83,,,,,,activities/7608837810.fit.gz,,,8597.0,8174.0,13829.0,5.6,1.692,1041.1,1012.0,6.9,1022.4,49.1,-0.1,,,120.0,78.0,,,,,923.0,,,,,,,,,,,,,,,,0.0,,1.0,20607.6,,,,,,,,,,,,,,,,7337777.0,,,,,,,,,,0.0,1.609,5288.0,,,,,,,,,,,,,,,,,,,,,""
7140219675,"May 14, 2022, 7:51:40 AM",Morning Ride,Ride,10 x 2Min @ 17.2 km/h   3'29 min/km / 1Min 30s ;,11789,70.41,,,,,CYCL⚙️PATH  ,activities/7602264680.fit.gz,,15.5,11789.0,11361.0,70411.0,18.8,6.198,1550.3,1462.0,142.2,1010.7,49.3,0.0,,,,,,,,253.0,216.0,,,,,,,,,,,,,,0.0,,0.0,,1.0,,,,,,,,,,,,,,,,11507033.0,,,,,,,,,,,0.0,5.973,484.0,,,,,,,,,,,,,,,,,,,,,""
7136415096,"May 13, 2022, 3:36:32 PM",Evening Run,Run,,4368,17.06,,,,,,activities/7598133672.fit.gz,,,4368.0,4362.0,17068.0,6.6,3.913,342.2,297.0,209.3,368.9,22.9,-0.1,,,119.0,93.0,,,,,1221.0,,,,,,,,,,,,,,,,0.0,,1.0,17792.5,,,,,,,,,,,,,,,,7337777.0,,,,,,,,,,0.0,3.908,16485.0,,,,,,,,,,,,,,,,,,,,,""
7135306565,"May 12, 2022, 3:18:31 PM",Evening Run,Run,,3804,7.93,,,,,,activities/7596928664.fit.gz,,,3804.0,3738.0,7932.0,4.6,2.122,375.5,338.0,211.2,435.5,49.1,0.0,,,106.0,83.0,,,,,540.0,,,,,,,,,,,,,,,,0.0,,1.0,9966.4,,,,,,,,,,,,,,,,7337777.0,,,,,,,,,,0.0,2.085,6220.0,,,,,,,,,,,,,,,,,,,,,""
7119698668,"May 10, 2022, 2:26:53 PM",Afternoon Run,Run,2 x 4Min @ 16.9 km/h   3'33 min/km / 1Min 30s ;1 x 8Min @ 15.7 km/h   3'49 min/km / 1Min 30s ;8 x 1Min @ 17.9 km/h   3'21 min/km / 1Min ;,6381,16.76,,,,,,activities/7580014093.fit.gz,,,6381.0,6360.0,16761.0,6.2,2.635,795.0,550.0,227.5,448.7,48.9,0.1,,,122.0,87.0,,,,,1150.0,,,,,,,,,,,,,,,,0.0,,1.0,21586.3,,,,,,,,,,,,,,,,7337777.0,,,,,,,,,,0.0,2.627,7167.0,,,,,,,,,,,,,,,,,,,,,""
7114373537,"May 9, 2022, 3:38:31 PM",Evening Ride,Ride,"",5378,31.58,,,,,CYCL⚙️PATH  ,activities/7574258744.fit.gz,,15.5,5378.0,5234.0,31584.0,15.0,6.034,561.0,413.0,89.2,411.1,42.2,-0.1,,,,,,,,218.0,99.0,,,,,,,,,,,,,,0.0,,0.0,,1.0,,,,,,,,,,,,,,,,11507033.0,,,,,,,,,,,0.0,5.873,14896.0,,,,,,,,,,,,,,,,,,,,,""
7109831315,"May 8, 2022, 2:57:46 PM",Afternoon Swim,Swim,,1981,"1,292",,,,,,activities/7569270660.fit.gz,,,1981.0,1927.0,1292.0,2.707,0.67,0.0,0.0,-0.4,8.2,36.4,0.1,,,,,,,,,315.0,,,,,,,,,,,,,,,,0.0,,1.0,,,,,,,,,,,,,,,,,,,,,,,,,,,0.0,0.652,0.0,,,,,,,,,,,,,,,,,,,,,""
7109831304,"May 8, 2022, 9:14:30 AM",Lunch Run,Run,,8711,29.02,,,,,,activities/7569270429.fit.gz,,,8711.0,8593.0,29023.0,6.6,3.378,716.5,636.0,207.6,449.9,42.5,0.0,,,101.0,92.0,,,,,2092.0,,,,,,,,,,,,,,,,0.0,,1.0,30730.1,,,,,,,,,,,,,,,,7337777.0,,,,,,,,,,0.0,3.332,27866.0,,,,,,,,,,,,,,,,,,,,,""
7103743502,"May 7, 2022, 9:39:09 AM",Lunch Run,Run,,9491,14.13,,,,,,activities/7562597818.fit.gz,,,9491.0,8049.0,14133.0,4.6,1.756,1021.9,987.0,498.2,1347.2,49.1,0.0,,,108.0,74.0,,,,,888.0,,,,,,,,,,,,,,,,0.0,,1.0,21507.2,,,,,,,,,,,,,,,,7337777.0,,,,,,,,,,0.0,1.489,13733.0,,,,,,,,,,,,,,,,,,,,,""
7097979383,"May 6, 2022, 3:12:58 PM",Evening Ride,Ride,"",3330,24.99,,,,,CYCL⚙️PATH  ,activities/7556328375.fit.gz,,15.5,3330.0,2999.0,24990.0,16.6,8.333,158.0,648.0,152.4,781.4,10.8,-2.3,,,,,,,,229.0,61.0,,,,,,,,,,,,,,0.0,,0.0,,1.0,,,,,,,,,,,,,,,,11507033.0,,,,,,,,,,,0.0,7.505,48.0,,,,,,,,,,,,,,,,,,,,,media/3d3264bb-bb82-4073-8322-bb481c568ef9.jpg
7097658990,"May 6, 2022, 1:47:19 PM",Afternoon Ride,Ride,"",4764,25.15,,,,,CYCL⚙️PATH  ,activities/7555977896.fit.gz,,15.5,4764.0,4356.0,25149.0,15.4,5.773,731.8,121.0,143.4,781.4,23.3,2.3,,,,,,,,291.0,87.0,,,,,,,,,,,,,,0.0,,0.0,,1.0,,,,,,,,,,,,,,,,11507033.0,,,,,,,,,,,0.0,5.279,58.0,,,,,,,,,,,,,,,,,,,,,media/f6bf9a8f-7fbb-4c02-bc5d-11d49152c0ef.jpg
7092976687,"May 5, 2022, 2:14:55 PM",Afternoon Run,Run,1 x 20Min @ 16.2 km/h   3'41 min/km / 2Min ;1 x 5Min @ 17.4 km/h   3'26 min/km / 2Min ;,7173,19.16,,,,,,activities/7550881791.fit.gz,,,7173.0,7129.0,19160.0,5.6,2.688,761.7,646.0,481.0,1079.1,49.1,-0.1,,,143.0,86.0,,,,,1337.0,,,,,,,,,,,,,,,,0.0,,1.0,23639.9,,,,,,,,,,,,,,,,7337777.0,,,,,,,,,,0.0,2.671,14193.0,,,,,,,,,,,,,,,,,,,,,""
7081946649,"May 3, 2022, 2:47:43 PM",Afternoon Run,Run,10 x  200m @ 19.7 km/h   3'02 min/km / 30s ;3 x 5Min @ 14.3 km/h   4'11 min/km / 2Min ;,4838,13.33,,,,,,activities/7538962788.fit.gz,,,4838.0,4614.0,13336.0,6.8,2.89,373.2,262.0,213.7,368.9,48.9,0.1,,,172.0,88.0,,,,,932.0,,,,,,,,,,,,,,,,0.0,,1.0,15016.1,,,,,,,,,,,,,,,,7337777.0,,,,,,,,,,0.0,2.757,10718.0,,,,,,,,,,,,,,,,,,,,,""
7075205366,"May 2, 2022, 9:04:03 AM",Lunch Run,Run,,7861,11.40,,,,,,activities/7531630182.fit.gz,,,7861.0,6390.0,11404.0,4.4,1.785,740.4,734.0,498.4,1152.2,49.1,0.0,,,160.0,73.0,,,,,744.0,,,,,,,,,,,,,,,,0.0,,1.0,16440.4,,,,,,,,,,,,,,,,7337777.0,,,,,,,,,,0.0,1.451,10493.0,,,,,,,,,,,,,,,,,,,,,""
7070740754,"May 1, 2022, 1:00:58 PM",Afternoon Swim,Swim,"",1776,"1,166",,,,,,activities/7526738813.fit.gz,,,1776.0,1776.0,1166.0,3.333,0.657,0.0,0.0,3.4,13.0,48.9,-0.4,,,,,,,,,274.0,,,,,,,,,,,,,,0.0,,0.0,,1.0,,,,,,,,,,,,,,,,,,,,,,,,,,,0.0,0.657,0.0,,,,,,,,,,,,,,,,,,,,,media/dab8872f-7e87-482a-9437-aceed47530f7.jpg
7070740700,"May 1, 2022, 9:56:12 AM",Lunch Run,Run,,6371,9.06,,,,,,activities/7526738515.fit.gz,,,6371.0,6370.0,9065.0,4.4,1.423,765.4,735.0,271.9,983.3,49.1,0.1,,,125.0,74.0,,,,,575.0,,,,,,,,,,,,,,,,0.0,,1.0,14197.1,,,,,,,,,,,,,,,,7337777.0,,,,,,,,,,0.0,1.423,7919.0,,,,,,,,,,,,,,,,,,,,,""
7064641763,"Apr 30, 2022, 9:30:15 AM",Lunch Run,Run,,8494,16.11,,,,,,activities/7520083274.fit.gz,,,8494.0,8420.0,16112.0,7.4,1.914,1020.1,903.0,498.6,1281.0,49.1,0.0,,,120.0,81.0,,,,,952.0,,,,,,,,,,,,,,,,0.0,,1.0,23022.0,,,,,,,,,,,,,,,,7337777.0,,,,,,,,,,0.0,1.897,14742.0,,,,,,,,,,,,,,,,,,,,,""
7061020092,"Apr 29, 2022, 5:00:49 PM",Evening Run,Run,1 x  3.0km @ 15.0 km/h   3'48 min/km / 21s ;5 x 30s @ 8.5 km/h   7'01 min/km / 30s ;1 x 12Min @ 15.9 km/h   3'46 min/km / 30s ;,4686,12.70,,,,,,activities/7516150651.fit.gz,,,4686.0,4466.0,12701.0,5.2,2.844,541.4,402.0,251.2,448.7,48.9,0.0,,,119.0,85.0,,,,,892.0,,,,,,,,,,,,,,0.0,,0.0,,1.0,15733.3,,,,,,,,,,,,,,,,7337777.0,,,,,,,,,,0.0,2.71,11667.0,,,,,,,,,,,,,,,,,,,,,""
7055331104,"Apr 28, 2022, 3:34:54 PM",Evening Run,Run,,3600,7.63,,,,,,activities/7509999463.fit.gz,,,3600.0,3454.0,7636.0,6.0,2.211,467.3,420.0,211.3,448.7,48.9,0.1,,,183.0,85.0,,,,,503.0,,,,,,,,,,,,,,,,0.0,,1.0,10398.7,,,,,,,,,,,,,,,,7337777.0,,,,,,,,,,0.0,2.121,4926.0,,,,,,,,,,,,,,,,,,,,,""
7050262892,"Apr 27, 2022, 4:37:59 PM",Evening Activity,Workout,5 x 30s / 21s ;5 x 30s / 21s ;5 x 30s / 21s ; Χ3,1492,0,,,,,,activities/7504537944.fit.gz,,,1492.0,1492.0,0.0,0.0,0.0,0.0,0.0,238.8,238.8,0.0,0.0,,,,,,,,,28.0,,,,,,,,,,,,,,0.0,,0.0,,1.0,,,,,,,,,,,,,,,,,,,,,,,,,,,0.0,0.0,0.0,,,,,,,,,,,,,,,,,,,,,""
7050262800,"Apr 27, 2022, 3:32:14 PM",Evening Run,Run,,2508,10.10,,,,,,activities/7504537695.fit.gz,,,2508.0,2508.0,10103.0,7.0,4.028,235.3,210.0,216.0,449.9,14.3,-0.2,,,152.0,92.0,,,,,722.0,,,,,,,,,,,,,,,,0.0,,1.0,10587.6,,,,,,,,,,,,,,,,7337777.0,,,,,,,,,,0.0,4.028,9796.0,,,,,,,,,,,,,,,,,,,,,""
7039389592,"Apr 25, 2022, 3:16:29 PM",Evening Ride,Ride,"",4278,24.97,,,,,CYCL⚙️PATH  ,activities/7492809290.fit.gz,,15.5,4278.0,4192.0,24976.0,17.8,5.958,491.5,372.0,168.2,411.1,40.0,0.0,,,,,,,,222.0,79.0,,,,,,,,,,,,,,0.0,,0.0,,1.0,,,,,,,,,,,,,,,,11507033.0,,,,,,,,,,,0.0,5.838,16870.0,,,,,,,,,,,,,,,,,,,,,""
7039386720,"Apr 25, 2022, 10:43:20 AM",Afternoon Swim,Swim,,2053,"1,381",,,,,,activities/7492806279.fit.gz,,,2053.0,2053.0,1381.0,3.5,0.673,0.0,0.0,-22.8,-3.8,25.8,-0.5,,,,,,,,,316.0,,,,,,,,,,,,,,,,0.0,,1.0,,,,,,,,,,,,,,,,,,,,,,,,,,,0.0,0.673,0.0,,,,,,,,,,,,,,,,,,,,,""
7034925740,"Apr 24, 2022, 1:27:53 PM",Afternoon Run,Run,,5764,15.50,,,,,,activities/7487919294.fit.gz,,,5764.0,5753.0,15508.0,5.8,2.696,386.0,276.0,11.9,131.2,48.9,0.0,,,108.0,86.0,,,,,1142.0,,,,,,,,,,,,,,,,0.0,,1.0,17031.2,,,,,,,,,,,,,,,,7337777.0,,,,,,,,,,0.0,2.69,10084.0,,,,,,,,,,,,,,,,,,,,,""
7034921738,"Apr 24, 2022, 11:39:18 AM",Afternoon Swim,Swim,,2534,"1,782",,,,,,activities/7487914900.fit.gz,,,2534.0,2523.0,1782.0,3.5,0.706,0.0,0.0,-7.4,15.4,45.9,-0.7,,,,,,,,,424.0,,,,,,,,,,,,,,,,0.0,,1.0,,,,,,,,,,,,,,,,,,,,,,,,,,,0.0,0.703,0.0,,,,,,,,,,,,,,,,,,,,,""
7029139350,"Apr 23, 2022, 2:12:20 PM",Afternoon Run,Run,,9241,19.01,,,,,,activities/7481589841.fit.gz,,,9241.0,8664.0,19018.0,6.4,2.195,1069.7,960.0,493.5,1335.4,49.1,0.0,,,112.0,82.0,,,,,1268.0,,,,,,,,,,,,,,,,0.0,,1.0,26173.6,,,,,,,,,,,,,,,,7337777.0,,,,,,,,,,0.0,2.058,17069.0,,,,,,,,,,,,,,,,,,,,,""
7023529327,"Apr 22, 2022, 3:30:14 PM",Evening Activity,Weight Training,,3600,0,,,,,,activities/7475501234.fit.gz,,,3600.0,3600.0,0.0,0.0,0.0,0.0,,,,0.0,0.0,,,,,,,,,544.0,,,,,,,,,,,,,,,,0.0,,1.0,,,,,,,,,,,,,,,,,,,,,,,,,,,0.0,0.0,0.0,,,,,,,,,,,,,,,,,,,,,""
7023511173,"Apr 21, 2022, 4:26:24 PM",Evening Run,Run,,2454,8.34,,,,,,activities/7475481683.fit.gz,,,2454.0,2409.0,8348.0,5.2,3.465,42.0,34.0,151.4,193.6,48.0,0.2,,,97.0,90.0,,,,,598.0,,,,,,,,,,,,,,,,0.0,,1.0,8572.1,,,,,,,,,,,,,,,,7337777.0,,,,,,,,,,0.0,3.402,7765.0,,,,,,,,,,,,,,,,,,,,,""
7007923538,"Apr 19, 2022, 3:36:04 PM",Evening Run,Run,1 x 30Min @ 15.4 km/h   3'50 min/km / 1Min 30s ;,3771,13.28,,,,,,activities/7458652754.fit.gz,,,3771.0,3718.0,13284.0,5.4,3.573,166.8,110.0,110.9,206.8,16.0,0.0,,,93.0,89.0,,,,,957.0,,,,,,,,,,,,,,0.0,,0.0,,1.0,13574.1,,,,,,,,,,,,,,,,7337777.0,,,,,,,,,,0.0,3.523,0.0,,,,,,,,,,,,,,,,,,,,,""
7002930835,"Apr 18, 2022, 3:17:31 PM",Evening Run,Run,10 x  200m @ 17.5 km/h   3'25 min/km / 59s ;4 x  0.5km @ 16.4 km/h   3'39 min/km / 1Min 30s ;,4596,11.68,,,,,,activities/7453213926.fit.gz,,,4596.0,4373.0,11686.0,6.6,2.672,307.7,298.0,210.0,433.6,46.7,0.1,,,110.0,86.0,,,,,808.0,,,,,,,,,,,,,,,,0.0,,1.0,13173.5,,,,,,,,,,,,,,,,7337777.0,,,,,,,,,,0.0,2.543,9868.0,,,,,,,,,,,,,,,,,,,,,""
6997898936,"Apr 17, 2022, 4:08:05 PM",Evening Activity,Weight Training,3 x 50s / 40s ;3 x 50s / 40s ;3 x 50s / 40s ;3 x 1Min / 50s ;3 x 1Min 30s / 50s ;3 x 1Min 30s / 50s ;,3809,0,,,,,,activities/7447707913.fit.gz,,,3809.0,3809.0,0.0,0.0,0.0,0.0,0.0,57.4,57.4,0.0,0.0,,,,,,,,,70.0,,,,,,,,,,,,,,0.0,,0.0,,1.0,,,,,,,,,,,,,,,,,,,,,,,,,,,0.0,0.0,0.0,,,,,,,,,,,,,,,,,,,,,""
6992112785,"Apr 16, 2022, 1:58:14 PM",Afternoon Activity,Stand Up Paddling,,5313,4.49,,,,,,activities/7441382482.fit.gz,,,5313.0,4036.0,4494.0,2.2,1.113,0.0,0.0,-0.2,11.2,30.0,0.0,,,113.0,43.0,,,,,98.0,,,,,,,,,,,,,,,,0.0,,1.0,,,,,,,,,,,,,,,,,,,,,,,,,,,0.0,0.846,0.0,,,,,,,,,,,,,,,,,,,,,""
6992110474,"Apr 16, 2022, 1:12:41 PM",Afternoon Swim,Swim,,2392,"1,377",,,,,,activities/7441380056.fit.gz,,,2392.0,1993.0,1377.0,2.533,0.691,0.0,0.0,-5.6,9.0,38.6,0.5,,,,,,,,,328.0,,,,,,,,,,,,,,0.0,,0.0,,1.0,,,,,,,,,,,,,,,,,,,,,,,,,,,0.0,0.576,0.0,,,,,,,,,,,,,,,,,,,,,media/91b41d51-54cd-4599-8268-6fa0ed6a1973.jpg
6986754273,"Apr 15, 2022, 2:50:45 PM",Afternoon Run,Run,,6473,18.47,,,,,,activities/7435559788.fit.gz,,,6473.0,6445.0,18469.0,5.4,2.866,865.5,719.0,180.9,435.6,49.1,0.0,,,108.0,88.0,,,,,1312.0,,,,,,,,,,,,,,,,0.0,,1.0,23218.9,,,,,,,,,,,,,,,,7337777.0,,,,,,,,,,0.0,2.853,13198.5,,,,,,,,,,,,,,,,,,,,,""
6986749864,"Apr 14, 2022, 3:14:02 PM",Evening Activity,Workout,,945,0,,,,,,activities/7435555279.fit.gz,,,945.0,945.0,0.0,0.0,0.0,0.0,,,,0.0,0.0,,,,,,,,,17.0,,,,,,,,,,,,,,,,0.0,,1.0,,,,,,,,,,,,,,,,,,,,,,,,,,,0.0,0.0,0.0,,,,,,,,,,,,,,,,,,,,,""
6986749835,"Apr 14, 2022, 2:17:51 PM",Afternoon Run,Run,,2664,6.25,,,,,,activities/7435555153.fit.gz,,,2664.0,2643.0,6253.0,4.0,2.366,210.0,144.0,178.6,366.2,48.3,0.8,,,92.0,85.0,,,,,461.0,,,,,,,,,,,,,,,,0.0,,1.0,7013.2,,,,,,,,,,,,,,,,7337777.0,,,,,,,,,,0.0,2.347,4093.0,,,,,,,,,,,,,,,,,,,,,""
6978863824,"Apr 13, 2022, 3:37:20 PM",Evening Run,Run,,3889,14.77,,,,,,activities/7427023084.fit.gz,,,3889.0,3856.0,14770.0,6.0,3.83,362.0,337.0,85.0,433.0,15.6,0.0,,,104.0,94.0,,,,,1064.0,,,,,,,,,,,,,,,,0.0,,1.0,15634.8,,,,,,,,,,,,,,,,7337777.0,,,,,,,,,,0.0,3.798,6410.0,,,,,,,,,,,,,,,,,,,,,""
6973614001,"Apr 11, 2022, 3:36:25 PM",Evening Run,Run,,2802,7.45,,,,,,activities/7421341437.fit.gz,,,2802.0,2777.0,7451.0,4.2,2.683,451.0,164.0,-26.6,359.6,49.2,3.2,,,91.0,87.0,,,,,543.0,,,,,,,,,,,,,,,,0.0,,1.0,8944.8,,,,,,,,,,,,,,,,7337777.0,,,,,,,,,,0.0,2.659,5339.0,,,,,,,,,,,,,,,,,,,,,""
6961092671,"Apr 10, 2022, 4:36:14 PM",Evening Swim,Swim,,1200,0,,,,,,activities/7407761478.fit.gz,,,1200.0,1200.0,0.0,0.0,0.0,0.0,,,,0.0,0.0,,,,,,,,,113.0,,,,,,,,,,,,,,,,0.0,,1.0,,,,,,,,,,,,,,,,,,,,,,,,,,,0.0,0.0,0.0,,,,,,,,,,,,,,,,,,,,,""
6961077707,"Apr 10, 2022, 10:01:02 AM",Afternoon Run,Run,,4363,12.87,,,,,,activities/7407744956.fit.gz,,,4363.0,4360.0,12878.0,6.8,2.954,610.6,581.0,246.9,837.9,48.9,0.0,,,117.0,88.0,,,,,891.0,,,,,,,,,,,,,,,,0.0,,1.0,16106.8,,,,,,,,,,,,,,,,7337777.0,,,,,,,,,,0.0,2.952,12420.0,,,,,,,,,,,,,,,,,,,,,""
6961074975,"Apr 9, 2022, 11:29:06 AM",Afternoon Run,Run,,6326,11.16,,,,,,activities/7407741881.fit.gz,,,6326.0,5515.0,11161.0,4.4,2.024,732.8,697.0,498.1,1154.4,49.5,0.0,,,111.0,81.0,,,,,736.0,,,,,,,,,,,,,,,,0.0,,1.0,16268.8,,,,,,,,,,,,,,,,7337777.0,,,,,,,,,,0.0,1.764,10939.0,,,,,,,,,,,,,,,,,,,,,""
6961086354,"Apr 9, 2022, 7:34:58 AM",Morning Ride,Ride,,3600,0,,,,,,activities/7407754608.fit.gz,,15.5,3600.0,3600.0,0.0,0.0,0.0,0.0,,,,0.0,0.0,,,,,,,,,310.0,,,,,,,,,,,,,,,,0.0,,1.0,,,,,,,,,,,,,,,,,,,,,,,,,,,0.0,0.0,0.0,,,,,,,,,,,,,,,,,,,,,""
6961070702,"Apr 8, 2022, 4:35:40 PM",Evening Run,Run,,2667,8.74,,,,,,activities/7407737477.fit.gz,,,2667.0,2622.0,8741.0,5.0,3.334,238.0,233.0,213.0,447.2,25.0,0.0,,,93.0,89.0,,,,,642.0,,,,,,,,,,,,,,,,0.0,,1.0,9371.7,,,,,,,,,,,,,,,,7337777.0,,,,,,,,,,0.0,3.277,7292.0,,,,,,,,,,,,,,,,,,,,,""
6961069276,"Apr 7, 2022, 3:18:34 PM",Evening Run,Run,,3766,8.98,,,,,,activities/7407735878.fit.gz,,,3766.0,3630.0,8982.0,4.0,2.474,337.5,285.0,209.6,448.7,47.3,0.1,,,98.0,85.0,,,,,667.0,,,,,,,,,,,,,,,,0.0,,1.0,10428.2,,,,,,,,,,,,,,,,7337777.0,,,,,,,,,,0.0,2.385,6611.0,,,,,,,,,,,,,,,,,,,,,""
6935945975,"Apr 5, 2022, 3:14:37 PM",Evening Ride,Ride,"",4848,19.30,,,,,CYCL⚙️PATH  ,activities/7380609060.fit.gz,,15.5,4848.0,4582.0,19305.0,13.8,4.213,254.1,207.0,86.5,215.3,48.6,0.0,,,,,,,,169.0,89.0,,,,,,,,,,,,,,0.0,,0.0,,1.0,,,,,,,,,,,,,,,,11507033.0,,,,,,,,,,,0.0,3.982,8555.0,,,,,,,,,,,,,,,,,,,,,""
6930956361,"Apr 4, 2022, 4:11:49 PM",Evening Ride,Ride,"",2843,8.86,,,,,CYCL⚙️PATH  ,activities/7375251713.fit.gz,,15.5,2843.0,2599.0,8868.0,13.6,3.412,262.9,259.0,208.4,449.9,40.0,0.0,,,,,,,,151.0,52.0,,,,,,,,,,,,,,0.0,,0.0,,1.0,,,,,,,,,,,,,,,,11507033.0,,,,,,,,,,,0.0,3.119,7311.0,,,,,,,,,,,,,,,,,,,,,""
6926589701,"Apr 3, 2022, 7:07:19 AM",Morning Run,Run,,7872,21.91,,,,,,activities/7370474106.fit.gz,,,7872.0,7622.0,21913.0,5.8,2.875,1082.7,851.0,182.8,402.1,49.1,0.0,,,135.0,87.0,,,,,1531.0,,,,,,,,,,,,,,,,0.0,,1.0,28258.4,,,,,,,,,,,,,,,,7337777.0,,,,,,,,,,0.0,2.784,15352.0,,,,,,,,,,,,,,,,,,,,,""
6920428461,"Apr 2, 2022, 2:04:15 PM",Afternoon Run,Run,,1223,2.42,,,,,,activities/7363755691.fit.gz,,,1223.0,1205.0,2428.0,4.4,2.015,23.0,12.0,207.6,231.0,30.0,0.0,,,98.0,82.0,,,,,159.0,,,,,,,,,,,,,,,,0.0,,1.0,2549.5,,,,,,,,,,,,,,,,7337777.0,,,,,,,,,,0.0,1.985,763.0,,,,,,,,,,,,,,,,,,,,,""
6915999471,"Apr 1, 2022, 2:32:45 PM",Afternoon Run,Run,,2833,6.65,,,,,,activities/7358959982.fit.gz,,,2833.0,2643.0,6654.0,6.0,2.518,188.6,234.0,208.4,365.1,48.3,0.0,,,106.0,85.0,,,,,506.0,,,,,,,,,,,,,,,,0.0,,1.0,7328.1,,,,,,,,,,,,,,,,7337777.0,,,,,,,,,,0.0,2.349,4558.0,,,,,,,,,,,,,,,,,,,,,""
6911520606,"Mar 31, 2022, 2:10:55 PM",Afternoon Run,Run,,1741,6.13,,,,,,activities/7354111318.fit.gz,,,1741.0,1734.0,6130.0,5.2,3.535,0.0,0.0,118.6,124.4,5.0,0.1,,,93.0,90.0,,,,,439.0,,,,,,,,,,,,,,,,0.0,,1.0,6159.1,,,,,,,,,,,,,,,,7337777.0,,,,,,,,,,0.0,3.521,0.0,,,,,,,,,,,,,,,,,,,,,""
6910103621,"Mar 30, 2022, 4:08:36 PM",Evening Run,Run,,2725,7.00,,,,,,activities/7352568692.fit.gz,,,2725.0,2701.0,7006.0,4.2,2.594,189.6,151.0,210.2,368.9,39.2,0.3,,,100.0,85.0,,,,,505.0,,,,,,,,,,,,,,,,0.0,,1.0,7605.4,,,,,,,,,,,,,,,,7337777.0,,,,,,,,,,0.0,2.571,6358.0,,,,,,,,,,,,,,,,,,,,,""
6910103020,"Mar 29, 2022, 2:37:03 PM",Afternoon Run,Run,,4059,11.24,,,,,,activities/7352568054.fit.gz,,,4059.0,3930.0,11240.0,5.8,2.86,255.1,220.0,215.9,368.9,48.9,-0.2,,,115.0,87.0,,,,,797.0,,,,,,,,,,,,,,,,0.0,,1.0,12350.3,,,,,,,,,,,,,,,,7337777.0,,,,,,,,,,0.0,2.769,10577.0,,,,,,,,,,,,,,,,,,,,,""
6910102032,"Mar 28, 2022, 2:39:49 PM",Afternoon Run,Run,,3674,8.96,,,,,,activities/7352566943.fit.gz,,,3674.0,3645.0,8964.0,4.0,2.459,245.5,309.0,209.0,368.9,30.0,0.0,,,105.0,84.0,,,,,648.0,,,,,,,,,,,,,,,,0.0,,1.0,9970.6,,,,,,,,,,,,,,,,7337777.0,,,,,,,,,,0.0,2.44,7735.5,,,,,,,,,,,,,,,,,,,,,""
6892121819,"Mar 27, 2022, 8:53:30 AM",Lunch Ride,Ride,"",17756,80.81,,,,,CYCL⚙️PATH  ,activities/7332957797.fit.gz,,15.5,17756.0,14331.0,80816.0,13.2,5.639,638.8,651.0,0.1,208.9,49.9,0.0,,,,,,,,188.0,326.0,,,,,,,,,,,,,,0.0,,0.0,,1.0,,,,,,,,,,,,,,,,11507033.0,,,,,,,,,,,0.0,4.551,0.0,,,,,,,,,,,,,,,,,,,,,""
6885026757,"Mar 26, 2022, 10:32:15 AM",Lunch Run,Run,,7184,19.62,,,,,,activities/7325226644.fit.gz,,,7184.0,6979.0,19627.0,5.6,2.812,723.1,676.0,492.5,1157.7,49.1,0.0,,,114.0,83.0,,,,,1379.0,,,,,,,,,,,,,,,,0.0,,1.0,22917.8,,,,,,,,,,,,,,,,7337777.0,,,,,,,,,,0.0,2.732,5583.0,,,,,,,,,,,,,,,,,,,,,""
6876241594,"Mar 24, 2022, 3:29:47 PM",Afternoon Run,Run,,5322,19.29,,,,,,activities/7315704780.fit.gz,,,5322.0,5163.0,19297.0,6.4,3.738,473.3,428.0,207.6,449.9,40.0,-0.1,,,179.0,93.0,,,,,1391.0,,,,,,,,,,,,,,,,0.0,,1.0,20357.1,,,,,,,,,,,,,,,,7337777.0,,,,,,,,,,0.0,3.626,18519.0,,,,,,,,,,,,,,,,,,,,,""
6876237021,"Mar 23, 2022, 3:44:13 PM",Afternoon Run,Run,,3731,9.99,,,,,,activities/7315699942.fit.gz,,,3731.0,3729.0,9996.0,5.0,2.681,267.0,262.0,215.2,431.2,42.5,0.1,,,121.0,88.0,,,,,745.0,,,,,,,,,,,,,,,,0.0,,1.0,11045.8,,,,,,,,,,,,,,,,7337777.0,,,,,,,,,,0.0,2.679,8677.4,,,,,,,,,,,,,,,,,,,,,""
6865539573,"Mar 22, 2022, 4:44:52 PM",Evening Run,Run,,3533,12.06,,,,,,activities/7304194434.fit.gz,,,3533.0,3519.0,12068.0,5.6,3.429,114.4,29.0,110.4,119.9,28.9,0.0,,,116.0,90.0,,,,,864.0,,,,,,,,,,,,,,,,0.0,,1.0,12222.3,,,,,,,,,,,,,,,,7337777.0,,,,,,,,,,0.0,3.416,0.0,,,,,,,,,,,,,,,,,,,,,""
6859610885,"Mar 21, 2022, 3:23:08 PM",Afternoon Run,Run,,3602,9.60,,,,,,activities/7297824479.fit.gz,,,3602.0,3542.0,9606.0,5.4,2.712,463.0,471.0,198.4,463.8,50.0,-0.1,,,120.0,87.0,,,,,676.0,,,,,,,,,,,,,,,,0.0,,1.0,12018.7,,,,,,,,,,,,,,,,7337777.0,,,,,,,,,,0.0,2.667,7276.5,,,,,,,,,,,,,,,,,,,,,""
6849353773,"Mar 19, 2022, 2:54:35 PM",Afternoon Run,Run,,5231,17.52,,,,,,activities/7286623745.fit.gz,,,5231.0,5099.0,17526.0,5.4,3.437,362.7,286.0,143.9,368.9,33.3,-0.1,,,93.0,89.0,,,,,1279.0,,,,,,,,,,,,,,,,0.0,,1.0,18282.1,,,,,,,,,,,,,,,,7337777.0,,,,,,,,,,0.0,3.35,7130.0,,,,,,,,,,,,,,,,,,,,,""
6843430722,"Mar 18, 2022, 2:03:03 PM",Afternoon Run,Run,,5418,16.36,,,,,,activities/7280244606.fit.gz,,,5418.0,5331.0,16364.0,5.6,3.07,443.2,371.0,182.8,435.5,46.7,0.0,,,113.0,91.0,,,,,1166.0,,,,,,,,,,,,,,,,0.0,,1.0,18872.9,,,,,,,,,,,,,,,,7337777.0,,,,,,,,,,0.0,3.02,13760.0,,,,,,,,,,,,,,,,,,,,,""
6828665294,"Mar 15, 2022, 4:01:56 PM",Evening Run,Run,,4075,14.29,,,,,,activities/7264413761.fit.gz,,,4075.0,4051.0,14291.0,6.4,3.528,457.9,389.0,149.0,240.6,49.2,0.0,,,103.0,91.0,,,,,1036.0,,,,,,,,,,,,,,,,0.0,,1.0,15472.8,,,,,,,,,,,,,,,,7337777.0,,,,,,,,,,0.0,3.507,113.0,,,,,,,,,,,,,,,,,,,,,""
6823121647,"Mar 14, 2022, 3:13:22 PM",Afternoon Run,Run,,2381,9.84,,,,,,activities/7258466991.fit.gz,,,2381.0,2381.0,9842.0,7.4,4.134,230.0,219.0,209.0,449.9,15.6,-0.3,,,101.0,93.0,,,,,703.0,,,,,,,,,,,,,,,,0.0,,1.0,10302.7,,,,,,,,,,,,,,,,7337777.0,,,,,,,,,,0.0,4.134,9418.0,,,,,,,,,,,,,,,,,,,,,""
6816912746,"Mar 13, 2022, 9:17:41 AM",Lunch Run,Run,,8424,21.93,,,,,,activities/7251714560.fit.gz,,,8424.0,7476.0,21931.0,5.0,2.934,457.3,392.0,207.6,411.1,48.6,0.0,,,177.0,92.0,,,,,1708.0,,,,,,,,,,,,,,,,0.0,,1.0,22913.5,,,,,,,,,,,,,,,,7337777.0,,,,,,,,,,0.0,2.603,20618.0,,,,,,,,,,,,,,,,,,,,,""
6811426615,"Mar 12, 2022, 10:06:57 AM",Lunch Run,Run,,4014,15.07,,,,,,activities/7245769809.fit.gz,,,4014.0,3945.0,15072.0,5.4,3.821,7.0,0.0,242.2,255.2,46.7,0.1,,,96.0,93.0,,,,,1087.0,,,,,,,,,,,,,,,,0.0,,1.0,15254.8,,,,,,,,,,,,,,,,7337777.0,,,,,,,,,,0.0,3.755,0.0,,,,,,,,,,,,,,,,,,,,,""
6808048543,"Mar 11, 2022, 2:31:52 PM",Afternoon Run,Run,,7818,14.58,,,,,,activities/7242131541.fit.gz,,,7818.0,7521.0,14581.0,4.4,1.939,1332.8,1208.0,215.9,435.0,48.9,0.3,,,120.0,84.0,,,,,942.0,,,,,,,,,,,,,,,,0.0,,1.0,23930.9,,,,,,,,,,,,,,,,7337777.0,,,,,,,,,,0.0,1.865,3032.0,,,,,,,,,,,,,,,,,,,,,""
6803171384,"Mar 10, 2022, 3:47:56 PM",Afternoon Run,Run,,3133,11.02,,,,,,activities/7236884198.fit.gz,,,3133.0,3133.0,11026.0,5.4,3.519,320.6,298.0,188.2,368.9,31.4,-0.2,,,115.0,92.0,,,,,789.0,,,,,,,,,,,,,,,,0.0,,1.0,12231.9,,,,,,,,,,,,,,,,7337777.0,,,,,,,,,,0.0,3.519,8879.0,,,,,,,,,,,,,,,,,,,,,""
6788489442,"Mar 7, 2022, 11:30:04 AM",Afternoon Run,Run,,11452,13.97,,,,,,activities/7221078188.fit.gz,,,11452.0,11413.0,13969.0,4.6,1.224,1068.1,1024.0,-0.5,1022.3,49.9,0.0,,,128.0,77.0,,,,,1005.0,,,,,,,,,,,,,,0.0,,0.0,,1.0,20747.8,,,,,,,,,,,,,,,,7337777.0,,,,,,,,,,0.0,1.22,5492.0,,,,,,,,,,,,,,,,,,,,,media/76b1a0bc-06a6-4821-b4e6-161b01e918bd.jpg|media/e22b465e-36e3-40c3-b560-c1ea6b3c76df.jpg
6783001251,"Mar 6, 2022, 11:49:11 AM",Afternoon Run,Run,,8174,11.28,,,,,,activities/7215118846.fit.gz,,,8174.0,8109.0,11282.0,3.4,1.391,315.0,317.0,153.2,349.2,49.3,0.1,,,120.0,77.0,,,,,848.0,,,,,,,,,,,,,,,,0.0,,1.0,12445.9,,,,,,,,,,,,,,,,7337777.0,,,,,,,,,,0.0,1.38,9577.0,,,,,,,,,,,,,,,,,,,,,""
6776429065,"Mar 5, 2022, 11:19:43 AM",Afternoon Run,Run,,8143,22.10,,,,,,activities/7208004278.fit.gz,,,8143.0,7986.0,22099.0,5.0,2.767,1084.9,871.0,182.0,402.1,49.1,0.0,,,135.0,86.0,,,,,1538.0,,,,,,,,,,,,,,,,0.0,,1.0,28601.8,,,,,,,,,,,,,,,,7337777.0,,,,,,,,,,0.0,2.714,15379.5,,,,,,,,,,,,,,,,,,,,,""
6772035432,"Mar 4, 2022, 2:58:35 PM",Afternoon Ride,Ride,"",4218,20.93,,,,,CYCL⚙️PATH  ,activities/7203264378.fit.gz,,15.5,4218.0,3938.0,20935.0,17.8,5.316,546.0,531.0,192.2,275.6,45.0,0.1,,,,,,,,267.0,79.0,,,,,,,,,,,,,,0.0,,0.0,,1.0,,,,,,,,,,,,,,,,11507033.0,,,,,,,,,,,0.0,4.963,48.0,,,,,,,,,,,,,,,,,,,,,""
6767296907,"Mar 3, 2022, 3:32:06 PM",Afternoon Run,Run,,3911,13.19,,,,,,activities/7198169903.fit.gz,,,3911.0,3821.0,13197.0,6.6,3.454,288.0,262.0,208.2,368.9,48.9,-0.1,,,120.0,89.0,,,,,945.0,,,,,,,,,,,,,,,,0.0,,1.0,14232.5,,,,,,,,,,,,,,,,7337777.0,,,,,,,,,,0.0,3.374,12017.0,,,,,,,,,,,,,,,,,,,,,""
6762084878,"Mar 2, 2022, 3:20:14 PM",Afternoon Run,Run,,3680,7.75,,,,,,activities/7192578460.fit.gz,,,3680.0,3601.0,7750.0,4.2,2.152,618.1,556.0,215.9,448.7,49.1,0.3,,,114.0,85.0,,,,,524.0,,,,,,,,,,,,,,,,0.0,,1.0,11891.7,,,,,,,,,,,,,,,,7337777.0,,,,,,,,,,0.0,2.106,4593.0,,,,,,,,,,,,,,,,,,,,,""
6757087748,"Mar 1, 2022, 3:36:19 PM",Afternoon Run,Run,,4342,15.70,,,,,,activities/7187204889.fit.gz,,,4342.0,4139.0,15708.0,7.0,3.795,198.9,91.0,110.9,197.4,25.0,0.0,,,95.0,91.0,,,,,1127.0,,,,,,,,,,,,,,,,0.0,,1.0,16080.1,,,,,,,,,,,,,,,,7337777.0,,,,,,,,,,0.0,3.618,0.0,,,,,,,,,,,,,,,,,,,,,""
6752155858,"Feb 28, 2022, 3:39:42 PM",Afternoon Run,Run,,3236,9.98,,,,,,activities/7181879518.fit.gz,,,3236.0,3155.0,9987.0,5.8,3.165,325.9,267.0,186.9,359.4,43.1,0.1,,,101.0,88.0,,,,,713.0,,,,,,,,,,,,,,,,0.0,,1.0,11037.3,,,,,,,,,,,,,,,,7337777.0,,,,,,,,,,0.0,3.086,7894.0,,,,,,,,,,,,,,,,,,,,,""
6745415549,"Feb 27, 2022, 10:07:42 AM",Lunch Run,Run,,4769,12.44,,,,,,activities/7174527865.fit.gz,,,4769.0,4614.0,12445.0,5.0,2.697,673.6,575.0,208.4,409.9,48.6,0.0,,,105.0,84.0,,,,,856.0,,,,,,,,,,,,,,,,0.0,,1.0,15938.4,,,,,,,,,,,,,,,,7337777.0,,,,,,,,,,0.0,2.61,10896.0,,,,,,,,,,,,,,,,,,,,,""
6740338614,"Feb 26, 2022, 9:35:14 AM",Lunch Ride,Ride,"",9468,53.51,,,,,CYCL⚙️PATH  ,activities/7169023172.fit.gz,,15.5,9468.0,9123.0,53510.0,18.4,5.865,1108.5,1024.0,142.2,1010.7,45.0,0.0,,,,,,,,228.0,174.0,,,,,,,,,,,,,,0.0,,0.0,,1.0,,,,,,,,,,,,,,,,11507033.0,,,,,,,,,,,0.0,5.652,286.0,,,,,,,,,,,,,,,,,,,,,""
6732020682,"Feb 24, 2022, 3:23:55 PM",Afternoon Run,Run,,4260,12.84,,,,,,activities/7160075978.fit.gz,,,4260.0,4188.0,12845.0,5.0,3.067,327.2,262.0,212.3,344.0,32.5,0.0,,,102.0,88.0,,,,,929.0,,,,,,,,,,,,,,,,0.0,,1.0,14095.4,,,,,,,,,,,,,,,,7337777.0,,,,,,,,,,0.0,3.015,5612.0,,,,,,,,,,,,,,,,,,,,,""
6727065359,"Feb 23, 2022, 3:17:16 PM",Afternoon Run,Run,,3548,7.21,,,,,,activities/7154737114.fit.gz,,,3548.0,3526.0,7217.0,4.4,2.047,515.3,429.0,217.2,449.4,49.1,0.1,,,113.0,84.0,,,,,486.0,,,,,,,,,,,,,,,,0.0,,1.0,10788.8,,,,,,,,,,,,,,,,7337777.0,,,,,,,,,,0.0,2.034,3852.0,,,,,,,,,,,,,,,,,,,,,""
6721566851,"Feb 22, 2022, 2:34:40 PM",Afternoon Run,Run,,4020,12.89,,,,,,activities/7148819274.fit.gz,,,4020.0,3970.0,12898.0,6.0,3.249,481.8,429.0,208.9,449.5,49.1,-0.1,,,177.0,89.0,,,,,923.0,,,,,,,,,,,,,,,,0.0,,1.0,14968.9,,,,,,,,,,,,,,,,7337777.0,,,,,,,,,,0.0,3.208,9597.0,,,,,,,,,,,,,,,,,,,,,""
6720135863,"Feb 21, 2022, 3:12:34 PM",Afternoon Ride,Ride,"",5246,31.79,,,,"",CYCL⚙️PATH  ,activities/7147283507.fit.gz,,15.5,5246.0,5213.0,31792.0,15.0,6.099,570.4,462.0,85.6,410.9,13.9,-0.1,,,,,,,,228.0,96.0,,,,,,,,,,,,,,0.0,,0.0,,1.0,,,,,,,,,,,,,,,,11507033.0,,,,,,,,,,,0.0,6.06,13729.0,,,,,,,,,,,,,,,,,,,,,""
6405817115,"Dec 19, 2021, 8:17:59 AM",Morning Run,Run,,6552,22.52,,,,,,activities/6809921149.fit.gz,,,6552.0,6457.0,22526.0,7.2,3.489,761.4,695.0,379.4,1061.9,44.4,0.0,,,92.0,86.0,,,,,1635.0,,,,,,,,,,,,,,,,0.0,,1.0,25109.5,,,,,,,,,,,,,,,,7337777.0,,,,,,,,,,0.0,3.438,0.0,,,,,,,,,,,,,,,,,,,,,""
6169847659,"Oct 26, 2021, 2:51:23 PM",Afternoon Run,Run,,5928,17.16,,,,,,activities/6556639446.fit.gz,,,5928.0,5797.0,17160.0,8.0,2.96,234.0,278.0,184.6,448.2,48.9,-0.5,,,181.0,86.0,,,,,1234.0,,,,,,,,,,,,,,,,0.0,,1.0,18253.0,,,,,,,,,,,,,,,,7337777.0,,,,,,,,,,0.0,2.895,9543.0,,,,,,,,,,,,,,,,,,,,,""
6163126845,"Oct 24, 2021, 7:37:23 AM",Morning Run,Run,,9366,14.38,,,,,,activities/6549509875.fit.gz,,,9366.0,7690.0,14384.0,6.0,1.87,952.6,869.0,496.4,1343.8,49.9,0.0,,,109.0,71.0,,,,,940.0,,,,,,,,,,,,,,,,0.0,,1.0,20960.6,,,,,,,,,,,,,,,,7337777.0,,,,,,,,,,0.0,1.536,13143.0,,,,,,,,,,,,,,,,,,,,,""
6154395621,"Oct 23, 2021, 11:37:28 AM",Afternoon Swim,Swim,,3408,"2,280",,,,,,activities/6540178983.fit.gz,,,3408.0,3329.0,2280.0,3.5,0.685,0.0,0.0,-2.2,9.0,46.0,-0.1,,,,,,,,,545.0,,,,,,,,,,,,,,,,0.0,,1.0,,,,,,,,,,,,,,,,,,,,,,,,,,,0.0,0.669,0.0,,,,,,,,,,,,,,,,,,,,,""
6151548416,"Oct 22, 2021, 4:36:58 PM",Evening Ride,Ride,"Underground R. κυνηγώντας σχιζοφρενεις      απιαστους α(θ)λητες φιξάδες single speed.. ride or die. 🔥
Recovery - μπυρες σε λίτρα




",8108,24.34,,,,,CYCL⚙️PATH  ,activities/6537153531.fit.gz,,15.5,8108.0,3608.0,24340.0,14.0,6.746,181.6,227.0,45.7,208.0,49.1,-0.6,,,,,,,,245.0,149.0,,,,,,,,,,,,,,0.0,,0.0,,1.0,,,,,,,,,,,,,,,,11507033.0,,,,,,,,,,,0.0,3.002,0.0,,,,,,,,,,,,,,,,,,,,,media/f5a16a61-61d2-481c-8228-a234ee60251a.jpg|media/1b2debdf-3204-4588-804c-12f33054e563.jpg|media/e7a71f49-e0df-4469-8e17-ecaac845a833.jpg
6150381775,"Oct 22, 2021, 2:09:08 PM",Afternoon Run,Run,,4255,14.95,,,,,,activities/6535918341.fit.gz,,,4255.0,4115.0,14950.0,6.4,3.633,368.6,284.0,208.4,449.5,25.7,0.0,,,98.0,88.0,,,,,1084.0,,,,,,,,,,,,,,,,0.0,,1.0,15946.9,,,,,,,,,,,,,,,,7337777.0,,,,,,,,,,0.0,3.514,13038.0,,,,,,,,,,,,,,,,,,,,,""
6146163560,"Oct 21, 2021, 2:43:51 PM",Afternoon Run,Run,,4537,11.75,,,,,,activities/6531439307.fit.gz,,,4537.0,4388.0,11757.0,4.4,2.679,328.6,269.0,210.7,449.5,48.3,0.0,,,98.0,84.0,,,,,863.0,,,,,,,,,,,,,,,,0.0,,1.0,13076.5,,,,,,,,,,,,,,,,7337777.0,,,,,,,,,,0.0,2.591,11136.0,,,,,,,,,,,,,,,,,,,,,""
6139566908,"Oct 19, 2021, 2:36:27 PM",Afternoon Ride,Ride,"",4285,14.44,,,,,CYCL⚙️PATH  ,activities/6524459223.fit.gz,,15.5,4285.0,4118.0,14446.0,11.6,3.508,429.2,347.0,208.4,449.5,40.0,0.0,,,,,,,,152.0,79.0,,,,,,,,,,,,,,0.0,,0.0,,1.0,,,,,,,,,,,,,,,,11507033.0,,,,,,,,,,,0.0,3.371,12363.0,,,,,,,,,,,,,,,,,,,,,""
6131589474,"Oct 18, 2021, 2:09:41 PM",Afternoon Ride,Ride,"",2921,8.04,,,,,CYCL⚙️PATH  ,activities/6516049477.fit.gz,,15.5,2921.0,2921.0,8041.0,8.6,2.753,174.3,106.0,177.4,272.5,48.9,0.0,,,,,,,,141.0,53.0,,,,,,,,,,,,,,0.0,,0.0,,1.0,,,,,,,,,,,,,,,,11507033.0,,,,,,,,,,,0.0,2.753,5551.5,,,,,,,,,,,,,,,,,,,,,""
6125925479,"Oct 17, 2021, 6:46:13 AM",Morning Run,Run,Race,5859,16.70,,,,,,activities/6509995043.fit.gz,,,5859.0,5717.0,16699.0,6.8,2.921,909.9,762.0,332.0,843.4,48.6,-0.1,,,114.0,85.0,,,,,1149.0,,,,,,,,,,,,,,0.0,,0.0,,1.0,21853.2,,,,,,,,,,,,,,,,7337777.0,,,,,,,,,,0.0,2.85,14120.0,,,,,,,,,,,,,,,,,,,,,""
6121611248,"Oct 16, 2021, 2:11:26 PM",Afternoon Run,Run,,1648,3.80,,,,,,activities/6505400392.fit.gz,,,1648.0,1631.0,3799.0,7.0,2.329,14.0,21.0,202.6,236.0,20.0,-0.2,,,97.0,82.0,,,,,281.0,,,,,,,,,,,,,,,,0.0,,1.0,3868.7,,,,,,,,,,,,,,,,7337777.0,,,,,,,,,,0.0,2.305,3077.0,,,,,,,,,,,,,,,,,,,,,""
6117013767,"Oct 15, 2021, 3:15:48 PM",Evening Run,Run,,2138,5.38,,,,,,activities/6500529306.fit.gz,,,2138.0,2049.0,5381.0,6.0,2.626,141.0,164.0,208.6,367.6,46.7,-0.4,,,120.0,82.0,,,,,388.0,,,,,,,,,,,,,,,,0.0,,1.0,5813.6,,,,,,,,,,,,,,,,7337777.0,,,,,,,,,,0.0,2.517,3538.0,,,,,,,,,,,,,,,,,,,,,""
6107761711,"Oct 13, 2021, 3:08:17 PM",Evening Run,Run,,2525,6.43,,,,,,activities/6490763802.fit.gz,,,2525.0,2512.0,6431.0,7.0,2.56,80.0,70.0,198.6,242.2,45.5,-0.1,,,91.0,83.0,,,,,471.0,,,,,,,,,,,,,,,,0.0,,1.0,6725.3,,,,,,,,,,,,,,,,7337777.0,,,,,,,,,,0.0,2.547,5615.5,,,,,,,,,,,,,,,,,,,,,""
6102983555,"Oct 12, 2021, 2:39:33 PM",Afternoon Run,Run,,3850,9.06,,,,,,activities/6485720449.fit.gz,,,3850.0,3833.0,9060.0,5.0,2.364,240.0,240.0,225.0,446.4,45.0,-0.1,,,101.0,82.0,,,,,645.0,,,,,,,,,,,,,,,,0.0,,1.0,9949.0,,,,,,,,,,,,,,,,7337777.0,,,,,,,,,,0.0,2.353,7587.0,,,,,,,,,,,,,,,,,,,,,""
6097994978,"Oct 11, 2021, 3:28:15 PM",Evening Run,Run,,3410,11.32,,,,,,activities/6480461766.fit.gz,,,3410.0,3394.0,11326.0,6.8,3.337,0.0,7.0,207.8,221.4,10.9,-0.1,,,113.0,88.0,,,,,808.0,,,,,,,,,,,,,,,,0.0,,1.0,11370.7,,,,,,,,,,,,,,,,7337777.0,,,,,,,,,,0.0,3.321,10860.0,,,,,,,,,,,,,,,,,,,,,""
6097992896,"Oct 10, 2021, 6:45:21 AM",Morning Run,Run,,3491,9.64,,,,,,activities/6480459574.fit.gz,,,3491.0,3460.0,9643.0,8.2,2.787,64.0,35.0,191.8,241.8,40.0,0.3,,,96.0,86.0,,,,,701.0,,,,,,,,,,,,,,,,0.0,,1.0,9957.7,,,,,,,,,,,,,,,,7337777.0,,,,,,,,,,0.0,2.762,9037.0,,,,,,,,,,,,,,,,,,,,,""
6097991180,"Oct 9, 2021, 12:19:01 PM",Afternoon Run,Run,,6412,20.73,,,,,,activities/6480457730.fit.gz,,,6412.0,6335.0,20732.0,5.6,3.273,565.0,574.0,215.0,446.4,37.5,0.0,,,97.0,85.0,,,,,1491.0,,,,,,,,,,,,,,,,0.0,,1.0,22388.3,,,,,,,,,,,,,,,,7337777.0,,,,,,,,,,0.0,3.233,,,,,,,,,,,,,,,,,,,,,,""
6097986653,"Oct 8, 2021, 2:13:32 PM",Afternoon Run,Run,,3760,12.42,,,,,,activities/6480453184.fit.gz,,,3760.0,3673.0,12428.0,7.4,3.384,0.0,7.0,207.4,222.4,20.0,0.0,,,114.0,90.0,,,,,891.0,,,,,,,,,,,,,,,,0.0,,1.0,12501.7,,,,,,,,,,,,,,,,7337777.0,,,,,,,,,,0.0,3.305,11891.0,,,,,,,,,,,,,,,,,,,,,""
6097984233,"Oct 7, 2021, 2:27:21 PM",Afternoon Run,Run,,3601,9.55,,,,,,activities/6480450531.fit.gz,,,3601.0,3495.0,9558.0,7.0,2.735,35.0,49.0,200.6,243.6,40.0,0.1,,,94.0,82.0,,,,,692.0,,,,,,,,,,,,,,,,0.0,,1.0,9761.8,,,,,,,,,,,,,,,,7337777.0,,,,,,,,,,0.0,2.654,8461.0,,,,,,,,,,,,,,,,,,,,,""
6072913219,"Oct 6, 2021, 3:30:48 PM",Evening Run,Run,,2267,5.38,,,,,,activities/6453913047.fit.gz,,,2267.0,2221.0,5387.0,6.0,2.425,378.0,348.0,233.4,443.2,46.7,0.5,,,115.0,86.0,,,,,370.0,,,,,,,,,,,,,,,,0.0,,1.0,7684.2,,,,,,,,,,,,,,,,7337777.0,,,,,,,,,,0.0,2.376,,,,,,,,,,,,,,,,,,,,,,""
6067747165,"Oct 5, 2021, 3:01:11 PM",Evening Run,Run,,3903,11.38,,,,,,activities/6448456886.fit.gz,,,3903.0,3836.0,11383.0,7.0,2.967,176.0,184.0,178.0,250.0,46.0,-0.1,,,196.0,87.0,,,,,796.0,,,,,,,,,,,,,,,,0.0,,1.0,12088.9,,,,,,,,,,,,,,,,7337777.0,,,,,,,,,,0.0,2.916,3019.0,,,,,,,,,,,,,,,,,,,,,""
6058650301,"Oct 3, 2021, 2:29:22 PM",Afternoon Run,Run,Έκαναν το ποικίλο ίσωμα σήμερα οι ΜΤΒers μπράβο σε όλα τα εργαλεία...machines 🦿🚵🙌,5862,16.80,,,,,,activities/6438873550.fit.gz,,,5862.0,5648.0,16799.0,4.8,2.974,331.0,338.0,211.6,368.8,30.0,0.0,,,94.0,85.0,,,,,1216.0,,,,,,,,,,,,,,0.0,,0.0,,1.0,17751.5,,,,,,,,,,,,,,,,7337777.0,,,,,,,,,,0.0,2.866,13122.0,,,,,,,,,,,,,,,,,,,,,""
6051700306,"Oct 2, 2021, 8:52:34 AM",Lunch Run,Run,..μονοπάτια ερωτικά... γεμάτα κατρακύλες,4667,8.81,,,,,,activities/6431559587.fit.gz,,,4667.0,4518.0,8814.0,4.6,1.951,775.0,655.0,222.6,435.2,48.9,0.3,,,120.0,82.0,,,,,590.0,,,,,,,,,,,,,,0.0,,0.0,,1.0,14396.6,,,,,,,,,,,,,,,,7337777.0,,,,,,,,,,0.0,1.889,2673.0,,,,,,,,,,,,,,,,,,,,,""
6047873910,"Oct 1, 2021, 2:40:55 PM",Afternoon Run,Run,,3535,12.82,,,,,,activities/6427550091.fit.gz,,,3535.0,3357.0,12820.0,6.0,3.819,85.0,92.0,114.4,222.0,26.7,-0.1,,,105.0,88.0,,,,,918.0,,,,,,,,,,,,,,,,0.0,,1.0,13021.7,,,,,,,,,,,,,,,,7337777.0,,,,,,,,,,0.0,3.627,0.0,,,,,,,,,,,,,,,,,,,,,""
6043298022,"Sep 30, 2021, 2:39:24 PM",Afternoon Run,Run,Βουτιά ↓,4385,14.20,,,,,,activities/6422753061.fit.gz,,,4385.0,4312.0,14205.0,6.0,3.294,383.6,335.0,206.0,449.5,40.0,-0.1,,,110.0,88.0,,,,,1023.0,,,,,,,,,,,,,,0.0,,0.0,,1.0,16009.9,,,,,,,,,,,,,,,,7337777.0,,,,,,,,,,0.0,3.239,12781.0,,,,,,,,,,,,,,,,,,,,,""
6038201256,"Sep 29, 2021, 2:31:50 PM",Afternoon Run,Run,,2591,5.32,,,,,,activities/6417402972.fit.gz,,,2591.0,2559.0,5320.0,5.0,2.079,421.0,329.0,219.8,449.4,49.1,0.4,,,107.0,83.0,,,,,362.0,,,,,,,,,,,,,,,,0.0,,1.0,8228.6,,,,,,,,,,,,,,,,7337777.0,,,,,,,,,,0.0,2.053,,,,,,,,,,,,,,,,,,,,,,""
6033107819,"Sep 28, 2021, 2:25:22 PM",Afternoon Run,Run,Βούρδουλας,4575,13.68,,,,,,activities/6412075545.fit.gz,,,4575.0,4562.0,13682.0,6.8,2.999,0.0,0.0,212.2,225.6,34.3,0.1,,,189.0,89.0,,,,,959.0,,,,,,,,,,,,,,0.0,,0.0,,1.0,13800.1,,,,,,,,,,,,,,,,7337777.0,,,,,,,,,,0.0,2.991,13270.0,,,,,,,,,,,,,,,,,,,,,""
6028241144,"Sep 27, 2021, 4:02:20 PM",Evening Run,Run,,2795,6.85,,,,,,activities/6406990264.fit.gz,,,2795.0,2536.0,6851.0,5.4,2.701,14.0,14.0,209.6,234.6,44.0,0.0,,,157.0,83.0,,,,,497.0,,,,,,,,,,,,,,,,0.0,,1.0,6990.5,,,,,,,,,,,,,,,,7337777.0,,,,,,,,,,0.0,2.451,5515.5,,,,,,,,,,,,,,,,,,,,,""
6023656185,"Sep 26, 2021, 2:19:03 PM",Afternoon Run,Run,Defrag 🧠,6708,19.28,,,,,,activities/6402148977.fit.gz,,,6708.0,6485.0,19287.0,5.8,2.974,268.0,276.0,184.4,368.8,49.6,0.1,,,127.0,88.0,,,,,1410.0,,,,,,,,,,,,,,0.0,,0.0,,1.0,20108.0,,,,,,,,,,,,,,,,7337777.0,,,,,,,,,,0.0,2.875,17645.5,,,,,,,,,,,,,,,,,,,,,""
6017988040,"Sep 25, 2021, 2:08:05 PM",Afternoon Run,Run,Παρέα με Ελπίδα 💪 κ συνάντηση με αγρίμι         Σ.Χοζος  🔥🤜🤛,8665,16.35,,,,,,activities/6396180674.fit.gz,,,8665.0,8509.0,16350.0,6.2,1.921,889.9,822.0,240.2,449.4,49.1,0.0,,,126.0,79.0,,,,,1145.0,,,,,,,,,,,,,,0.0,,0.0,,1.0,21654.6,,,,,,,,,,,,,,,,7337777.0,,,,,,,,,,0.0,1.887,,,,,,,,,,,,,,,,,,,,,,""
6012141866,"Sep 24, 2021, 1:52:53 PM",Afternoon Ride,Ride,"",5433,30.84,,,,,CYCL⚙️PATH  ,activities/6390043156.fit.gz,,15.5,5433.0,4866.0,30847.0,15.0,6.339,567.5,402.0,89.2,410.9,33.3,-0.1,,,,,,,,244.0,100.0,,,,,,,,,,,,,,0.0,,0.0,,1.0,,,,,,,,,,,,,,,,11507033.0,,,,,,,,,,,0.0,5.678,13520.0,,,,,,,,,,,,,,,,,,,,,media/ffba375d-2afb-466e-b7ca-d782699e57d3.jpg
6006989638,"Sep 23, 2021, 2:30:19 PM",Afternoon Run,Run,,4284,12.34,,,,,,activities/6384638114.fit.gz,,,4284.0,4012.0,12343.0,6.0,3.077,7.0,14.0,216.2,231.2,12.5,0.0,,,103.0,88.0,,,,,908.0,,,,,,,,,,,,,,,,0.0,,1.0,12475.7,,,,,,,,,,,,,,,,7337777.0,,,,,,,,,,0.0,2.881,11777.0,,,,,,,,,,,,,,,,,,,,,""
6001981642,"Sep 22, 2021, 2:38:05 PM",Afternoon Run,Run,,5780,15.36,,,,,,activities/6379393990.fit.gz,,,5780.0,5640.0,15362.0,5.0,2.724,395.0,398.0,211.4,446.2,47.3,0.0,,,99.0,83.0,,,,,1104.0,,,,,,,,,,,,,,,,0.0,,1.0,16816.7,,,,,,,,,,,,,,,,7337777.0,,,,,,,,,,0.0,2.658,12773.0,,,,,,,,,,,,,,,,,,,,,""
5998215694,"Sep 21, 2021, 7:50:46 PM",Night Run,Run,"Ρομαντικά psy run 500αρια υπό το φως του φεγγαριού..παρέα με F1 Ρόμπο 🏎️

",5703,16.41,,,,,,activities/6375452782.fit.gz,,,5703.0,5640.0,16414.0,6.8,2.91,65.0,63.0,243.4,273.2,32.5,0.1,,,158.0,86.0,,,,,1174.0,,,,,,,,,,,,,,0.0,,0.0,,1.0,17046.9,,,,,,,,,,,,,,,,7337777.0,,,,,,,,,,0.0,2.878,,,,,,,,,,,,,,,,,,,,,,media/28b481b2-7bf4-482e-bd3e-3e5ff03ea995.jpg
5991357820,"Sep 20, 2021, 3:27:54 PM",Evening Run,Run,Beerovery,3320,8.03,,,,,,activities/6368289827.fit.gz,,,3320.0,3203.0,8037.0,4.8,2.509,211.0,241.0,221.8,452.4,45.7,-0.3,,,91.0,82.0,,,,,586.0,,,,,,,,,,,,,,0.0,,0.0,,1.0,8599.1,,,,,,,,,,,,,,,,7337777.0,,,,,,,,,,0.0,2.421,7046.0,,,,,,,,,,,,,,,,,,,,,""
5984993013,"Sep 19, 2021, 9:33:12 AM",Lunch Run,Run,"Solar ☀️🌡️ τρεξιματικη, ενεργειακής κλάσης F
",6953,20.28,,,,,,activities/6361572696.fit.gz,,,6953.0,6906.0,20279.0,6.4,2.936,761.7,696.0,491.5,1154.8,49.1,0.0,,,102.0,86.0,,,,,1414.0,,,,,,,,,,,,,,0.0,,0.0,,1.0,23685.5,,,,,,,,,,,,,,,,7337777.0,,,,,,,,,,0.0,2.917,,,,,,,,,,,,,,,,,,,,,,""
5980466242,"Sep 18, 2021, 12:39:26 PM",Afternoon Swim,Swim,Παρέα με αμφίβιο Chris 🏊,4070,"2,876",,,,,,activities/6356805119.fit.gz,,,4070.0,4004.0,2876.0,3.4,0.718,0.0,0.0,-11.6,18.2,49.5,-0.3,,,,,,,,,668.0,,,,,,,,,,,,,,0.0,,0.0,,1.0,,,,,,,,,,,,,,,,,,,,,,,,,,,0.0,0.707,,,,,,,,,,,,,,,,,,,,,,""
5975192873,"Sep 17, 2021, 2:19:04 PM",Afternoon Run,Run,Κ εκεί που όλα είναι φλατ κ βαρετά.. ξαφνικά έρχονται τα πάνω - κάτω!!,4758,14.42,,,,,,activities/6351280563.fit.gz,,,4758.0,4727.0,14427.0,5.8,3.052,396.0,374.0,244.6,450.4,47.3,0.1,,,118.0,89.0,,,,,1011.0,,,,,,,,,,,,,,0.0,,0.0,,1.0,16795.1,,,,,,,,,,,,,,,,7337777.0,,,,,,,,,,0.0,3.032,,,,,,,,,,,,,,,,,,,,,,""
5970356467,"Sep 16, 2021, 3:06:50 PM",Evening Ride,Ride,"Στης ζωής την ανηφόρα , βάλε πρώτη κ προχώρα.. -
άι ποιηταί συνεκφώνησαν 🥸

(εκτός αν είσαι single speed......)",4398,22.68,,,,,CYCL⚙️PATH  ,activities/6346211795.fit.gz,,15.5,4398.0,4204.0,22687.0,15.4,5.397,431.0,420.0,211.0,451.0,48.6,0.1,,,,,,,,209.0,81.0,,,,,,,,,,,,,,0.0,,0.0,,1.0,,,,,,,,,,,,,,,,11507033.0,,,,,,,,,,,0.0,5.158,20475.0,,,,,,,,,,,,,,,,,,,,,""
5964957070,"Sep 15, 2021, 1:54:40 PM",Afternoon Run,Run,Παρεα με βαρύ ονομα από τα χιλιόμετρα Κάρτσακα.... ( ο δεν νιώθω.),6963,17.97,,,,,,activities/6340589563.fit.gz,,,6963.0,6347.0,17977.0,5.4,2.832,404.0,413.0,229.6,444.8,49.1,0.0,,,118.0,83.0,,,,,1272.0,,,,,,,,,,,,,,0.0,,0.0,,1.0,20476.3,,,,,,,,,,,,,,,,7337777.0,,,,,,,,,,0.0,2.582,13186.0,,,,,,,,,,,,,,,,,,,,,""
5959390817,"Sep 14, 2021, 2:44:35 PM",Afternoon Run,Run,Αργαλειός,2938,8.48,,,,,,activities/6334761705.fit.gz,,,2938.0,2844.0,8488.0,8.2,2.985,7.0,21.0,208.2,236.2,40.0,-0.2,,,112.0,87.0,,,,,592.0,,,,,,,,,,,,,,0.0,,0.0,,1.0,8553.7,,,,,,,,,,,,,,,,7337777.0,,,,,,,,,,0.0,2.889,8272.0,,,,,,,,,,,,,,,,,,,,,""
5949478949,"Sep 12, 2021, 2:24:06 PM",Afternoon Run,Run,... O2 ,4805,18.90,,,,,,activities/6324357518.fit.gz,,,4805.0,4753.0,18903.0,6.0,3.977,452.4,391.0,211.8,449.5,20.0,-0.2,,,130.0,91.0,,,,,1356.0,,,,,,,,,,,,,,0.0,,0.0,,1.0,19853.8,,,,,,,,,,,,,,,,7337777.0,,,,,,,,,,0.0,3.934,18525.0,,,,,,,,,,,,,,,,,,,,,""
5948034837,"Sep 12, 2021, 8:28:19 AM",Lunch Ride,Ride,"κοινωνιολογικού ενδιαφέροντος κ χαρακτήρα κουτσομπόλing για τους ημιμαραθώνιοι κ όχι μόνο... κέντρο κλειστό, ομορφιές. ☕ 🚴",8655,27.84,,,,,CYCL⚙️PATH  ,activities/6322847695.fit.gz,,15.5,8655.0,5604.0,27846.0,11.8,4.969,292.2,240.0,45.3,211.8,48.9,0.0,,,,,,,,167.0,159.0,,,,,,,,,,,,,,0.0,,0.0,,1.0,,,,,,,,,,,,,,,,11507033.0,,,,,,,,,,,0.0,3.217,95.0,,,,,,,,,,,,,,,,,,,,,""
5942982574,"Sep 11, 2021, 2:03:44 PM",Afternoon Swim,Swim,..μια πρέζα αλάτι ακόμη 🌊,2989,"2,012",,,,,,activities/6317545799.fit.gz,,,2989.0,2925.0,2012.0,3.4,0.688,0.0,0.0,-8.4,6.6,46.3,-0.1,,,,,,,,,538.0,,,,,,,,,,,,,,0.0,,0.0,,1.0,,,,,,,,,,,,,,,,,,,,,,,,,,,0.0,0.673,,,,,,,,,,,,,,,,,,,,,,""
5937768067,"Sep 10, 2021, 3:16:22 PM",Evening Run,Run,_Χάμστερ ,2958,10.36,,,,,,activities/6312068216.fit.gz,,,2958.0,2864.0,10362.0,6.6,3.618,7.0,0.0,207.6,222.8,7.3,0.1,,,93.0,87.0,,,,,742.0,,,,,,,,,,,,,,0.0,,0.0,,1.0,10451.8,,,,,,,,,,,,,,,,7337777.0,,,,,,,,,,0.0,3.503,,,,,,,,,,,,,,,,,,,,,,""
5933176409,"Sep 9, 2021, 3:16:47 PM",Evening Run,Run,Απλά γιατί είχε φοβερό καιρό κ πορτοκαλί ουρανό...🌇,7590,17.52,,,,,,activities/6307270952.fit.gz,,,7590.0,7401.0,17520.0,5.8,2.367,783.0,679.0,152.1,449.5,49.5,-0.1,,,116.0,82.0,,,,,1295.0,,,,,,,,,,,,,,0.0,,0.0,,1.0,22151.7,,,,,,,,,,,,,,,,7337777.0,,,,,,,,,,0.0,2.308,10566.0,,,,,,,,,,,,,,,,,,,,,""
5927001373,"Sep 8, 2021, 1:55:36 PM",Afternoon Run,Run,..Ποικίλο... φόρεσε τα φθινοπωρινά του 🙌,3786,13.11,,,,,,activities/6300818029.fit.gz,,,3786.0,3748.0,13115.0,6.4,3.499,306.0,336.0,136.9,432.9,48.6,-0.6,,,108.0,87.0,,,,,943.0,,,,,,,,,,,,,,0.0,,0.0,,1.0,13920.8,,,,,,,,,,,,,,,,7337777.0,,,,,,,,,,0.0,3.464,10699.0,,,,,,,,,,,,,,,,,,,,,""
5921753436,"Sep 7, 2021, 3:36:32 PM",Evening Run,Run,"",3387,5.98,,,,,,activities/6295355356.fit.gz,,,3387.0,3240.0,5982.0,5.6,1.846,457.2,399.0,217.0,449.4,48.6,0.2,,,101.0,78.0,,,,,366.0,,,,,,,,,,,,,,0.0,,0.0,,1.0,9327.3,,,,,,,,,,,,,,,,7337777.0,,,,,,,,,,0.0,1.766,1810.0,,,,,,,,,,,,,,,,,,,,,""
5915858360,"Sep 6, 2021, 2:08:49 PM",Afternoon Run,Run,Βμισό παρέα με ανακατασκευασμένο άρμα μάχης Βάρδα,6414,18.78,,,,,,activities/6289201071.fit.gz,,,6414.0,6323.0,18788.0,5.0,2.971,486.8,390.0,208.4,432.6,48.6,0.0,,,98.0,85.0,,,,,1369.0,,,,,,,,,,,,,,0.0,,0.0,,1.0,20284.2,,,,,,,,,,,,,,,,7337777.0,,,,,,,,,,0.0,2.929,16336.5,,,,,,,,,,,,,,,,,,,,,""
5905299970,"Sep 4, 2021, 2:51:36 PM",Afternoon Ride,Ride,"Αθήνα + πέριξ... 🖤
Λατέρνατιβ βολταρες",6801,30.87,,,,,CYCL⚙️PATH  ,activities/6278121785.fit.gz,,15.5,6801.0,6380.0,30871.0,14.8,4.839,411.6,340.0,48.0,216.1,46.7,0.0,,,,,,,,191.0,125.0,,,,,,,,,,,,,,0.0,,0.0,,1.0,,,,,,,,,,,,,,,,11507033.0,,,,,,,,,,,0.0,4.539,406.0,,,,,,,,,,,,,,,,,,,,,media/b7503b0d-bbb4-45e3-baf5-b8f48a6c7199.jpg|media/89e940e6-210b-4354-b1a1-aa52217f0500.jpg
5899504263,"Sep 3, 2021, 3:54:45 PM",Evening Run,Run,R.P. Poikilo 8 🍺,2592,8.38,,,,,,activities/6272070157.fit.gz,,,2592.0,2567.0,8386.0,6.2,3.267,413.1,309.0,182.3,435.7,48.6,0.0,,,167.0,88.0,,,,,592.0,,,,,,,,,,,,,,0.0,,0.0,,1.0,10711.1,,,,,,,,,,,,,,,,7337777.0,,,,,,,,,,0.0,3.235,6334.0,,,,,,,,,,,,,,,,,,,,,""
5893993515,"Sep 2, 2021, 2:52:18 PM",Afternoon Ride,Ride,⛰️+🚴=💊 ,5169,26.28,,,,,CYCL⚙️PATH  ,activities/6266307181.fit.gz,,15.5,5169.0,4934.0,26280.0,15.8,5.326,649.6,480.0,177.1,369.1,42.2,0.0,,,,,,,,211.0,95.0,,,,,,,,,,,,,,0.0,,0.0,,1.0,,,,,,,,,,,,,,,,11507033.0,,,,,,,,,,,,5.084,23242.0,,,,,,,,,,,,,,,,,,,,,media/bc6cfdb3-72c9-4485-998d-3d18a5b98712.jpg
5888508976,"Sep 1, 2021, 2:19:35 PM",Afternoon Ride,Ride,"Συγνώμη κύριε πολιτσμάνε, έχασα το (χωματό)δρομο μου...ΓΑΒ ΓΑΒ",6187,28.95,,,,,CYCL⚙️PATH  ,activities/6260585527.fit.gz,,15.5,6187.0,5885.0,28950.0,14.4,4.919,734.8,554.0,177.1,449.4,40.0,0.0,,,,,,,,197.0,113.0,,,,,,,,,,,,,,0.0,,0.0,,1.0,,,,,,,,,,,,,,,,11507033.0,,,,,,,,,,,,4.679,24128.0,,,,,,,,,,,,,,,,,,,,,""
5883013081,"Aug 31, 2021, 3:19:23 PM",Evening Activity,Workout,"",2400,0,,,,"",,activities/6254870328.fit.gz,,,2400.0,2400.0,0.0,0.0,0.0,0.0,,,,0.0,0.0,,,,,,,,,227.0,,,,,,,,,,,,,,0.0,,0.0,,1.0,,,,,,,,,,,,,,,,,,,,,,,,,,,,0.0,0.0,,,,,,,,,,,,,,,,,,,,,""
5877563186,"Aug 30, 2021, 2:34:31 PM",Afternoon Run,Run,BPM dope ,2916,9.49,,,,,,activities/6249187401.fit.gz,,,2916.0,2901.0,9496.0,7.8,3.273,0.0,0.0,243.0,250.6,15.6,0.0,,,177.0,89.0,,,,,671.0,,,,,,,,,,,,,,0.0,,0.0,,1.0,9604.4,,,,,,,,,,,,,,,,7337777.0,,,,,,,,,,,3.257,,,,,,,,,,,,,,,,,,,,,,""
5872869697,"Aug 29, 2021, 2:15:56 PM",Afternoon Swim,Swim,,2412,"1,519",,,,,,activities/6244247376.fit.gz,,,2412.0,2400.0,1519.0,3.5,0.633,0.0,0.0,-4.6,32.6,42.9,2.0,,,,,,,,,394.0,,,,,,,,,,,,,,,,0.0,,1.0,,,,,,,,,,,,,,,,,,,,,,,,,,,,0.63,,,,,,,,,,,,,,,,,,,,,,""
5867768587,"Aug 28, 2021, 2:02:24 PM",Afternoon Run,Run,Μαστίγιο,7812,15.92,,,,,,activities/6238883872.fit.gz,,,7812.0,7778.0,15927.0,5.6,2.048,1194.0,1104.0,252.8,449.4,49.1,0.0,,,118.0,83.0,,,,,1057.0,,,,,,,,,,,,,,0.0,,0.0,,1.0,24031.1,,,,,,,,,,,,,,,,7337777.0,,,,,,,,,,,2.039,3137.0,,,,,,,,,,,,,,,,,,,,,media/8ee20047-b331-4c00-b7eb-452fbe3c5ef9.jpg
5861968813,"Aug 27, 2021, 2:23:14 PM",Afternoon Run,Run,Απέξω well done από μέσα medium rear 🔥,4015,12.84,,,,,,activities/6232773403.fit.gz,,,4015.0,3983.0,12840.0,6.0,3.224,320.7,92.0,248.4,286.2,42.9,0.0,,,115.0,87.0,,,,,926.0,,,,,,,,,,,,,,0.0,,0.0,,1.0,13784.8,,,,,,,,,,,,,,,,7337777.0,,,,,,,,,,,3.198,,,,,,,,,,,,,,,,,,,,,,""
5857237192,"Aug 26, 2021, 2:55:58 PM",Afternoon Swim,Swim,Παρέα με Chris ,2820,"2,008",,,,,,activities/6227835227.fit.gz,,,2820.0,2797.0,2008.0,6.9,0.718,0.0,0.0,-20.4,2.4,43.8,-0.9,,,,,,,,,502.0,,,,,,,,,,,,,,0.0,,0.0,,1.0,,,,,,,,,,,,,,,,,,,,,,,,,,,,0.712,,,,,,,,,,,,,,,,,,,,,,""
5851420252,"Aug 25, 2021, 2:12:33 PM",Afternoon Run,Run,"🌡️🔥
Φούρνος",4115,10.00,,,,,,activities/6221779939.fit.gz,,,4115.0,4085.0,10004.0,6.6,2.449,461.5,363.0,247.9,449.4,48.9,0.0,,,122.0,83.0,,,,,728.0,,,,,,,,,,,,,,0.0,,0.0,,1.0,12464.6,,,,,,,,,,,,,,,,7337777.0,,,,,,,,,,,2.431,5971.5,,,,,,,,,,,,,,,,,,,,,""
5845693807,"Aug 24, 2021, 2:21:31 PM",Afternoon Run,Run,Με 50+αρη  Οδυσσέο δεν μπλέκεις 💪,4513,14.56,,,,,,activities/6215815405.fit.gz,,,4513.0,4278.0,14560.0,6.4,3.403,0.0,7.0,243.0,257.4,33.3,0.0,,,99.0,87.0,,,,,1056.0,,,,,,,,,,,,,,0.0,,0.0,,1.0,14733.3,,,,,,,,,,,,,,,,7337777.0,,,,,,,,,,,3.226,,,,,,,,,,,,,,,,,,,,,,""
5840167669,"Aug 23, 2021, 2:24:37 PM",Afternoon Run,Run,Ρεπο,3604,10.80,,,,,,activities/6210060868.fit.gz,,,3604.0,3425.0,10806.0,4.6,3.155,7.0,0.0,240.6,254.0,25.6,0.1,,,89.0,86.0,,,,,793.0,,,,,,,,,,,,,,0.0,,0.0,,1.0,10944.2,,,,,,,,,,,,,,,,7337777.0,,,,,,,,,,,2.998,,,,,,,,,,,,,,,,,,,,,,""
5835762424,"Aug 22, 2021, 2:23:41 PM",Afternoon Ride,Ride,"Μποφορια 🌬️
",6939,49.41,,,,,CYCL⚙️PATH  ,activities/6205394878.fit.gz,,15.5,6939.0,6708.0,49415.0,18.8,7.367,850.3,774.0,143.4,780.2,46.7,-0.1,,,,,,,,309.0,127.0,,,,,,,,,,,,,,0.0,,0.0,,1.0,,,,,,,,,,,,,,,,11507033.0,,,,,,,,,,,,7.121,54.0,,,,,,,,,,,,,,,,,,,,,""
5830165876,"Aug 21, 2021, 3:19:46 PM",Evening Run,Run,Κάρτσακας στο τιμόνι,5828,11.14,,,,,,activities/6199522630.fit.gz,,,5828.0,5806.0,11140.0,6.6,1.919,807.4,731.0,249.3,449.4,48.6,0.0,,,124.0,81.0,,,,,695.0,,,,,,,,,,,,,,0.0,,0.0,,1.0,16399.4,,,,,,,,,,,,,,,,7337777.0,,,,,,,,,,,1.911,,,,,,,,,,,,,,,,,,,,,,""
5824664189,"Aug 20, 2021, 2:27:43 PM",Afternoon Swim,Swim,,3215,"2,094",,,,,,activities/6193768698.fit.gz,,,3215.0,2902.0,2094.0,3.4,0.722,0.0,0.0,-3.4,22.6,44.0,-0.5,,,,,,,,,521.0,,,,,,,,,,,,,,,,0.0,,1.0,,,,,,,,,,,,,,,,,,,,,,,,,,,,0.651,,,,,,,,,,,,,,,,,,,,,,""
5819106655,"Aug 19, 2021, 3:06:24 PM",Evening Run,Run,"",5271,20.28,,,,,,activities/6187955788.fit.gz,,,5271.0,5250.0,20284.0,5.4,3.864,0.0,0.0,238.8,258.0,26.7,0.0,,,93.0,88.0,,,,,1453.0,,,,,,,,,,,,,,0.0,,0.0,,1.0,20481.3,,,,,,,,,,,,,,,,7337777.0,,,,,,,,,,,3.848,0.0,,,,,,,,,,,,,,,,,,,,,""
5813377858,"Aug 18, 2021, 2:12:38 PM",Afternoon Swim,Swim,,4139,"2,879",,,,,,activities/6181966076.fit.gz,,,4139.0,3973.0,2879.0,3.5,0.725,0.0,0.0,-7.8,8.2,48.0,-0.1,,,,,,,,,720.0,,,,,,,,,,,,,,,,0.0,,1.0,,,,,,,,,,,,,,,,,,,,,,,,,,,,0.696,,,,,,,,,,,,,,,,,,,,,,""
5807982155,"Aug 17, 2021, 3:02:29 PM",Evening Run,Run,,3990,15.01,184.0,149,,,,activities/6176340636.fit.gz,,,3990.0,3958.0,15014.0,5.4,3.793,0.0,0.0,244.6,252.2,8.0,0.0,,,98.0,92.0,,166.0,,,1085.0,,,149.0,,,,,,,,,,,,,0.0,,1.0,15102.2,,,,,,,,,,,,,,,,7337777.0,,,,,,,,,,,3.763,,,,,,,,,,,,,,,,,,,,,,""
5792083696,"Aug 14, 2021, 2:57:17 PM",Afternoon Run,Run,Σημασία δεν έχουν ούτε οι άνεμοι μήτε τα μποφόρ... σημασία έχει να μη ξεχνάς Μητσοτάκη ότι 👉👌,2718,10.38,,,,,,activities/6159657390.fit.gz,,,2718.0,2646.0,10381.0,5.6,3.923,117.2,118.7,0.4,47.0,12.5,0.0,,,96.0,91.0,,,,,928.0,,,,,,,,,,,,,,0.0,,0.0,,1.0,10633.8,,,,,,,,,,,,,,,,7337777.0,,,,,,,,,,,3.819,,,,,,,,,,,,,,,,,,,,,,""
5792083662,"Aug 14, 2021, 2:06:49 PM",Afternoon Swim,Swim,,3027,"1,583",,,,,,activities/6159657150.fit.gz,,,3027.0,2307.0,1583.0,2.0,0.686,0.0,2.1,-0.4,2.1,2.9,-0.1,,,,,,,,,453.0,,,,,,,,,,,,,,,,0.0,,1.0,,,,,,,,,,,,,,,,,,,,,,,,,,,,0.523,,,,,,,,,,,,,,,,,,,,,,""
5787331352,"Aug 13, 2021, 2:55:40 PM",Afternoon Ride,Ride,"Ζέστη + αέρας = αεροθερμο
Χαρδαλια μη ξεχνιεσαι... ",9867,72.75,,,,"",CYCL⚙️PATH  ,activities/6154665965.fit.gz,,15.5,9867.0,8761.0,72752.0,16.4,8.304,484.2,334.0,6.2,209.6,44.0,0.0,,,,,,,,349.0,181.0,,,,,,,,,,,,,,0.0,,0.0,,1.0,,,,,,,,,,,,,,,,11507033.0,,,,,,,,,,,,7.373,84.0,,,,,,,,,,,,,,,,,,,,,media/1ac7b0b5-cdcd-4a23-9ddb-996d22ac8399.jpg
5782231839,"Aug 12, 2021, 5:11:52 PM",Evening Run,Run,Race p,2828,10.96,,,,"",,activities/6149310959.fit.gz,,,2828.0,2796.0,10963.0,6.8,3.921,335.1,248.0,149.0,216.7,32.0,0.0,,,112.0,92.0,,,,,794.0,,,,,,,,,,,,,,,,0.0,,1.0,11836.9,,,,,,,,,,,,,,,,7337777.0,,,,,,,,,,,3.877,49.0,,,,,,,,,,,,,,,,,,,,,""
5776602138,"Aug 11, 2021, 4:24:53 PM",Evening Run,Run,Περίπολος μετά από κεραυνούς με Οδυσσέα καρτσακα,3787,10.61,,,,,,activities/6143451583.fit.gz,,,3787.0,3679.0,10610.0,4.0,2.884,183.0,176.0,248.4,431.4,20.0,0.1,,,89.0,84.0,,,,,783.0,,,,,,,,,,,,,,0.0,,0.0,,1.0,11070.3,,,,,,,,,,,,,,,,7337777.0,,,,,,,,,,,2.802,,,,,,,,,,,,,,,,,,,,,,""
5770198102,"Aug 10, 2021, 3:58:20 PM",Evening Ride,Ride,"",1570,5.78,169.0,7,,,CYCL⚙️PATH  ,activities/6136784751.fit.gz,,15.5,1570.0,1332.0,5783.0,14.8,4.342,152.6,93.0,173.1,286.3,34.3,-0.7,,,,,,127.0,,194.0,200.0,,,7.0,,,,,,,,,,,0.0,,0.0,,1.0,,,,,,,,,,,,,,,,11507033.0,,,,,,,,,,,,3.683,1638.0,,,,,,,,,,,,,,,,,,,,,""
5770198117,"Aug 10, 2021, 3:13:55 PM",Evening Run,Run,,2665,10.00,180.0,28,,,,activities/6136784734.fit.gz,,,2665.0,2434.0,10002.0,5.2,4.109,52.8,45.6,245.4,253.0,43.6,0.1,,,101.0,95.0,,144.0,,,557.0,,,28.0,,,,,,,,,,,,,0.0,,1.0,10075.1,,,,,,,,,,,,,,,,7337777.0,,,,,,,,,,,3.753,,,,,,,,,,,,,,,,,,,,,,""
5770198069,"Aug 10, 2021, 3:05:11 PM",Evening Ride,Ride,"",524,2.63,166.0,0,,,CYCL⚙️PATH  ,activities/6136784502.fit.gz,,15.5,524.0,524.0,2630.0,10.8,5.019,62.6,21.0,192.2,245.4,46.7,1.4,,,,,,75.0,,229.0,44.0,,,0.0,,,,,,,,,,,0.0,,0.0,,1.0,,,,,,,,,,,,,,,,11507033.0,,,,,,,,,,,,5.019,0.0,,,,,,,,,,,,,,,,,,,,,""
5744171918,"Aug 5, 2021, 4:28:10 PM",Evening Run,Run,..,3771,9.96,188.0,75,,,,activities/6109505565.fit.gz,,,3771.0,3659.0,9961.0,4.4,2.722,269.0,269.0,227.6,450.2,46.0,-0.1,,,100.0,85.0,,152.0,,,795.0,,,75.0,,,,,,,,,,,0.0,,0.0,,1.0,10881.7,,,,,,,,,,,,,,,,7337777.0,,,,,,,,,,,2.641,8808.0,,,,,,,,,,,,,,,,,,,,,""
5739053798,"Aug 4, 2021, 5:23:53 PM",Evening Run,Run,,3172,7.64,185.0,116,,,,activities/6104166360.fit.gz,,,3172.0,3171.0,7644.0,4.2,2.411,234.0,233.0,213.2,452.2,48.6,0.1,,,85.0,81.0,,166.0,,,812.0,,,116.0,,,,,,,,,,,,,0.0,,1.0,8711.7,,,,,,,,,,,,,,,,7337777.0,,,,,,,,,,,2.41,5613.0,,,,,,,,,,,,,,,,,,,,,""
5734212605,"Aug 3, 2021, 7:42:30 PM",Night Run,Run,"",2729,10.08,,,,,,activities/6099117981.fit.gz,,,2729.0,2723.0,10087.0,6.4,3.704,317.1,212.0,154.2,216.0,20.0,-0.1,,,97.0,90.0,,,,,733.0,,,,,,,,,,,,,,0.0,,0.0,,1.0,10920.4,,,,,,,,,,,,,,,,7337777.0,,,,,,,,,,,3.696,,,,,,,,,,,,,,,,,,,,,,""
5722714051,"Aug 1, 2021, 4:03:41 PM",Evening Ride,Ride,Πετάλι ψυχοσωματικής αποκατάστασης...🙌🌇,3905,15.63,,,,,CYCL⚙️PATH  ,activities/6087080598.fit.gz,,15.5,3905.0,3645.0,15635.0,16.4,4.289,375.1,302.0,118.4,369.0,37.1,0.0,,,,,,,,169.0,72.0,,,,,,,,,,,,,,0.0,,0.0,,1.0,,,,,,,,,,,,,,,,11507033.0,,,,,,,,,,,,4.004,8250.0,,,,,,,,,,,,,,,,,,,,,""
5721471400,"Aug 1, 2021, 12:43:23 PM",Afternoon Swim,Swim,Έβρασαν τα @@ σαν αυγουλάκια,2957,"1,974",,,,,,activities/6085779734.fit.gz,,,2957.0,2620.0,1974.0,3.5,0.753,0.0,0.0,-30.8,5.2,40.0,0.0,,,,,,,,,519.0,,,,,,,,,,,,,,0.0,,0.0,,1.0,,,,,,,,,,,,,,,,,,,,,,,,,,,,0.668,,,,,,,,,,,,,,,,,,,,,,""
5717305662,"Jul 31, 2021, 3:52:20 PM",Evening Run,Run,,5606,14.43,190.0,48,,,,activities/6081368873.fit.gz,,,5606.0,5411.0,14432.0,5.4,2.667,288.0,268.0,212.0,372.8,31.4,0.0,,,86.0,83.0,,139.0,,,1046.0,,,48.0,,,,,,,,,,,,,0.0,,1.0,15218.6,,,,,,,,,,,,,,,,7337777.0,,,,,,,,,,,2.574,12816.0,,,,,,,,,,,,,,,,,,,,,""
5711877364,"Jul 30, 2021, 3:35:37 PM",Evening Run,Run,"Δωρεάν αποτέφρωση 🔥🌡️
Τσουλήθρα χωρίς αύριο ",5734,11.21,170.0,70,,,,activities/6075596773.fit.gz,,,5734.0,5692.0,11211.0,5.0,1.97,840.2,745.0,209.2,449.1,48.9,0.0,,,126.0,81.0,,139.0,,,1195.0,,,70.0,,,,,,,,,,,0.0,,0.0,,1.0,16973.0,,,,,,,,,,,,,,,,7337777.0,,,,,,,,,,,1.955,3758.5,,,,,,,,,,,,,,,,,,,,,""
5701873840,"Jul 28, 2021, 3:39:04 PM",Evening Run,Run,,7163,21.00,,,,,,activities/6065005826.fit.gz,,,7163.0,6819.0,21004.0,4.6,3.08,441.9,353.0,215.0,369.0,35.6,0.0,,,103.0,86.0,,,,,1546.0,,,,,,,,,,,,,,,,0.0,,1.0,22204.5,,,,,,,,,,,,,,,,7337777.0,,,,,,,,,,,2.932,20264.0,,,,,,,,,,,,,,,,,,,,,""
5696428470,"Jul 27, 2021, 3:33:24 PM",Evening Run,Run,,6202,20.00,,,,,,activities/6059327247.fit.gz,,,6202.0,6004.0,20008.0,6.4,3.332,63.0,70.0,198.2,224.4,33.3,0.0,,,116.0,91.0,,,,,1460.0,,,,,,,,,,,,,,,,0.0,,1.0,20257.7,,,,,,,,,,,,,,,,7337777.0,,,,,,,,,,,3.226,19662.0,,,,,,,,,,,,,,,,,,,,,""
5686339245,"Jul 25, 2021, 4:32:30 PM",Evening Run,Run,,3997,12.42,,,,,,activities/6048794788.fit.gz,,,3997.0,3894.0,12427.0,4.8,3.191,336.9,284.0,207.1,369.0,50.0,0.0,,,92.0,87.0,,,,,907.0,,,,,,,,,,,,,,,,0.0,,1.0,13555.4,,,,,,,,,,,,,,,,7337777.0,,,,,,,,,,,3.109,9852.0,,,,,,,,,,,,,,,,,,,,,""
5685485116,"Jul 25, 2021, 1:31:29 PM",Afternoon Swim,Swim,,4436,"2,979",,,,,,activities/6047903197.fit.gz,,,4436.0,4251.0,2979.0,3.4,0.701,0.0,0.0,-9.2,6.0,42.0,-0.1,,,,,,,,,783.0,,,,,,,,,,,,,,,,0.0,,1.0,,,,,,,,,,,,,,,,,,,,,,,,,,,,0.672,,,,,,,,,,,,,,,,,,,,,,""
5680561029,"Jul 24, 2021, 4:11:40 PM",Evening Run,Run,Tempo,3626,13.25,,,,,,activities/6042737914.fit.gz,,,3626.0,3577.0,13250.0,6.2,3.704,0.0,0.0,212.8,227.2,8.9,0.1,,,100.0,93.0,,,,,953.0,,,,,,,,,,,,,,0.0,,0.0,,1.0,13306.7,,,,,,,,,,,,,,,,7337777.0,,,,,,,,,,,3.654,,,,,,,,,,,,,,,,,,,,,,""
5680558452,"Jul 24, 2021, 1:36:25 PM",Afternoon Swim,Swim,Workout,3392,"2,098",,,,,,activities/6042735606.fit.gz,,,3392.0,2877.0,2098.0,2.4,0.729,0.0,0.0,-11.0,4.0,26.3,-0.2,,,,,,,,,562.0,,,,,,,,,,,,,,0.0,,0.0,,1.0,,,,,,,,,,,,,,,,,,,,,,,,,,,,0.619,,,,,,,,,,,,,,,,,,,,,,""
5674739084,"Jul 23, 2021, 2:30:56 PM",Afternoon Ride,Ride,Σήμα για μπύρες-παντοφλα,5460,32.18,,,,,CYCL⚙️PATH  ,activities/6036662046.fit.gz,,15.5,5460.0,5193.0,32187.0,15.6,6.198,570.9,415.0,89.3,410.0,45.7,-0.1,,,,,,,,230.0,100.0,,,,,,,,,,,,,,0.0,,0.0,,1.0,,,,,,,,,,,,,,,,11507033.0,,,,,,,,,,,,5.895,15741.0,,,,,,,,,,,,,,,,,,,,,""
5670759912,"Jul 22, 2021, 6:04:40 PM",Night Run,Run,Poikilo running ghosts 👻,6085,13.01,,,,"",,activities/6032505392.fit.gz,,,6085.0,5326.0,13017.0,4.6,2.444,393.8,325.0,207.9,448.2,48.6,0.0,,,107.0,82.0,,,,,986.0,,,,,,,,,,,,,,0.0,,0.0,,1.0,14532.3,,,,,,,,,,,,,,,,7337777.0,,,,,,,,,,,2.139,10555.0,,,,,,,,,,,,,,,,,,,,,media/d2a7f8ea-f6dc-4f97-b41e-5986fcfeb798.jpg
5664457541,"Jul 21, 2021, 4:03:06 PM",Evening Ride,Ride,"",4831,23.72,,,,,CYCL⚙️PATH  ,activities/6025944412.fit.gz,,15.5,4831.0,4421.0,23724.0,16.4,5.366,604.8,434.0,207.0,442.3,48.0,0.0,,,,,,,,211.0,89.0,,,,,,,,,,,,,,0.0,,0.0,,1.0,,,,,,,,,,,,,,,,11507033.0,,,,,,,,,,,,4.911,21182.0,,,,,,,,,,,,,,,,,,,,,""
5658839132,"Jul 20, 2021, 3:55:28 PM",Evening Run,Run,Υγρασία σκατα,3134,11.92,,,,,,activities/6020095131.fit.gz,,,3134.0,3085.0,11922.0,6.6,3.865,354.8,286.0,225.6,359.5,20.0,-0.1,,,99.0,91.0,,,,,853.0,,,,,,,,,,,,,,0.0,,0.0,,1.0,12867.1,,,,,,,,,,,,,,,,7337777.0,,,,,,,,,,,3.804,,,,,,,,,,,,,,,,,,,,,,""
5653225134,"Jul 19, 2021, 3:28:20 PM",Evening Run,Run,Παρέα με άρμα μάχης καρτσακα,5049,10.25,,,,,,activities/6014270516.fit.gz,,,5049.0,4446.0,10256.0,4.8,2.307,382.8,312.0,213.5,449.1,35.0,0.0,,,122.0,81.0,,,,,813.0,,,,,,,,,,,,,,0.0,,0.0,,1.0,11960.3,,,,,,,,,,,,,,,,7337777.0,,,,,,,,,,,2.031,7557.0,,,,,,,,,,,,,,,,,,,,,""
5646658898,"Jul 18, 2021, 6:15:44 AM",Morning Ride,Ride,Ελβετία κλάψε.... 🤪,12982,40.11,,,,,CYCL⚙️PATH  ,activities/6007401043.fit.gz,,15.5,12982.0,8704.0,40110.0,17.6,4.608,551.8,391.0,415.3,644.4,49.4,0.0,,,,,,,,170.0,239.0,,,,,,,,,,,,,,0.0,,0.0,,1.0,,,,,,,,,,,,,,,,11507033.0,,,,,,,,,,,,3.09,0.0,,,,,,,,,,,,,,,,,,,,,media/8a263265-4a3e-4998-ba99-53ff6283456a.jpg|media/d9ab84b6-1be1-4872-a80c-b1014408b90e.jpg|media/4d5f64e7-1ae8-4165-abe5-e0373c0dbe0a.jpg|media/40ec818a-5818-4e1c-85b0-5ac5ba48c2b8.jpg|media/65aebbf2-4d08-46a9-a14d-7c9e579678ca.jpg|media/0eef312e-26b1-4fe4-9b15-be768e777cb0.jpg
5640218407,"Jul 17, 2021, 5:48:38 AM",Morning Ride,Ride,Ψυχική αποκατάσταση,12243,42.33,,,,,CYCL⚙️PATH  ,activities/6000664715.fit.gz,,15.5,12243.0,10438.0,42335.0,14.6,4.056,934.2,721.0,930.0,1389.4,50.0,0.0,,,,,,,,197.0,225.0,,,,,,,,,,,,,,0.0,,0.0,,1.0,,,,,,,,,,,,,,,,11507033.0,,,,,,,,,,,,3.458,7407.5,,,,,,,,,,,,,,,,,,,,,media/9a1bee89-700e-4ee2-ab9b-8f32c9d7875b.jpg|media/f38807a7-37c8-47f7-9d37-a56df19a2948.jpg|media/509336b4-2757-4059-a0f6-69c56cbbaa3d.jpg
5632583017,"Jul 15, 2021, 3:57:20 PM",Evening Run,Run,,5897,17.46,159.0,42,,,,activities/5992690303.fit.gz,,,5897.0,5791.0,17464.0,6.0,3.016,374.0,361.0,221.4,433.6,48.6,0.0,,,103.0,85.0,,134.0,,,1100.0,,,42.0,,,,,,,,,,,,,0.0,,1.0,18789.4,,,,,,,,,,,,,,,,7337777.0,,,,,,,,,,,2.962,15060.0,,,,,,,,,,,,,,,,,,,,,""
5626706518,"Jul 14, 2021, 2:15:16 PM",Afternoon Run,Run,Έψηνες κ μοσχαρίσια στη πέτρα...🔥🔥,4272,12.05,193.0,132,,,,activities/5986580128.fit.gz,,,4272.0,4227.0,12052.0,4.8,2.851,375.0,319.0,189.0,431.0,47.5,0.2,,,105.0,85.0,,163.0,,,1002.0,,,132.0,,,,,,,,,,,0.0,,0.0,,1.0,13297.9,,,,,,,,,,,,,,,,7337777.0,,,,,,,,,,,2.821,10509.0,,,,,,,,,,,,,,,,,,,,,""
5621699612,"Jul 13, 2021, 4:30:29 PM",Evening Run,Run,🔋,678,0.98,,,,,,activities/5981370267.fit.gz,,,678.0,584.0,979.0,3.2,1.676,85.0,0.0,220.8,323.0,42.9,10.2,,,110.0,78.0,,,,,63.0,,,,,,,,,,,,,,0.0,,0.0,,1.0,1483.5,,,,,,,,,,,,,,,,7337777.0,,,,,,,,,,,1.444,,,,,,,,,,,,,,,,,,,,,,""
5621699441,"Jul 13, 2021, 3:42:44 PM",Evening Run,Run,,2674,9.10,,,,,,activities/5981370047.fit.gz,,,2674.0,2569.0,9108.0,6.8,3.545,0.0,7.0,213.4,222.8,45.5,0.0,,,110.0,91.0,,,,,654.0,,,,,,,,,,,,,,,,0.0,,1.0,9184.0,,,,,,,,,,,,,,,,7337777.0,,,,,,,,,,,3.406,,,,,,,,,,,,,,,,,,,,,,""
5616975191,"Jul 12, 2021, 5:51:54 PM",Evening Run,Run,Ρομάντζο με πυρωμενο ουρανό.... καμβάς η ποικιλαρα 🙌🌇,2463,5.08,,,,,,activities/5976445285.fit.gz,,,2463.0,2408.0,5081.0,4.4,2.11,183.0,220.0,235.8,434.2,46.7,-0.7,,,94.0,79.0,,,,,337.0,,,,,,,,,,,,,,0.0,,0.0,,1.0,5857.8,,,,,,,,,,,,,,,,7337777.0,,,,,,,,,,,2.063,4177.0,,,,,,,,,,,,,,,,,,,,,""
5616974672,"Jul 12, 2021, 5:19:14 PM",Evening Activity,Weight Training,,1800,0,146.0,5,,,,activities/5976444836.fit.gz,,,1800.0,1800.0,0.0,0.0,0.0,0.0,0.0,223.6,223.6,0.0,0.0,,,,,,113.0,,,255.0,,,5.0,,,,,,,,,,,,,0.0,,1.0,,,,,,,,,,,,,,,,,,,,,,,,,,,,0.0,,,,,,,,,,,,,,,,,,,,,,""
5612992191,"Jul 11, 2021, 3:23:40 PM",Evening Ride,Ride,"",7555,32.53,,,,,CYCL⚙️PATH  ,activities/5972276884.fit.gz,,15.5,7555.0,6987.0,32530.0,13.4,4.656,608.8,379.0,89.3,410.0,49.2,0.0,,,,,,,,162.0,139.0,,,,,,,,,,,,,,0.0,,0.0,,1.0,,,,,,,,,,,,,,,,11507033.0,,,,,,,,,,,,4.306,16167.0,,,,,,,,,,,,,,,,,,,,,""
5606415106,"Jul 10, 2021, 5:05:42 PM",Evening Run,Run,"",2474,9.78,,,,,,activities/5965389804.fit.gz,,,2474.0,2474.0,9788.0,6.6,3.956,288.7,215.0,240.9,449.1,42.9,0.0,,,170.0,92.0,,,,,696.0,,,,,,,,,,,,,,0.0,,0.0,,1.0,10669.0,,,,,,,,,,,,,,,,7337777.0,,,,,,,,,,,3.956,8940.0,,,,,,,,,,,,,,,,,,,,,""
5605726376,"Jul 10, 2021, 1:27:02 PM",Afternoon Swim,Swim,,4137,"2,858",,,,,,activities/5964673276.fit.gz,,,4137.0,3925.0,2858.0,3.9,0.728,0.0,0.0,-11.4,5.0,49.1,-0.1,,,,,,,,,676.0,,,,,,,,,,,,,,,,0.0,,1.0,,,,,,,,,,,,,,,,,,,,,,,,,,,,0.691,,,,,,,,,,,,,,,,,,,,,,""
5600603380,"Jul 9, 2021, 4:08:27 PM",Evening Run,Run,αντιθρομβωτικα 500αρια  by Astra zeneca part 2,2749,8.39,,,,,,activities/5959334056.fit.gz,,,2749.0,2549.0,8390.0,6.8,3.291,7.0,14.0,215.2,234.6,22.5,-0.2,,,192.0,88.0,,,,,588.0,,,,,,,,,,,,,,0.0,,0.0,,1.0,8440.7,,,,,,,,,,,,,,,,7337777.0,,,,,,,,,,,3.052,7886.0,,,,,,,,,,,,,,,,,,,,,""
5595502522,"Jul 8, 2021, 3:07:59 PM",Evening Ride,Ride,Έγινηκαν τα @@ ομελέτα στη σέλα 🔥🌡️,5463,31.10,,,,,CYCL⚙️PATH  ,activities/5954024534.fit.gz,,15.5,5463.0,5380.0,31100.0,16.2,5.781,672.2,500.0,168.3,448.7,45.7,0.0,,,,,,,,220.0,100.0,,,,,,,,,,,,,,0.0,,0.0,,1.0,,,,,,,,,,,,,,,,11507033.0,,,,,,,,,,,,,22816.0,,,,,,,,,,,,,,,,,,,,,""
5590013588,"Jul 7, 2021, 2:16:41 PM",Afternoon Run,Run,,4215,8.86,,,,,,activities/5948307007.fit.gz,,,4215.0,4151.0,8862.0,6.4,2.135,440.0,422.0,211.0,449.2,49.1,0.1,,,109.0,82.0,,,,,603.0,,,,,,,,,,,,,,,,0.0,,1.0,11530.6,,,,,,,,,,,,,,,,7337777.0,,,,,,,,,,,,4098.0,,,,,,,,,,,,,,,,,,,,,""
5584609976,"Jul 6, 2021, 2:11:16 PM",Afternoon Run,Run,,4612,15.40,,,,,,activities/5942673245.fit.gz,,,4612.0,4570.0,15401.0,8.2,3.37,14.0,14.0,215.6,235.0,12.5,0.0,,,94.0,90.0,,,,,1099.0,,,,,,,,,,,,,,,,0.0,,1.0,15492.0,,,,,,,,,,,,,,,,7337777.0,,,,,,,,,,,,15012.0,,,,,,,,,,,,,,,,,,,,,""
5574845880,"Jul 4, 2021, 2:04:40 PM",Afternoon Swim,Swim,...Χύμα,1873,"1,451",215.0,115,,,,activities/5932457840.fit.gz,,,1873.0,1813.0,1451.0,1.8,0.8,0.0,0.0,-9.4,2.4,47.6,0.4,,,,,,179.0,,,579.0,,,115.0,,,,,,,,,,,0.0,,0.0,,1.0,,,,,,,,,,,,,,,,,,,,,,,,,,,,,,,,,,,,,,,,,,,,,,,,,,""
5574845116,"Jul 4, 2021, 1:18:46 PM",Afternoon Swim,Swim,Στο κύμα... 🌊,2704,"1,485",159.0,29,,,,activities/5932456954.fit.gz,,,2704.0,2467.0,1485.0,1.2,0.602,0.0,0.0,0.6,15.2,30.0,0.0,,,,,,129.0,,,501.0,,,29.0,,,,,,,,,,,0.0,,0.0,,1.0,,,,,,,,,,,,,,,,,,,,,,,,,,,,,,,,,,,,,,,,,,,,,,,,,,""
5570663364,"Jul 3, 2021, 6:13:53 PM",Night Run,Run,"",2582,9.88,199.0,164,,,,activities/5928088907.fit.gz,,,2582.0,2582.0,9881.0,6.6,3.827,255.0,228.0,246.0,447.4,40.0,0.2,,,192.0,89.0,,183.0,,,858.0,,,164.0,,,,,,,,,,,0.0,,0.0,,1.0,10672.3,,,,,,,,,,,,,,,,7337777.0,,,,,,,,,,,,0.0,,,,,,,,,,,,,,,,,,,,,media/7133aa2d-ed00-4dae-ac98-2c9be5d15381.jpg|media/a9084796-8005-4aaa-9ca9-fede437d33f5.jpg
5567427283,"Jul 2, 2021, 9:27:44 AM",Lunch Run,Run,,1469,3.82,,,,,,activities/5924702613.fit.gz,,,1469.0,1444.0,3826.0,4.0,2.65,7.0,0.0,206.4,215.8,15.6,0.2,,,85.0,84.0,,,,,282.0,,,,,,,,,,,,,,,,0.0,,1.0,3872.8,,,,,,,,,,,,,,,,7337777.0,,,,,,,,,,,,,,,,,,,,,,,,,,,,,,,,,""
5558990207,"Jul 1, 2021, 3:56:32 PM",Evening Run,Run,"",3138,6.82,,,,,,activities/5915915018.fit.gz,,,3138.0,2687.0,6822.0,7.0,2.539,21.0,7.0,211.8,241.4,17.5,0.2,,,134.0,84.0,,,,,500.0,,,,,,,,,,,,,,0.0,,0.0,,1.0,7019.1,,,,,,,,,,,,,,,,7337777.0,,,,,,,,,,,,6094.0,,,,,,,,,,,,,,,,,,,,,""
5553854949,"Jun 30, 2021, 4:03:00 PM",Evening Run,Run,Tap. 2,2810,7.83,,,,,,activities/5910576240.fit.gz,,,2810.0,2727.0,7830.0,6.4,2.871,219.0,214.0,216.8,448.4,40.0,0.1,,,175.0,85.0,,,,,554.0,,,,,,,,,,,,,,0.0,,0.0,,1.0,8605.4,,,,,,,,,,,,,,,,7337777.0,,,,,,,,,,,,6036.0,,,,,,,,,,,,,,,,,,,,,""
5548830432,"Jun 29, 2021, 4:04:16 PM",Evening Run,Run,"",3424,8.87,,,,,,activities/5905339212.fit.gz,,,3424.0,3407.0,8874.0,6.4,2.605,21.0,7.0,219.6,252.8,31.4,0.1,,,111.0,83.0,,,,,635.0,,,,,,,,,,,,,,0.0,,0.0,,1.0,9034.0,,,,,,,,,,,,,,,,7337777.0,,,,,,,,,,,,8153.0,,,,,,,,,,,,,,,,,,,,,""
5539117277,"Jun 27, 2021, 2:55:37 PM",Afternoon Swim,Swim,Ξεσκουριασμα προπέλας του submarine Chris ,5813,"3,865",,,,,,activities/5895208137.fit.gz,,,5813.0,5509.0,3865.0,3.4,0.702,0.0,0.0,-0.8,13.4,47.5,-0.1,,,,,,,,,978.0,,,,,,,,,,,,,,0.0,,0.0,,1.0,,,,,,,,,,,,,,,,,,,,,,,,,,,,,,,,,,,,,,,,,,,,,,,,,,""
5533737581,"Jun 26, 2021, 5:45:37 PM",Evening Run,Run,High temp.🌡️ r.p adjustments,2733,10.01,,,,,,activities/5889600188.fit.gz,,,2733.0,2722.0,10017.0,5.8,3.68,276.0,228.0,216.4,445.2,40.0,0.5,,,116.0,90.0,,,,,714.0,,,,,,,,,,,,,,0.0,,0.0,,1.0,10924.2,,,,,,,,,,,,,,,,7337777.0,,,,,,,,,,,,8409.0,,,,,,,,,,,,,,,,,,,,,""
5533073351,"Jun 26, 2021, 2:47:54 PM",Afternoon Swim,Swim,,4936,"3,082",,,,,,activities/5888906380.fit.gz,,,4936.0,4283.0,3082.0,3.4,0.72,0.0,0.0,-8.4,13.6,50.0,0.0,,,,,,,,,797.0,,,,,,,,,,,,,,,,0.0,,1.0,,,,,,,,,,,,,,,,,,,,,,,,,,,,,,,,,,,,,,,,,,,,,,,,,,""
5527735788,"Jun 25, 2021, 3:33:34 PM",Evening Run,Run,,4813,15.59,,,,,,activities/5883343004.fit.gz,,,4813.0,4744.0,15593.0,4.8,3.287,361.0,352.0,218.8,451.8,40.0,0.0,,,93.0,87.0,,,,,1121.0,,,,,,,,,,,,,,,,0.0,,1.0,16640.4,,,,,,,,,,,,,,,,7337777.0,,,,,,,,,,,,14346.0,,,,,,,,,,,,,,,,,,,,,""
5522320379,"Jun 24, 2021, 2:34:35 PM",Afternoon Run,Run,Trails aero 🌡️,4083,8.36,,,,,,activities/5877681248.fit.gz,,,4083.0,3979.0,8369.0,4.4,2.103,467.0,449.0,223.2,445.2,48.9,0.2,,,107.0,81.0,,,,,555.0,,,,,,,,,,,,,,0.0,,0.0,,1.0,11026.0,,,,,,,,,,,,,,,,7337777.0,,,,,,,,,,,,,,,,,,,,,,,,,,,,,,,,,""
5517605517,"Jun 23, 2021, 4:38:42 PM",Evening Run,Run,Free easy 🌡️,2766,9.78,,,,,,activities/5872789048.fit.gz,,,2766.0,2766.0,9782.0,6.2,3.537,262.0,257.0,224.8,445.6,35.6,0.1,,,103.0,87.0,,,,,703.0,,,,,,,,,,,,,,0.0,,0.0,,1.0,10613.4,,,,,,,,,,,,,,,,7337777.0,,,,,,,,,,,,,,,,,,,,,,,,,,,,,,,,,""
5512588703,"Jun 22, 2021, 5:27:27 PM",Evening Run,Run,7x 1.2km 3'38 min/km 1.50 rest,4400,14.95,,,,,,activities/5867567687.fit.gz,,,4400.0,4367.0,14953.0,6.4,3.424,148.0,149.0,228.0,377.0,25.5,0.1,,,106.0,87.0,,,,,1061.0,,,,,,,,,,,,,,0.0,,0.0,,1.0,15469.5,,,,,,,,,,,,,,,,7337777.0,,,,,,,,,,,,14156.0,,,,,,,,,,,,,,,,,,,,,""
5506214224,"Jun 21, 2021, 1:47:37 PM",Afternoon Swim,Swim,,4551,"2,995",,,,,,activities/5860948470.fit.gz,,,4551.0,4352.0,2995.0,3.5,0.688,0.0,0.0,-2.8,17.6,44.4,0.2,,,,,,,,,740.0,,,,,,,,,,,,,,,,0.0,,1.0,,,,,,,,,,,,,,,,,,,,,,,,,,,,,,,,,,,,,,,,,,,,,,,,,,""
5502051858,"Jun 20, 2021, 1:08:38 PM",Afternoon Ride,Ride,"",9351,73.15,,,,,CYCL⚙️PATH  ,activities/5856584716.fit.gz,,15.5,9351.0,8322.0,73154.0,16.2,8.79,430.2,340.0,5.7,209.6,40.0,-0.1,,,,,,,,361.0,171.0,,,,,,,,,,,,,,0.0,,0.0,,1.0,,,,,,,,,,,,,,,,11507033.0,,,,,,,,,,,,,273.0,,,,,,,,,,,,,,,,,,,,,media/74819032-fdef-499a-bc34-b76e506d5770.jpg
5496831351,"Jun 19, 2021, 2:19:04 PM",Afternoon Swim,Swim,,3149,"2,052",,,,,,activities/5851127439.fit.gz,,,3149.0,2846.0,2052.0,3.5,0.721,0.0,0.0,-0.6,12.0,49.5,-0.4,,,,,,,,,528.0,,,,,,,,,,,,,,,,0.0,,1.0,,,,,,,,,,,,,,,,,,,,,,,,,,,,,,,,,,,,,,,,,,,,,,,,,,""
5494651058,"Jun 19, 2021, 10:20:03 AM",Afternoon Run,Run,aero ,3878,15.00,,,,,,activities/5848854829.fit.gz,,,3878.0,3830.0,15003.0,5.2,3.917,0.0,0.0,244.4,252.2,20.0,0.0,,,135.0,94.0,,,,,1074.0,,,,,,,,,,,,,,0.0,,0.0,,1.0,15099.3,,,,,,,,,,,,,,,,7337777.0,,,,,,,,,,,,,,,,,,,,,,,,,,,,,,,,,""
5491292412,"Jun 18, 2021, 3:54:57 PM",Evening Run,Run,_Ριλαξέϊσον  🍺,4047,10.16,,,,,,activities/5845356399.fit.gz,,,4047.0,4027.0,10162.0,5.0,2.523,211.0,170.0,207.4,371.6,45.0,0.4,,,93.0,83.0,,,,,726.0,,,,,,,,,,,,,,0.0,,0.0,,1.0,10894.0,,,,,,,,,,,,,,,,7337777.0,,,,,,,,,,,,9278.0,,,,,,,,,,,,,,,,,,,,,""
5485722431,"Jun 17, 2021, 2:32:10 PM",Afternoon Run,Run,40min. Power/Speed,3785,11.66,,,,,,activities/5839537359.fit.gz,,,3785.0,3705.0,11662.0,6.8,3.148,268.0,270.0,180.0,242.2,48.0,-0.1,,,183.0,87.0,,,,,818.0,,,,,,,,,,,,,,0.0,,0.0,,1.0,12675.6,,,,,,,,,,,,,,,,7337777.0,,,,,,,,,,,,,,,,,,,,,,,,,,,,,,,,,""
5480826419,"Jun 16, 2021, 3:24:41 PM",Evening Run,Run,Duathlon δουλειά-τρεξιμο-δουλεια,4949,12.50,,,,,,activities/5834441287.fit.gz,,,4949.0,4808.0,12503.0,5.8,2.6,310.0,276.0,201.4,427.0,48.9,0.1,,,122.0,84.0,,,,,911.0,,,,,,,,,,,,,,0.0,,0.0,,1.0,13456.9,,,,,,,,,,,,,,,,7337777.0,,,,,,,,,,,,10879.0,,,,,,,,,,,,,,,,,,,,,""
5474802989,"Jun 15, 2021, 3:47:10 PM",Evening Run,Run,1 x 30Min @ 16.4 km/h   3'38 min/km /   ,2685,10.59,,,,,,activities/5828183094.fit.gz,,,2685.0,2491.0,10596.0,5.8,4.254,0.0,0.0,112.8,120.2,35.0,0.0,,,113.0,91.0,,,,,759.0,,,,,,,,,,,,,,0.0,,0.0,,1.0,10648.3,,,,,,,,,,,,,,,,7337777.0,,,,,,,,,,,,,,,,,,,,,,,,,,,,,,,,,""
5469157433,"Jun 14, 2021, 3:18:53 PM",Evening Run,Run,Χ4 •1200 ^,4455,12.84,,,,,,activities/5822336611.fit.gz,,,4455.0,4385.0,12845.0,5.0,2.929,325.0,299.0,227.6,386.8,45.0,0.1,,,107.0,87.0,,,,,924.0,,,,,,,,,,,,,,0.0,,0.0,,1.0,14029.3,,,,,,,,,,,,,,,,7337777.0,,,,,,,,,,,,11231.0,,,,,,,,,,,,,,,,,,,,,""
5464651618,"Jun 13, 2021, 2:01:03 PM",Afternoon Ride,Ride,Ψυχική αποκατάσταση ✅ + ☕,11977,38.31,,,,,CYCL⚙️PATH  ,activities/5817621993.fit.gz,,15.5,11977.0,8556.0,38312.0,17.0,4.478,789.2,621.0,47.2,410.0,49.1,0.0,,,,,,,,187.0,220.0,,,,,,,,,,,,,,0.0,,0.0,,1.0,,,,,,,,,,,,,,,,11507033.0,,,,,,,,,,,,,15010.0,,,,,,,,,,,,,,,,,,,,,media/9fbfd82a-a52f-4a9c-9794-51b900f1c82a.jpg
5458358781,"Jun 12, 2021, 2:37:22 PM",Afternoon Swim,Swim,"",3001,"1,990",,,,,,activities/5811058075.fit.gz,,,3001.0,2819.0,1990.0,2.3,0.706,0.0,0.0,-0.6,9.0,49.0,-0.3,,,,,,,,,473.0,,,,,,,,,,,,,,0.0,,0.0,,1.0,,,,,,,,,,,,,,,,,,,,,,,,,,,,,,,,,,,,,,,,,,,,,,,,,,media/424b4900-f929-43e5-801b-a9ddbf0f06ff.jpg
5452781207,"Jun 11, 2021, 3:47:01 PM",Evening Run,Run,Mix grill,6143,18.80,196.0,259,,,,activities/5805250104.fit.gz,,,6143.0,6106.0,18809.0,7.4,3.08,397.0,400.0,216.8,449.2,49.1,0.0,,,121.0,87.0,,171.0,,,1621.0,,,259.0,,,,,,,,,,,0.0,,0.0,,1.0,20710.9,,,,,,,,,,,,,,,,7337777.0,,,,,,,,,,,,15140.0,,,,,,,,,,,,,,,,,,,,,""
5441171639,"Jun 9, 2021, 2:23:29 PM",Afternoon Run,Run,10 x 120.0s @ 13.1 km/h   4'35 min/km /    2Min ;,3754,12.00,,,,,,activities/5793152697.fit.gz,,,3754.0,3728.0,12002.0,6.2,3.219,332.0,335.0,153.8,441.4,48.9,0.0,,,109.0,89.0,,,,,839.0,,,,,,,,,,,,,,,,0.0,,1.0,13176.7,,,,,,,,,,,,,,,,7337777.0,,,,,,,,,,,,8561.0,,,,,,,,,,,,,,,,,,,,,""
5435823306,"Jun 8, 2021, 3:15:41 PM",Evening Run,Run,Resistance to selfdestruction ,5660,15.05,,,,,,activities/5787563477.fit.gz,,,5660.0,5557.0,15051.0,7.2,2.708,260.0,268.0,199.2,433.6,32.5,-0.2,,,100.0,84.0,,,,,1100.0,,,,,,,,,,,,,,0.0,,0.0,,1.0,15768.9,,,,,,,,,,,,,,,,7337777.0,,,,,,,,,,,,,,,,,,,,,,,,,,,,,,,,,""
5429993028,"Jun 7, 2021, 3:34:27 PM",Evening Run,Run,X2 tempo 15' rest 2'  lap(avg) 1.52,3223,10.17,,,,,,activities/5781512265.fit.gz,,,3223.0,2956.0,10173.0,8.0,3.441,0.0,7.0,220.2,236.6,26.7,0.1,,,119.0,91.0,,,,,738.0,,,,,,,,,,,,,,0.0,,0.0,,1.0,10295.1,,,,,,,,,,,,,,,,7337777.0,,,,,,,,,,,,,,,,,,,,,,,,,,,,,,,,,""
5421728623,"Jun 6, 2021, 5:04:56 AM",Morning Ride,Ride,"",13524,79.66,,,,,CYCL⚙️PATH  ,activities/5772863179.fit.gz,,15.5,13524.0,12079.0,79666.0,17.6,6.595,1156.8,827.0,124.4,636.4,45.1,0.0,,,,,,,,249.0,248.0,,,,,,,,,,,,,,0.0,,0.0,,1.0,,,,,,,,,,,,,,,,11507033.0,,,,,,,,,,,,,117.0,,,,,,,,,,,,,,,,,,,,,""
5418480049,"Jun 5, 2021, 1:01:47 PM",Afternoon Swim,Swim,🌊,3387,"1,974",,,,,,activities/5769440212.fit.gz,,,3387.0,2813.0,1974.0,3.4,0.702,0.0,0.0,-3.6,7.0,37.3,-0.2,,,,,,,,,521.0,,,,,,,,,,,,,,0.0,,0.0,,1.0,,,,,,,,,,,,,,,,,,,,,,,,,,,,,,,,,,,,,,,,,,,,,,,,,,""
5407366269,"Jun 3, 2021, 2:35:32 PM",Afternoon Run,Run,"",4100,10.02,,,,,,activities/5757799145.fit.gz,,,4100.0,4051.0,10021.0,5.2,2.474,533.0,512.0,213.8,447.6,48.9,0.2,,,116.0,84.0,,,,,692.0,,,,,,,,,,,,,,0.0,,0.0,,1.0,12969.3,,,,,,,,,,,,,,,,7337777.0,,,,,,,,,,,,,,,,,,,,,,,,,,,,,,,,,""
5401140905,"Jun 2, 2021, 2:18:23 PM",Afternoon Run,Run,Recharge 🔋,3657,11.78,,,,,,activities/5751303694.fit.gz,,,3657.0,3622.0,11785.0,4.2,3.254,0.0,0.0,245.2,252.8,40.0,0.0,,,105.0,88.0,,,,,857.0,,,,,,,,,,,,,,0.0,,0.0,,1.0,11883.7,,,,,,,,,,,,,,,,7337777.0,,,,,,,,,,,,,,,,,,,,,,,,,,,,,,,,,""
5395173333,"Jun 1, 2021, 3:00:58 PM",Evening Run,Run,"",4010,11.74,,,,"",,activities/5745100570.fit.gz,,,4010.0,3875.0,11739.0,6.8,3.029,450.3,391.0,216.4,448.7,47.5,0.0,,,188.0,86.0,,,,,818.0,,,,,,,,,,,,,,0.0,,0.0,,1.0,13879.3,,,,,,,,,,,,,,,,7337777.0,,,,,,,,,,,,9927.0,,,,,,,,,,,,,,,,,,,,,""
5381677471,"May 30, 2021, 8:47:58 AM",Lunch Ride,Ride,Direct μπριζόλες 🍺,2325,12.86,,,,,CYCL⚙️PATH  ,activities/5731015885.fit.gz,,15.5,2325.0,2237.0,12865.0,12.8,5.751,202.4,42.0,58.8,201.1,48.9,0.9,,,,,,,,232.0,43.0,,,,,,,,,,,,,,0.0,,0.0,,1.0,,,,,,,,,,,,,,,,11507033.0,,,,,,,,,,,,,0.0,,,,,,,,,,,,,,,,,,,,,""
5381677640,"May 30, 2021, 5:22:32 AM",Morning Ride,Ride,Παρέα με InterCity 🚅 +κέντρο  ☕ άρα,9379,71.04,,,,,CYCL⚙️PATH  ,activities/5731015375.fit.gz,,15.5,9379.0,8651.0,71043.0,15.8,8.212,480.6,449.0,6.1,245.6,48.0,-0.1,,,,,,,,321.0,173.0,,,,,,,,,,,,,,0.0,,0.0,,1.0,,,,,,,,,,,,,,,,11507033.0,,,,,,,,,,,,,0.0,,,,,,,,,,,,,,,,,,,,,media/fb9262e5-9c33-4e8d-96b5-6d0ac2b203b7.jpg
5378284657,"May 29, 2021, 2:19:52 PM",Afternoon Swim,Swim,"",2999,"2,005",,,,,,activities/5727463154.fit.gz,,,2999.0,2878.0,2005.0,1.8,0.697,0.0,0.0,-2.6,7.2,38.0,-0.3,,,,,,,,,464.0,,,,,,,,,,,,,,0.0,,0.0,,1.0,,,,,,,,,,,,,,,,,,,,,,,,,,,,,,,,,,,,,,,,,,,,,,,,,,""
5376642175,"May 27, 2021, 4:58:13 PM",Evening Ride,Ride,,5,0,,,,,,activities/5725755952.fit.gz,,15.5,5.0,5.0,0.0,0.0,0.0,0.0,0.0,,,0.0,0.0,,,,,,,,0.0,,,,,,,,,,,,,,,,,0.0,,1.0,,,,,,,,,,,,,,,,,,,,,,,,,,,,,0.0,,,,,,,,,,,,,,,,,,,,,""
5367315261,"May 27, 2021, 3:39:31 PM",Evening Run,Run,Recharge,3263,7.70,,,,,,activities/5716040142.fit.gz,,,3263.0,3130.0,7700.0,4.6,2.46,240.0,234.0,230.2,437.2,46.7,0.1,,,100.0,82.0,,,,,551.0,,,,,,,,,,,,,,0.0,,0.0,,1.0,8603.6,,,,,,,,,,,,,,,,7337777.0,,,,,,,,,,,,6826.0,,,,,,,,,,,,,,,,,,,,,""
5362146943,"May 26, 2021, 4:11:45 PM",Evening Run,Run,Χ6 ,3542,8.88,,,,,,activities/5710674691.fit.gz,,,3542.0,3497.0,8880.0,6.0,2.539,464.2,356.0,207.2,365.4,48.9,0.0,,,102.0,84.0,,,,,627.0,,,,,,,,,1.0,,,,,0.0,7.0,0.0,,1.0,11711.2,,,,,,,,,,,,,,,,7337777.0,,,,,,,,,,,,5969.5,,,,,,,,,,,,,,,,,,,,,""
5356204666,"May 25, 2021, 3:14:16 PM",Evening Run,Run,Easy free,4459,12.98,,,,,,activities/5704495999.fit.gz,,,4459.0,4373.0,12979.0,5.4,2.968,425.0,390.0,217.6,447.6,48.0,0.1,,,99.0,85.0,,,,,921.0,,,,,,,,,,,,,,0.0,,0.0,,1.0,14760.6,,,,,,,,,,,,,,,,7337777.0,,,,,,,,,,,,10623.0,,,,,,,,,,,,,,,,,,,,,""
5344045016,"May 23, 2021, 6:22:14 AM",Morning Ride,Ride,"
Η ζωή είναι ένα αγγούρι, άλλος το τρώει και ζορίζεται, άλλος το τρώει και δροσίζεται..!!",16129,73.48,,,,,CYCL⚙️PATH  ,activities/5691811294.fit.gz,,15.5,16129.0,13765.0,73481.0,17.2,5.338,1163.2,968.0,142.7,776.5,48.9,0.0,,,,,,,,195.0,296.0,,,,,,,,,,,,,,0.0,,0.0,,1.0,,,,,,,,,,,,,,,,11507033.0,,,,,,,,,,,,,20845.0,,,,,,,,,,,,,,,,,,,,,media/eb8eaea6-ca00-489a-95bc-6086332cd179.jpg
5340275138,"May 22, 2021, 2:48:25 PM",Afternoon Run,Run,_Free ,7329,21.94,,,,,,activities/5687869141.fit.gz,,,7329.0,7203.0,21944.0,5.6,3.047,587.0,551.0,217.6,447.4,49.1,0.0,,,104.0,87.0,,,,,1579.0,,,,,,,,,,,,,,0.0,,0.0,,1.0,23968.6,,,,,,,,,,,,,,,,7337777.0,,,,,,,,,,,,,,,,,,,,,,,,,,,,,,,,,""
5335500952,"May 21, 2021, 2:45:17 PM",Afternoon Run,Run,Release,8251,15.31,,,,,,activities/5682867161.fit.gz,,,8251.0,6504.0,15318.0,5.0,2.355,401.0,369.0,213.4,436.8,47.5,0.2,,,129.0,82.0,,,,,1214.0,,,,,,,,,,,,,,0.0,,0.0,,1.0,16851.3,,,,,,,,,,,,,,,,7337777.0,,,,,,,,,,,,12236.0,,,,,,,,,,,,,,,,,,,,,media/a72cf924-575c-45f1-a478-8fdcc25c7a53.jpg
5323857867,"May 19, 2021, 2:43:51 PM",Afternoon Ride,Ride,"",4001,25.01,,,,,CYCL⚙️PATH  ,activities/5670777911.fit.gz,,15.5,4001.0,4001.0,25014.0,16.4,6.252,297.0,312.0,176.4,368.2,17.1,-0.1,,,,,,,,215.0,73.0,,,,,,,,,,,,,,0.0,,0.0,,1.0,,,,,,,,,,,,,,,,11507033.0,,,,,,,,,,,,,16867.0,,,,,,,,,,,,,,,,,,,,,""
5318262215,"May 18, 2021, 3:35:31 PM",Evening Run,Run,Ενδοφλέβιο,2349,9.47,,,,,,activities/5664984192.fit.gz,,,2349.0,2301.0,9473.0,6.6,4.117,240.5,191.0,217.6,442.8,49.1,0.0,,,165.0,95.0,,,,,677.0,,,,,,,,,,,,,,0.0,,0.0,,1.0,10027.8,,,,,,,,,,,,,,,,7337777.0,,,,,,,,,,,,,,,,,,,,,,,,,,,,,,,,,""
5305896714,"May 16, 2021, 6:23:25 AM",Morning Ride,Ride,Με σύντροφο Chris ✊🚵,13298,53.14,,,,,CYCL⚙️PATH  ,activities/5652124049.fit.gz,,15.5,13298.0,11519.0,53139.0,15.6,4.613,971.0,1035.0,145.0,970.2,47.6,-0.1,,,,,,,,182.0,258.0,,,,,,,,,,,,,,0.0,,0.0,,1.0,,,,,,,,,,,,,,,,11507033.0,,,,,,,,,,,,,16682.0,,,,,,,,,,,,,,,,,,,,,media/528b1496-9ca7-452a-9a32-d0a410333939.jpg
5301453619,"May 15, 2021, 1:56:01 PM",Afternoon Run,Run,..για τα χρόνια πολλά,2927,10.47,,,,,,activities/5647476384.fit.gz,,,2927.0,2569.0,10473.0,6.2,4.077,125.1,148.0,54.0,205.0,11.4,-0.3,,,98.0,93.0,,,,,761.0,,,,,,,,,,,,,,0.0,,0.0,,1.0,10603.9,,,,,,,,,,,,,,,,7337777.0,,,,,,,,,,,,0.0,,,,,,,,,,,,,,,,,,,,,""
5296448297,"May 14, 2021, 3:45:37 PM",Evening Run,Run,Free,3773,10.67,102.0,5,,,,activities/5642231178.fit.gz,,,3773.0,3737.0,10676.0,4.6,2.857,239.0,240.0,221.2,434.6,45.0,0.0,,,127.0,84.0,,77.0,,,246.0,,,5.0,,,,,,,,,,,0.0,,0.0,,1.0,11489.8,,,,,,,,,,,,,,,,7337777.0,,,,,,,,,,,,9707.0,,,,,,,,,,,,,,,,,,,,,""
5290820939,"May 13, 2021, 3:19:44 PM",Evening Run,Run,Ευχάριστα διαλυμένος,2942,7.78,,,,,,activities/5636348565.fit.gz,,,2942.0,2903.0,7783.0,4.8,2.681,240.0,214.0,215.0,367.8,49.3,0.3,,,110.0,85.0,,,,,567.0,,,,,,,,,,,,,,0.0,,0.0,,1.0,8587.3,,,,,,,,,,,,,,,,7337777.0,,,,,,,,,,,,6903.0,,,,,,,,,,,,,,,,,,,,,""
5284853443,"May 12, 2021, 2:38:40 PM",Afternoon Run,Run,Easy mind free,4999,15.51,,,,,,activities/5630093905.fit.gz,,,4999.0,4855.0,15514.0,5.2,3.195,289.0,290.0,211.2,373.2,47.5,0.0,,,109.0,86.0,,,,,1110.0,,,,,,,,,,,,,,0.0,,0.0,,1.0,16378.9,,,,,,,,,,,,,,,,7337777.0,,,,,,,,,,,,13267.0,,,,,,,,,,,,,,,,,,,,,media/d933ff3f-a1b5-42db-b347-ff188d88d4b4.jpg
5279219168,"May 11, 2021, 2:39:58 PM",Afternoon Run,Run,Trail z5 ↑,4925,12.27,,,,,,activities/5624210461.fit.gz,,,4925.0,4820.0,12276.0,4.2,2.547,513.9,419.0,214.9,435.5,47.5,0.1,,,98.0,83.0,,,,,874.0,,,,,,,,,,,,,,0.0,,0.0,,1.0,14673.1,,,,,,,,,,,,,,,,7337777.0,,,,,,,,,,,,10479.0,,,,,,,,,,,,,,,,,,,,,""
5273633629,"May 10, 2021, 2:47:00 PM",Afternoon Run,Run,Recovery,4203,9.77,,,,,,activities/5618365820.fit.gz,,,4203.0,3966.0,9771.0,4.2,2.464,169.0,163.0,214.0,373.0,47.5,0.0,,,91.0,83.0,,,,,723.0,,,,,,,,,,,,,,0.0,,0.0,,1.0,10280.6,,,,,,,,,,,,,,,,7337777.0,,,,,,,,,,,,7551.5,,,,,,,,,,,,,,,,,,,,,""
5269100381,"May 9, 2021, 1:40:37 PM",Afternoon Run,Run,meditative run 🌇🙌,7509,20.08,,,,,,activities/5613581861.fit.gz,,,7509.0,7438.0,20080.0,6.0,2.7,614.0,618.0,211.8,447.0,49.4,0.0,,,114.0,83.0,,,,,1444.0,,,,,,,,,,,,,,0.0,,0.0,,1.0,22392.2,,,,,,,,,,,,,,,,7337777.0,,,,,,,,,,,,,,,,,,,,,,,,,,,,,,,,,""
5262060782,"May 8, 2021, 11:43:40 AM",Afternoon Swim,Swim,,2162,"1,427",,,,,,activities/5606204823.fit.gz,,,2162.0,2096.0,1427.0,3.0,0.681,0.0,0.0,-11.6,3.2,38.0,-0.4,,,,,,,,,561.0,,,,,,,,,,,,,,,,0.0,,1.0,,,,,,,,,,,,,,,,,,,,,,,,,,,,,,,,,,,,,,,,,,,,,,,,,,""
5257750735,"May 7, 2021, 3:58:25 PM",Evening Run,Run,,3442,10.08,,,,,,activities/5601676334.fit.gz,,,3442.0,3399.0,10081.0,6.6,2.966,49.0,42.0,194.6,218.8,48.6,0.0,,,114.0,87.0,,,,,712.0,,,,,,,,,,,,,,,,0.0,,1.0,10261.5,,,,,,,,,,,,,,,,7337777.0,,,,,,,,,,,,9787.0,,,,,,,,,,,,,,,,,,,,,""
5239990244,"May 4, 2021, 10:26:26 AM",Afternoon Run,Run,_πρέζαzeneca 💉 παρτ Α,2625,10.12,,,,,,activities/5583183200.fit.gz,,,2625.0,2604.0,10120.0,5.2,3.886,0.0,0.0,236.6,246.4,7.5,0.0,,,102.0,91.0,,,,,723.0,,,,,,,,,,,,,,0.0,,0.0,,1.0,10216.1,,,,,,,,,,,,,,,,7337777.0,,,,,,,,,,,,,,,,,,,,,,,,,,,,,,,,,""
5235686725,"May 3, 2021, 11:39:33 AM",Afternoon Ride,Ride,Έλα,7529,36.99,94.0,11,,,CYCL⚙️PATH  ,activities/5578718490.fit.gz,,15.5,7529.0,5501.0,36991.0,11.0,6.724,264.2,21.0,4.4,198.8,48.0,0.5,,,,,,91.0,,251.0,191.0,,,11.0,,,,,,,,,,,0.0,,0.0,,1.0,,,,,,,,,,,,,,,,11507033.0,,,,,,,,,,,,,0.0,,,,,,,,,,,,,,,,,,,,,""
5235686503,"May 3, 2021, 10:30:59 AM",Afternoon Swim,Swim,Ενδιάμεσο ,4114,"1,261",217.0,139,,,,activities/5578718477.fit.gz,,,4114.0,1772.0,1261.0,1.1,0.712,0.0,-0.4,-0.3,0.2,5.0,0.0,,,,,,191.0,,,867.0,,,139.0,,,,,,,,,,,0.0,,0.0,,1.0,,,,,,,,,,,,,,,,,,,,,,,,,,,,,,,,,,,,,,,,,,,,,,,,,,""
5235686681,"May 3, 2021, 8:49:51 AM",Lunch Ride,Ride,Πήγαινε,6068,34.26,,,,,CYCL⚙️PATH  ,activities/5578718303.fit.gz,,15.5,6068.0,4728.0,34264.0,10.6,7.247,110.6,276.0,0.2,231.4,40.0,-0.7,,,,,,,,217.0,105.0,,,,,,,,,,,,,,0.0,,0.0,,1.0,,,,,,,,,,,,,,,,11507033.0,,,,,,,,,,,,,0.0,,,,,,,,,,,,,,,,,,,,,media/192fe987-cbfb-482f-880e-c2bc0790d804.jpg|media/742bbf12-d220-42a3-a028-ba9a9d9b00fd.jpg|media/2373516f-290f-47ed-a4b5-2f618b7a68f0.jpg
5229790295,"May 2, 2021, 6:05:41 AM",Morning Ride,Ride,"",13121,52.79,,,,,CYCL⚙️PATH  ,activities/5572564074.fit.gz,,15.5,13121.0,11228.0,52792.0,13.8,4.702,1215.8,977.0,142.2,968.5,48.9,0.1,,,,,,,,192.0,241.0,,,,,,,,,,,,,,0.0,,0.0,,1.0,,,,,,,,,,,,,,,,11507033.0,,,,,,,,,,,,,16873.0,,,,,,,,,,,,,,,,,,,,,""
5225208942,"May 1, 2021, 3:47:07 PM",Evening Run,Run,Καλή (επ)Ανάσταση 🧠 με [δωρεαν] υγεία για όλο το κόσμο.. 🕯️,4613,10.06,,,,,,activities/5567786005.fit.gz,,,4613.0,4579.0,10066.0,4.0,2.198,267.0,227.0,219.2,436.8,47.5,0.0,,,104.0,82.0,,,,,751.0,,,,,,,,,,,,,,0.0,,0.0,,1.0,10918.2,,,,,,,,,,,,,,,,7337777.0,,,,,,,,,,,,9432.0,,,,,,,,,,,,,,,,,,,,,""
5218071985,"Apr 30, 2021, 12:22:41 PM",Afternoon Run,Run,"",4248,13.01,,,,,,activities/5560374250.fit.gz,,,4248.0,3977.0,13017.0,6.0,3.273,385.5,328.0,217.3,448.7,48.6,0.0,,,117.0,88.0,,,,,957.0,,,,,,,,,,,,,,0.0,,0.0,,1.0,14409.5,,,,,,,,,,,,,,,,7337777.0,,,,,,,,,,,,11852.0,,,,,,,,,,,,,,,,,,,,,""
5213924167,"Apr 29, 2021, 2:21:06 PM",Afternoon Ride,Ride,"",7270,26.47,,,,,CYCL⚙️PATH  ,activities/5556078345.fit.gz,,15.5,7270.0,5927.0,26470.0,14.2,4.466,359.0,376.0,127.8,414.6,44.9,0.0,,,,,,,,161.0,133.0,,,,,,,,,,,,,,0.0,,0.0,,1.0,,,,,,,,,,,,,,,,11507033.0,,,,,,,,,,,,,16939.0,,,,,,,,,,,,,,,,,,,,,""
5203002239,"Apr 27, 2021, 5:04:19 PM",Evening Run,Run,Free σκαστος,2350,9.02,,,,,,activities/5544182726.fit.gz,,,2350.0,2281.0,9024.0,6.2,3.956,175.3,177.0,84.5,215.9,40.0,0.0,,,97.0,90.0,,,,,650.0,,,,,,,,,,,,,,0.0,,0.0,,1.0,9384.2,,,,,,,,,,,,,,,,7337777.0,,,,,,,,,,,,41.0,,,,,,,,,,,,,,,,,,,,,""
5196294249,"Apr 26, 2021, 2:03:14 PM",Afternoon Run,Run,"800m x8 rest 50""",4051,13.54,,,,,,activities/5537238510.fit.gz,,,4051.0,3982.0,13541.0,6.4,3.401,183.0,150.0,216.4,366.2,28.6,0.3,,,122.0,87.0,,,,,961.0,,,,,,,,,,,,,,0.0,,0.0,,1.0,14263.8,,,,,,,,,,,,,,,,7337777.0,,,,,,,,,,,,12971.0,,,,,,,,,,,,,,,,,,,,,""
5189718844,"Apr 25, 2021, 7:19:28 AM",Morning Ride,Ride,...Βόλτα ψυχολογικης αποκατάστασης 🌦️☕ με κομπανιέρος Chris ✊,14188,64.21,,,,,CYCL⚙️PATH  ,activities/5530365068.fit.gz,,15.5,14188.0,10960.0,64211.0,14.0,5.859,592.0,545.0,125.0,415.2,47.5,0.0,,,,,,,,207.0,260.0,,,,,,,,,,,,,,0.0,,0.0,,1.0,,,,,,,,,,,,,,,,11507033.0,,,,,,,,,,,,,337.9,,,,,,,,,,,,,,,,,,,,,media/05598e21-1ee5-4786-937a-0bb70123190a.jpg|media/ab7bcf6a-e26d-48b4-bd5c-11f91f1f6472.jpg|media/01a5b443-f94d-4a61-b2f1-e3c0a2858ded.jpg
5178707691,"Apr 23, 2021, 4:30:01 PM",Evening Ride,Ride,Recovery 🍺,804,2.66,,,,,,activities/5518906732.fit.gz,,15.5,804.0,570.0,2663.0,15.4,4.672,22.4,57.0,193.0,258.0,17.1,-2.0,,,,,,,,168.0,25.0,,,,,,,,,,,,,,0.0,,0.0,,1.0,,,,,,,,,,,,,,,,,,,,,,,,,,,,,0.0,,,,,,,,,,,,,,,,,,,,,""
5178707766,"Apr 23, 2021, 3:43:13 PM",Evening Run,Run,Brick Tempo 10km  1.37 lap avg.,2808,10.88,,,,,,activities/5518906701.fit.gz,,,2808.0,2590.0,10880.0,5.8,4.201,41.6,38.4,246.2,258.0,47.5,0.0,,,96.0,93.0,,,,,784.0,,,,,,,,,,,,,,0.0,,0.0,,1.0,10955.2,,,,,,,,,,,,,,,,7337777.0,,,,,,,,,,,,,,,,,,,,,,,,,,,,,,,,,""
5178707833,"Apr 23, 2021, 2:43:50 PM",Afternoon Ride,Ride,Mtb,3563,19.20,,,,,CYCL⚙️PATH  ,activities/5518906489.fit.gz,,15.5,3563.0,3435.0,19208.0,15.2,5.592,364.4,280.0,178.8,427.8,48.3,0.3,,,,,,,,213.0,65.0,,,,,,,,,,,,,,0.0,,0.0,,1.0,,,,,,,,,,,,,,,,11507033.0,,,,,,,,,,,,,10825.0,,,,,,,,,,,,,,,,,,,,,""
5172660508,"Apr 22, 2021, 2:24:17 PM",Evening Activity,Run,"",4213,12.99,,,,,,activities/5512648818.fit.gz,,,4213.0,4211.0,12991.0,6.2,3.085,459.4,385.0,207.1,449.1,48.9,-0.1,,,119.0,86.0,,,,,924.0,,,,,,,,,,,,,,0.0,,0.0,,1.0,15045.4,,,,,,,,,,,,,,,,7337777.0,,,,,,,,,,,,10161.0,,,,,,,,,,,,,,,,,,,,,""
5167206544,"Apr 21, 2021, 2:45:24 PM",Afternoon Run,Run,Free παρέα  με δύο CATERPILLARS 🚜🚛,4590,11.81,,,,,,activities/5506990387.fit.gz,,,4590.0,4393.0,11816.0,5.8,2.69,190.0,205.0,211.2,371.8,26.7,0.0,,,88.0,82.0,,,,,860.0,,,,,,,,,,,,,,0.0,,0.0,,1.0,12365.1,,,,,,,,,,,,,,,,7337777.0,,,,,,,,,,,,10846.0,,,,,,,,,,,,,,,,,,,,,""
5148106348,"Apr 18, 2021, 7:27:09 AM",Morning Ride,Ride,"",12540,55.83,,,,,CYCL⚙️PATH  ,activities/5487108774.fit.gz,,15.0,12540.0,9849.0,55834.0,15.4,5.669,932.0,918.0,132.8,1025.8,48.9,-0.1,,,,,,,,212.0,230.0,,,,,,,,,,,,,,0.0,,0.0,,1.0,,,,,,,,,,,,,,,,11507033.0,,,,,,,,,,,,,2327.0,,,,,,,,,,,,,,,,,,,,,""
5143813304,"Apr 17, 2021, 2:19:38 PM",Afternoon Ride,Ride,Courier,9706,31.51,,,,,CYCL⚙️PATH  ,activities/5482607184.fit.gz,,15.0,9706.0,5878.0,31510.0,16.4,5.361,275.0,313.0,38.4,227.2,49.2,-0.1,,,,,,,,204.0,179.0,,,,,,,,,,,,,,0.0,,0.0,,1.0,,,,,,,,,,,,,,,,11507033.0,,,,,,,,,,,,,54.0,,,,,,,,,,,,,,,,,,,,,""
5143814840,"Apr 17, 2021, 12:29:36 PM",Afternoon Run,Run,,3865,14.01,,,,,,activities/5482609135.fit.gz,,,3865.0,3798.0,14014.0,4.8,3.69,0.0,0.0,240.2,249.0,25.7,0.0,,,96.0,91.0,,,,,1013.0,,,,,,,,,,,,,,,,0.0,,1.0,14134.5,,,,,,,,,,,,,,,,7337777.0,,,,,,,,,,,,,,,,,,,,,,,,,,,,,,,,,""
5137902627,"Apr 16, 2021, 4:44:03 PM",Evening Run,Run, free mod ,2846,11.04,,,,,,activities/5476464043.fit.gz,,,2846.0,2832.0,11043.0,6.4,3.899,119.0,162.0,64.2,228.6,33.3,-0.2,,,107.0,91.0,,,,,787.0,,,,,,,,,,,,,,0.0,,0.0,,1.0,11264.3,,,,,,,,,,,,,,,,7337777.0,,,,,,,,,,,,,,,,,,,,,,,,,,,,,,,,,""
5131472437,"Apr 15, 2021, 1:43:14 PM",Afternoon Run,Run,2 x 900.0s @ 14.8 km/h   4'03 min/km /   15Min mod>hard  ,4115,13.08,,,,,,activities/5469785755.fit.gz,,,4115.0,4057.0,13079.0,6.0,3.224,307.1,256.0,214.8,369.0,46.7,0.1,,,114.0,86.0,,,,,942.0,,,,,,,,,,,,,,0.0,,0.0,,1.0,14070.3,,,,,,,,,,,,,,,,7337777.0,,,,,,,,,,,,12486.0,,,,,,,,,,,,,,,,,,,,,""
5126338855,"Apr 14, 2021, 3:23:35 PM",Evening Run,Run,_Χλαπάτσας,4040,9.55,,,,,,activities/5464447528.fit.gz,,,4040.0,4003.0,9554.0,4.0,2.387,176.0,170.0,197.2,368.4,28.8,0.2,,,112.0,82.0,,,,,687.0,,,,,,,,,,,,,,0.0,,0.0,,1.0,10308.4,,,,,,,,,,,,,,,,7337777.0,,,,,,,,,,,,7068.0,,,,,,,,,,,,,,,,,,,,,""
5120035513,"Apr 13, 2021, 2:40:12 PM",Afternoon Run,Run,"",3929,10.83,,,,,,activities/5457874788.fit.gz,,,3929.0,3808.0,10833.0,6.0,2.845,401.4,307.0,195.0,435.6,49.1,0.1,,,169.0,85.0,,,,,770.0,,,,,,,,,,,,,,0.0,,0.0,,1.0,12836.7,,,,,,,,,,,,,,,,7337777.0,,,,,,,,,,,,8900.0,,,,,,,,,,,,,,,,,,,,,""
5109780823,"Apr 11, 2021, 2:31:50 PM",Afternoon Run,Run,🌇🙌🎧,4697,15.05,,,,,,activities/5447104856.fit.gz,,,4697.0,4390.0,15052.0,5.4,3.429,0.0,7.0,240.6,252.0,10.8,0.0,,,93.0,87.0,,,,,1169.0,,,,,,,,,,,,,,0.0,,0.0,,1.0,15243.4,,,,,,,,,,,,,,,,7337777.0,,,,,,,,,,,,,,,,,,,,,,,,,,,,,,,,,""
5106940767,"Apr 11, 2021, 7:39:57 AM",Morning Ride,Ride,🚴☕🏖️😎........🍑🍐,9202,47.00,,,,,CYCL⚙️PATH  ,activities/5444135122.fit.gz,,15.0,9202.0,7299.0,47006.0,13.8,6.44,372.0,269.0,1.8,216.3,49.1,0.0,,,,,,,,234.0,169.0,,,,,,,,,,,,,,0.0,,0.0,,1.0,,,,,,,,,,,,,,,,11507033.0,,,,,,,,,,,,,371.0,,,,,,,,,,,,,,,,,,,,,""
5102793009,"Apr 10, 2021, 1:22:23 PM",Afternoon Run,Run,λαος & κολωνάκι,6756,22.18,,,,,,activities/5439777962.fit.gz,,,6756.0,6410.0,22183.0,9.4,3.461,270.1,247.0,35.5,258.7,49.1,0.0,,,103.0,89.0,,,,,1599.0,,,,,,,,,,,,,,0.0,,0.0,,1.0,23099.0,,,,,,,,,,,,,,,,7337777.0,,,,,,,,,,,,,,,,,,,,,,,,,,,,,,,,,""
5097303678,"Apr 9, 2021, 3:43:53 PM",Evening Run,Run,1 x 1800.0s @ 3'52 min/km /   30Min [lap(avg) 1.35] steady - mod,4243,13.34,,,,,,activities/5434035624.fit.gz,,,4243.0,4175.0,13346.0,5.2,3.197,128.0,163.0,190.2,332.8,48.9,-0.2,,,102.0,88.0,,,,,956.0,,,,,,,,,,,,,,0.0,,0.0,,1.0,14029.2,,,,,,,,,,,,,,,,7337777.0,,,,,,,,,,,,10289.0,,,,,,,,,,,,,,,,,,,,,""
5091146444,"Apr 8, 2021, 2:46:50 PM",Afternoon Ride,Ride,χ7 ^,3760,16.44,,,,,CYCL⚙️PATH  ,activities/5427605163.fit.gz,,15.0,3760.0,3568.0,16446.0,15.0,4.609,580.5,410.0,149.1,240.9,48.9,0.0,,,,,,,,209.0,69.0,,,,,,,,,,,,,,0.0,,0.0,,1.0,,,,,,,,,,,,,,,,11507033.0,,,,,,,,,,,,,1660.0,,,,,,,,,,,,,,,,,,,,,""
5085579091,"Apr 7, 2021, 3:16:57 PM",Evening Run,Run,,3552,10.13,,,,,,activities/5421806112.fit.gz,,,3552.0,3166.0,10132.0,6.0,3.2,193.3,99.0,117.1,238.2,47.5,0.0,,,93.0,86.0,,,,,752.0,,,,,,,,,,,,,,,,0.0,,1.0,10778.3,,,,,,,,,,,,,,,,7337777.0,,,,,,,,,,,,3913.0,,,,,,,,,,,,,,,,,,,,,""
5080257467,"Apr 6, 2021, 3:42:17 PM",Evening Run,Run,10 x 60.0s @ 13.3 km/h   4'31 min/km /    1Min ;,1218,2.97,,,,,,activities/5416254544.fit.gz,,,1218.0,1070.0,2973.0,6.8,2.779,134.9,14.0,140.5,277.6,42.9,3.5,,,114.0,86.0,,,,,204.0,,,,,,,,,,,,,,0.0,,0.0,,1.0,3461.9,,,,,,,,,,,,,,,,7337777.0,,,,,,,,,,,,,,,,,,,,,,,,,,,,,,,,,""
5080267402,"Apr 6, 2021, 2:58:14 PM",Afternoon Run,Run,"_REBOOT
R.p",2265,9.17,,,,,,activities/5416264552.fit.gz,,,2265.0,2265.0,9171.0,5.8,4.049,244.0,272.0,141.2,448.7,17.8,-0.8,,,97.0,90.0,,,,,657.0,,,,,,,,,,,,,,0.0,,0.0,,1.0,9722.4,,,,,,,,,,,,,,,,7337777.0,,,,,,,,,,,,7075.0,,,,,,,,,,,,,,,,,,,,,""
4734069057,"Feb 4, 2021, 12:03:51 PM",Afternoon Ride,Ride,"_σαβούρα 🩹
Παΐδια/γόνατο/χέρι ΤΑ ΓΑΜΗΣΑΜΕ",2467,11.04,,,,,CYCL⚙️PATH  ,activities/5053323455.fit.gz,,15.0,2467.0,2195.0,11044.0,15.8,5.031,347.0,291.0,195.4,426.8,22.5,0.4,,,,,,,,251.0,52.0,,,,,,,,,,,,,,0.0,,0.0,,1.0,,,,,,,,,,,,,,,,11507033.0,,,,,,,,,,,,,10137.0,,,,,,,,,,,,,,,,,,,,,""
4726942018,"Feb 3, 2021, 11:06:20 AM",Afternoon Ride,Ride,"",4124,20.45,,,,,CYCL⚙️PATH  ,activities/5045952851.fit.gz,,15.0,4124.0,3996.0,20457.0,12.4,5.119,275.0,257.0,212.2,404.0,46.7,0.1,,,,,,,,184.0,76.0,,,,,,,,,,,,,,0.0,,0.0,,1.0,,,,,,,,,,,,,,,,11507033.0,,,,,,,,,,,,,19480.0,,,,,,,,,,,,,,,,,,,,,""
4710979413,"Jan 31, 2021, 10:03:59 AM",Lunch Ride,Ride,Beerovery ride 🍻,10155,44.49,175.0,42,,,CYCL⚙️PATH  ,activities/5029339118.fit.gz,,15.0,10155.0,7762.0,44498.0,12.8,5.733,276.0,190.0,1.0,212.0,50.0,0.1,,,,,,116.0,,217.0,1135.0,,,42.0,,,,,,,,,,,0.0,,0.0,,1.0,,,,,,,,,,,,,,,,11507033.0,,,,,,,,,,,,,101.0,,,,,,,,,,,,,,,,,,,,,media/ab754888-3bb3-4ed0-899f-3c729dabcedc.jpg
4703966708,"Jan 30, 2021, 9:04:02 AM",Lunch Run,Run,,7415,17.55,,,,,,activities/5022044073.fit.gz,,,7415.0,7152.0,17555.0,5.2,2.455,995.2,799.0,214.5,449.1,49.1,0.2,,,120.0,83.0,,,,,1183.0,,,,,,,,,,,,,,,,0.0,,1.0,23344.3,,,,,,,,,,,,,,,,7337777.0,,,,,,,,,,,,13689.0,,,,,,,,,,,,,,,,,,,,,""
4699512577,"Jan 29, 2021, 11:59:10 AM",Afternoon Run,Run,5 x  0.5km @ 17.5 km/h   3'26 min/km / 50s ; 5 x  0.5km @ 15.7 km/h   3'48 min/km / 50s ;,3254,10.76,,,,,,activities/5017398550.fit.gz,,,3254.0,3151.0,10761.0,6.6,3.415,0.0,7.0,211.6,231.2,17.1,-0.1,,,206.0,92.0,,,,,783.0,,,,,,,,,,,,,,,,0.0,,1.0,10831.6,,,,,,,,,,,,,,,,7337777.0,,,,,,,,,,,,10530.0,,,,,,,,,,,,,,,,,,,,,""
4679194638,"Jan 25, 2021, 12:01:04 PM",Afternoon Ride,Ride,"",4447,20.74,,,,,CYCL⚙️PATH  ,activities/4996309037.fit.gz,,15.0,4447.0,3768.0,20748.0,16.0,5.506,388.0,407.0,209.8,427.4,48.3,0.1,,,,,,,,211.0,82.0,,,,,,,,,,,,,,0.0,,0.0,,1.0,,,,,,,,,,,,,,,,11507033.0,,,,,,,,,,,,,18170.0,,,,,,,,,,,,,,,,,,,,,""
4672238328,"Jan 24, 2021, 8:39:42 AM",Morning Run,Run,,7065,18.08,,,,,,activities/4989050588.fit.gz,,,7065.0,6049.0,18087.0,5.4,2.99,516.0,505.0,216.0,447.4,49.4,0.0,,,126.0,88.0,,,,,1329.0,,,,,,,,,,,,,,,,0.0,,1.0,20018.6,,,,,,,,,,,,,,,,7337777.0,,,,,,,,,,,,16536.0,,,,,,,,,,,,,,,,,,,,,""
4666330907,"Jan 23, 2021, 8:59:09 AM",Morning Run,Run,1 x 720.0s @ 16.3 km/h   3'40 min/km /   12Min ; 1 x 720.0s @ 16.2 km/h   3'42 min/km /   12Min ;,6818,19.51,,,,,,activities/4982887461.fit.gz,,,6818.0,6656.0,19516.0,5.8,2.932,535.0,519.0,212.6,445.4,49.2,0.0,,,107.0,86.0,,,,,1368.0,,,,,,,,,,,,,,,,0.0,,1.0,22276.6,,,,,,,,,,,,,,,,7337777.0,,,,,,,,,,,,17228.0,,,,,,,,,,,,,,,,,,,,,""
4657901041,"Jan 21, 2021, 3:39:15 PM",Afternoon Run,Run,2 x 900.0s @ 14.2 km/h   4'13 min/km /   15Min ; 1 x 900.0s @ 14.5 km/h   4'08 min/km /   15Min ;,5174,16.21,,,,,,activities/4974105756.fit.gz,,,5174.0,4954.0,16213.0,7.4,3.273,141.0,156.0,156.8,231.2,44.4,0.0,,,254.0,91.0,,,,,1173.0,,,,,,,,,,,,,,,,0.0,,1.0,16724.2,,,,,,,,,,,,,,,,7337777.0,,,,,,,,,,,,11515.0,,,,,,,,,,,,,,,,,,,,,""
4651989412,"Jan 20, 2021, 1:50:45 PM",Afternoon Run,Run,,2843,6.75,,,,,,activities/4967959475.fit.gz,,,2843.0,2595.0,6758.0,4.0,2.604,212.0,190.0,211.8,428.2,31.4,0.1,,,93.0,83.0,,,,,541.0,,,,,,,,,,,,,,,,0.0,,1.0,7456.9,,,,,,,,,,,,,,,,7337777.0,,,,,,,,,,,,5887.0,,,,,,,,,,,,,,,,,,,,,""
4647460241,"Jan 19, 2021, 4:12:09 PM",Evening Run,Run,,3230,10.21,,,,,,activities/4963264591.fit.gz,,,3230.0,3149.0,10218.0,7.0,3.245,142.0,163.0,182.2,237.6,40.0,-0.2,,,188.0,89.0,,,,,700.0,,,,,,,,,,,,,,,,0.0,,1.0,10861.3,,,,,,,,,,,,,,,,7337777.0,,,,,,,,,,,,2004.0,,,,,,,,,,,,,,,,,,,,,""
4634743168,"Jan 17, 2021, 9:43:27 AM",Lunch Run,Run,,7200,17.92,,,,,,activities/4950011967.fit.gz,,,7200.0,7035.0,17920.0,7.2,2.547,645.6,554.0,202.3,449.1,49.1,0.0,,,100.0,85.0,,,,,1297.0,,,,,,,,,,,,,,,,0.0,,1.0,21113.8,,,,,,,,,,,,,,,,7337777.0,,,,,,,,,,,,15138.0,,,,,,,,,,,,,,,,,,,,,""
4629530258,"Jan 16, 2021, 12:38:47 PM",Afternoon Run,Run,,4911,13.91,,,,,,activities/4944576397.fit.gz,,,4911.0,4700.0,13915.0,5.6,2.961,469.0,399.0,205.3,449.1,48.6,0.0,,,159.0,85.0,,,,,990.0,,,,,,,,,,,,,,,,0.0,,1.0,16149.1,,,,,,,,,,,,,,,,7337777.0,,,,,,,,,,,,11733.0,,,,,,,,,,,,,,,,,,,,,""
4618998898,"Jan 14, 2021, 12:24:53 PM",Afternoon Run,Run,3 x 600.0s @ 15.8 km/h   3'47 min/km /   10Min ;,3371,11.85,,,,,,activities/4933606402.fit.gz,,,3371.0,3306.0,11849.0,6.6,3.584,0.0,7.0,207.4,218.8,30.0,0.0,,,183.0,93.0,,,,,841.0,,,,,,,,,,,,,,,,0.0,,1.0,11933.7,,,,,,,,,,,,,,,,7337777.0,,,,,,,,,,,,,,,,,,,,,,,,,,,,,,,,,""
4619000060,"Jan 13, 2021, 12:25:10 PM",Afternoon Run,Run,,2486,5.73,,,,,,activities/4933607594.fit.gz,,,2486.0,2481.0,5734.0,3.4,2.311,204.0,156.0,219.0,428.4,42.5,0.7,,,103.0,83.0,,,,,399.0,,,,,,,,,,,,,,,,0.0,,1.0,6570.0,,,,,,,,,,,,,,,,7337777.0,,,,,,,,,,,,5008.0,,,,,,,,,,,,,,,,,,,,,""
4609715131,"Jan 12, 2021, 4:39:43 PM",Evening Run,Run,X20 250m,3106,8.45,,,,,,activities/4923898291.fit.gz,,,3106.0,2893.0,8454.0,7.6,2.922,7.0,7.0,204.0,225.4,17.8,0.0,,,213.0,90.0,,,,,592.0,,,,,,,,,,,,,,0.0,,0.0,,1.0,8571.7,,,,,,,,,,,,,,,,7337777.0,,,,,,,,,,,,8030.0,,,,,,,,,,,,,,,,,,,,,""
4609275773,"Jan 11, 2021, 3:54:42 PM",Afternoon Activity,Workout,Full core,2470,0,138.0,6,,,,activities/4923443436.fit.gz,,,2470.0,2470.0,0.0,0.0,0.0,0.0,0.0,224.4,224.4,0.0,0.0,,,,,,104.0,,,290.0,,,6.0,,,,,,,,,,,0.0,,0.0,,1.0,,,,,,,,,,,,,,,,,,,,,,,,,,,,,,,,,,,,,,,,,,,,,,,,,,""
4597555896,"Jan 10, 2021, 10:15:38 AM",Lunch Run,Run,,6091,15.14,,,,,,activities/4911156273.fit.gz,,,6091.0,5503.0,15143.0,5.0,2.752,395.0,284.0,213.4,434.8,48.6,0.9,,,99.0,85.0,,,,,1167.0,,,,,,,,,,,,,,,,0.0,,1.0,16592.0,,,,,,,,,,,,,,,,7337777.0,,,,,,,,,,,,,,,,,,,,,,,,,,,,,,,,,""
4593002588,"Jan 9, 2021, 8:59:10 AM",Morning Run,Run,"",14847,29.54,,,,,,activities/4906375000.fit.gz,,,14847.0,13524.0,29545.0,5.2,2.185,1500.1,1168.0,469.2,1276.6,50.0,0.0,,,119.0,83.0,,,,,2089.0,,,,,,,,,,,,,,0.0,,0.0,,1.0,38277.8,,,,,,,,,,,,,,,,7337777.0,,,,,,,,,,,,25927.0,,,,,,,,,,,,,,,,,,,,,media/b986395a-4831-4d94-b94d-7933d7255532.jpg
4587428161,"Jan 8, 2021, 3:07:44 PM",Afternoon Run,Run,,2976,10.21,,,,,,activities/4900552908.fit.gz,,,2976.0,2655.0,10215.0,5.8,3.847,7.0,7.0,202.8,216.8,7.5,0.1,,,183.0,93.0,,,,,750.0,,,,,,,,,,,,,,,,0.0,,1.0,10338.2,,,,,,,,,,,,,,,,7337777.0,,,,,,,,,,,,9949.0,,,,,,,,,,,,,,,,,,,,,""
4587032988,"Jan 7, 2021, 5:20:11 PM",Evening Activity,Weight Training,"",2808,0,159.0,8,,,,activities/4900140405.fit.gz,,,2808.0,2808.0,0.0,0.0,0.0,0.0,0.0,273.4,273.4,0.0,0.0,,,,,,112.0,,,364.0,,,8.0,,,,,,,,,,,0.0,,0.0,,1.0,,,,,,,,,,,,,,,,,,,,,,,,,,,,,,,,,,,,,,,,,,,,,,,,,,""
4576364239,"Jan 6, 2021, 11:01:14 AM",Afternoon Run,Run,,6238,15.23,,,,,,activities/4888960539.fit.gz,,,6238.0,5981.0,15234.0,5.6,2.547,603.0,412.0,201.2,446.0,48.9,1.1,,,153.0,85.0,,,,,1135.0,,,,,,,,,,,,,,,,0.0,,1.0,18227.6,,,,,,,,,,,,,,,,7337777.0,,,,,,,,,,,,11633.0,,,,,,,,,,,,,,,,,,,,,""
4571335062,"Jan 5, 2021, 1:41:41 PM",Afternoon Run,Run,15 x 60.0s @ 16.3 km/h   3'41 min/km /    1Min ;,3858,13.01,,,,,,activities/4883702767.fit.gz,,,3858.0,3608.0,13012.0,7.0,3.606,0.0,21.0,205.4,231.4,8.9,-0.2,,,192.0,93.0,,,,,962.0,,,,,,,,,,,,,,,,0.0,,1.0,13082.9,,,,,,,,,,,,,,,,7337777.0,,,,,,,,,,,,,,,,,,,,,,,,,,,,,,,,,""
4560030444,"Jan 3, 2021, 11:10:26 AM",Afternoon Ride,Ride,"",6409,26.92,,,,,CYCL⚙️PATH  ,activities/4871797476.fit.gz,,15.0,6409.0,5304.0,26922.0,14.6,5.076,452.0,511.0,214.8,448.4,49.6,0.0,,,,,,,,180.0,118.0,,,,,,,,,,,,,,0.0,,0.0,,1.0,,,,,,,,,,,,,,,,11507033.0,,,,,,,,,,,,,23697.0,,,,,,,,,,,,,,,,,,,,,""
4553254766,"Jan 2, 2021, 9:19:35 AM",Lunch Run,Run,"",6649,17.12,208.0,263,,,,activities/4864663172.fit.gz,,,6649.0,6346.0,17122.0,9.0,2.698,626.0,760.0,212.4,446.6,49.1,-1.2,,,123.0,87.0,,174.0,,,1724.0,,,263.0,,,,,,,,,,,0.0,,0.0,,1.0,20121.9,,,,,,,,,,,,,,,,7337777.0,,,,,,,,,,,,9627.0,,,,,,,,,,,,,,,,,,,,,media/8aaed471-8645-4b26-aa84-ea76017739ad.jpg
4548149903,"Jan 1, 2021, 10:22:53 AM",Lunch Run,Run,,6437,14.90,198.0,182,,,,activities/4859266458.fit.gz,,,6437.0,6245.0,14904.0,5.0,2.387,594.0,625.0,221.2,446.6,48.9,0.0,,,110.0,83.0,,160.0,,,1432.0,,,182.0,,,,,,,,,,,,,0.0,,1.0,17862.0,,,,,,,,,,,,,,,,7337777.0,,,,,,,,,,,,12229.0,,,,,,,,,,,,,,,,,,,,,""
4543242530,"Dec 31, 2020, 9:56:39 AM",Lunch Run,Run,,3701,14.50,,,,,,activities/4854026917.fit.gz,,,3701.0,3589.0,14501.0,5.8,4.04,0.0,0.0,243.0,254.0,10.9,0.0,,,98.0,92.0,,,,,1041.0,,,,,,,,,,,,,,,,0.0,,1.0,14587.9,,,,,,,,,,,,,,,,7337777.0,,,,,,,,,,,,,,,,,,,,,,,,,,,,,,,,,""
4534341549,"Dec 29, 2020, 1:56:55 PM",Afternoon Run,Run,Interval 30-30 ,627,1.64,155.0,4,,,,activities/4844591475.fit.gz,,,627.0,615.0,1646.0,5.4,2.676,101.8,0.0,140.8,242.6,42.2,6.2,,,115.0,89.0,,136.0,,,128.0,,,4.0,,,,,,,,,,,0.0,,0.0,,1.0,2106.0,,,,,,,,,,,,,,,,7337777.0,,,,,,,,,,,,,,,,,,,,,,,,,,,,,,,,,""
4534343560,"Dec 29, 2020, 1:12:41 PM",Afternoon Run,Run,,2293,9.28,207.0,171,,,,activities/4844593456.fit.gz,,,2293.0,2276.0,9288.0,6.0,4.081,244.3,271.0,139.8,448.7,18.2,-0.8,,,186.0,95.0,,196.0,,,829.0,,,171.0,,,,,,,,,,,,,0.0,,1.0,9839.8,,,,,,,,,,,,,,,,7337777.0,,,,,,,,,,,,,,,,,,,,,,,,,,,,,,,,,""
4529592824,"Dec 28, 2020, 1:08:21 PM",Afternoon Run,Run,,4277,12.88,,,,,,activities/4839568199.fit.gz,,,4277.0,3615.0,12884.0,7.6,3.564,7.0,0.0,199.6,213.4,42.2,0.0,,,199.0,94.0,,,,,946.0,,,,,,,,,,,,,,,,0.0,,1.0,13024.9,,,,,,,,,,,,,,,,7337777.0,,,,,,,,,,,,,,,,,,,,,,,,,,,,,,,,,""
4526041595,"Dec 27, 2020, 5:06:24 PM",functional,Weight Training,"",2708,0,140.0,8,,,,activities/4835779635.fit.gz,,,2708.0,2708.0,0.0,0.0,0.0,0.0,0.0,224.2,224.2,0.0,0.0,,,,,,111.0,,,360.0,,,8.0,,,,,,,,,,,0.0,,0.0,,1.0,,,,,,,,,,,,,,,,,,,,,,,,,,,,,,,,,,,,,,,,,,,,,,,,,,""
4524270115,"Dec 27, 2020, 11:06:18 AM",Afternoon Hike,Hike,"",5294,8.30,,,,,,activities/4833924610.fit.gz,,,5294.0,5051.0,8305.0,5.2,1.644,140.0,133.0,279.2,406.0,49.1,0.1,,,189.0,66.0,,,,,427.0,,,,,,,,,,,,,,0.0,,0.0,,1.0,,,,,,,,,,,,,,,,,7337777.0,,,,,,,,,,,,,,,,,,,,,,,,,,,,,,,,,""
4519405464,"Dec 26, 2020, 8:19:22 AM",💓🌲🏞️......🚴..🌤️🏙️,Ride,"",12735,50.65,,,,,CYCL⚙️PATH  ,activities/4828769220.fit.gz,,15.0,12735.0,9857.0,50650.0,15.4,5.138,416.0,448.0,83.8,503.6,46.6,0.1,,,,,,,,174.0,235.0,,,,,,,,,,,,,,0.0,,0.0,,1.0,,,,,,,,,,,,,,,,11507033.0,,,,,,,,,,,,,7941.0,,,,,,,,,,,,,,,,,,,,,media/6b4f4f02-32fb-4ebd-9edc-9712cc3f0d0c.jpg
4515323834,"Dec 25, 2020, 9:43:28 AM",Lunch Run,Run,,6430,20.67,,,,,,activities/4824437039.fit.gz,,,6430.0,6310.0,20675.0,8.6,3.277,0.0,14.0,192.8,219.0,40.0,-0.1,,,119.0,88.0,,,,,1488.0,,,,,,,,,,,,,,,,0.0,,1.0,20809.8,,,,,,,,,,,,,,,,7337777.0,,,,,,,,,,,,20470.0,,,,,,,,,,,,,,,,,,,,,""
4512927054,"Dec 24, 2020, 2:12:37 PM",Afternoon Ride,Ride,Recovery,3460,6.64,151.0,7,,,CYCL⚙️PATH  ,activities/4821872467.fit.gz,,15.0,3460.0,2540.0,6648.0,12.8,2.617,63.0,166.0,136.4,290.2,48.9,-1.0,,,,,,102.0,,167.0,360.0,,,7.0,,,,,,,,,,,0.0,,0.0,,1.0,,,,,,,,,,,,,,,,11507033.0,,,,,,,,,,,,,2617.0,,,,,,,,,,,,,,,,,,,,,""
4512079881,"Dec 24, 2020, 11:39:38 AM",Afternoon Run,Run,30' rp,4331,17.12,208.0,307,,,,activities/4820982907.fit.gz,,,4331.0,4331.0,17126.0,6.0,3.954,346.4,262.0,209.9,369.0,20.0,0.0,,,186.0,94.0,,191.0,,,1371.0,,,307.0,,,,,,,,,,,0.0,,0.0,,1.0,17875.3,,,,,,,,,,,,,,,,7337777.0,,,,,,,,,,,,16464.0,,,,,,,,,,,,,,,,,,,,,""
4508113147,"Dec 23, 2020, 12:20:55 PM",Afternoon Run,Run,,3600,10.16,,,,,,activities/4816800053.fit.gz,,,3600.0,3596.0,10167.0,5.4,2.827,390.0,341.0,219.6,427.6,42.9,0.5,,,115.0,87.0,,,,,690.0,,,,,,,,,,,,,,,,0.0,,1.0,11854.9,,,,,,,,,,,,,,,,7337777.0,,,,,,,,,,,,,,,,,,,,,,,,,,,,,,,,,""
4503850213,"Dec 22, 2020, 12:16:29 PM",Afternoon Run,Run,,2943,10.38,,,,,,activities/4812316153.fit.gz,,,2943.0,2847.0,10380.0,8.4,3.646,0.0,0.0,206.2,233.6,27.5,0.2,,,199.0,95.0,,,,,740.0,,,,,,,,,,,,,,,,0.0,,1.0,10474.3,,,,,,,,,,,,,,,,7337777.0,,,,,,,,,,,,,,,,,,,,,,,,,,,,,,,,,""
4494804657,"Dec 20, 2020, 8:22:58 AM",Morning Ride,Ride,"",8906,38.84,,,,,CYCL⚙️PATH  ,activities/4802746152.fit.gz,,15.0,8906.0,8391.0,38847.0,15.2,4.63,725.0,663.0,82.2,427.4,44.0,0.1,,,,,,,,179.0,171.0,,,,,,,,,,,,,,0.0,,0.0,,1.0,,,,,,,,,,,,,,,,11507033.0,,,,,,,,,,,,,30765.0,,,,,,,,,,,,,,,,,,,,,""
4491661002,"Dec 19, 2020, 1:42:08 PM",Afternoon Ride,Ride,"",6584,33.22,,,,,CYCL⚙️PATH  ,activities/4799408139.fit.gz,,15.0,6584.0,6041.0,33225.0,14.6,5.5,241.0,292.0,40.4,225.0,47.5,0.0,,,,,,,,202.0,121.0,,,,,,,,,,,,,,0.0,,0.0,,1.0,,,,,,,,,,,,,,,,11507033.0,,,,,,,,,,,,,1559.0,,,,,,,,,,,,,,,,,,,,,media/6295f001-47bd-48d2-9ef0-4ba474dfac7d.jpg
4490373726,"Dec 19, 2020, 9:32:34 AM",Lunch Run,Run,,7116,18.02,212.0,393,,,,activities/4798055991.fit.gz,,,7116.0,6982.0,18019.0,4.2,2.581,445.0,467.0,216.2,448.0,47.5,0.0,,,96.0,83.0,,181.0,,,2074.0,,,393.0,,,,,,,,,,,,,0.0,,1.0,19794.7,,,,,,,,,,,,,,,,7337777.0,,,,,,,,,,,,15251.0,,,,,,,,,,,,,,,,,,,,,""
4487044646,"Dec 18, 2020, 1:00:48 PM",Afternoon Run,Run,,3011,9.49,,,,,,activities/4794530921.fit.gz,,,3011.0,2942.0,9491.0,7.0,3.226,7.0,14.0,195.2,215.2,25.0,0.2,,,194.0,92.0,,,,,672.0,,,,,,,,,,,,,,,,0.0,,1.0,9662.7,,,,,,,,,,,,,,,,7337777.0,,,,,,,,,,,,9027.0,,,,,,,,,,,,,,,,,,,,,""
4480009504,"Dec 16, 2020, 3:38:46 PM",Afternoon Activity,Workout,"",4018,0,169.0,12,,,,activities/4787121541.fit.gz,,,4018.0,4018.0,0.0,0.0,0.0,0.0,0.0,208.6,208.6,0.0,0.0,,,,,,106.0,,,447.0,,,12.0,,,,,,,,,,,0.0,,0.0,,1.0,,,,,,,,,,,,,,,,,,,,,,,,,,,,,,,,,,,,,,,,,,,,,,,,,,""
4465957830,"Dec 13, 2020, 9:09:29 AM",Lunch Run,Run,,5326,16.48,,,,,,activities/4772303993.fit.gz,,,5326.0,5055.0,16486.0,6.2,3.261,84.0,92.0,191.8,219.8,43.0,0.1,,,99.0,90.0,,,,,1204.0,,,,,,,,,,,,,,,,0.0,,1.0,16841.9,,,,,,,,,,,,,,,,7337777.0,,,,,,,,,,,,15335.3,,,,,,,,,,,,,,,,,,,,,""
4462176142,"Dec 12, 2020, 11:08:11 AM",Afternoon Run,Run,,6032,14.96,200.0,280,,,,activities/4768315362.fit.gz,,,6032.0,5959.0,14960.0,4.8,2.51,226.0,226.0,189.8,369.2,37.8,0.0,,,127.0,83.0,,173.0,,,1672.0,,,280.0,,,,,,,,,,,,,0.0,,1.0,15857.9,,,,,,,,,,,,,,,,7337777.0,,,,,,,,,,,,13600.8,,,,,,,,,,,,,,,,,,,,,""
4458905411,"Dec 11, 2020, 4:34:48 PM",Evening Activity,Crossfit,"",1797,0,146.0,6,,,,activities/4764860042.fit.gz,,,1797.0,1797.0,0.0,0.0,0.0,0.0,0.0,199.8,199.8,0.0,0.0,,,,,,118.0,,,277.0,,,6.0,,,,,,6.0,,,,,0.0,47.0,0.0,,1.0,,,,,,,,,,,,,,,,,,,,,,,,,,,,,,,,,,,,,,,,,,,,,,,,,,""
4458905349,"Dec 11, 2020, 1:52:48 PM",Afternoon Run,Run,,1955,6.59,,,,,,activities/4764859822.fit.gz,,,1955.0,1922.0,6594.0,5.6,3.431,42.0,28.0,180.6,215.6,47.3,0.3,,,102.0,91.0,,,,,478.0,,,,,,,,,,,,,,,,0.0,,1.0,6759.2,,,,,,,,,,,,,,,,7337777.0,,,,,,,,,,,,6219.4,,,,,,,,,,,,,,,,,,,,,""
4454826150,"Dec 10, 2020, 3:43:32 PM",Afternoon Run,Run,,2920,10.55,204.0,161,,,,activities/4760574797.fit.gz,,,2920.0,2846.0,10550.0,5.6,3.707,242.0,234.0,218.0,450.6,27.3,-0.1,,,186.0,93.0,,180.0,,,866.0,,,161.0,,,,,,,,,,,,,0.0,,1.0,11182.3,,,,,,,,,,,,,,,,7337777.0,,,,,,,,,,,,9392.4,,,,,,,,,,,,,,,,,,,,,""
4449814136,"Dec 9, 2020, 11:21:50 AM",Afternoon Run,Run,,3028,9.75,,,,,,activities/4755320620.fit.gz,,,3028.0,2999.0,9755.0,6.7,3.253,63.0,84.0,200.2,236.6,39.1,-0.3,,,195.0,90.0,,,,,724.0,,,,,,,,,,,,,,,,0.0,,1.0,10042.4,,,,,,,,,,,,,,,,7337777.0,,,,,,,,,,,,8879.0,,,,,,,,,,,,,,,,,,,,,""
4445984297,"Dec 8, 2020, 1:05:18 PM",Morning Run,Run,"πριν ξεκινήσει η μεγάλη ανηφόρα προς μοτοκρός πίστα, κάποιος κόπανος έχει πετάξει σύριγγες ακριβώς επανω στη στροφή.  ",4331,14.39,,,,,,activities/4751303896.fit.gz,,,4331.0,4314.0,14390.0,5.5,3.336,339.0,318.0,210.8,436.4,46.7,0.2,,,97.0,88.0,,,,,1035.0,,,,,,,,,,,,,,0.0,,0.0,,1.0,15405.6,,,,,,,,,,,,,,,,7337777.0,,,,,,,,,,,,13774.0,,,,,,,,,,,,,,,,,,,,,""
4436577046,"Dec 6, 2020, 8:53:59 AM",Morning Run,Run,,6513,18.25,,,,,,activities/4741384555.fit.gz,,,6513.0,6122.0,18250.0,5.7,2.981,21.0,64.0,201.4,264.8,36.7,-0.3,,,91.0,86.0,,,,,1419.0,,,,,,,,,,,,,,,,0.0,,1.0,18493.3,,,,,,,,,,,,,,,,7337777.0,,,,,,,,,,,,17965.2,,,,,,,,,,,,,,,,,,,,,""
4432289736,"Dec 5, 2020, 11:39:53 AM",Afternoon Run,Run,,3079,7.12,201.0,146,,,,activities/4736841046.fit.gz,,,3079.0,3003.0,7126.0,4.8,2.373,383.0,386.0,222.6,441.4,49.6,-0.1,,,108.0,83.0,,176.0,,,860.0,,,146.0,,,,,,,,,,,,,0.0,,1.0,9227.2,,,,,,,,,,,,,,,,7337777.0,,,,,,,,,,,,4756.5,,,,,,,,,,,,,,,,,,,,,""
4431853855,"Dec 5, 2020, 9:52:04 AM",Lunch Run,Run,"",4088,15.98,,,,,,activities/4736382139.fit.gz,,,4088.0,3701.0,15981.0,5.6,4.318,71.4,56.0,17.7,85.3,16.3,0.0,,,102.0,93.0,,,,,1168.0,,,,,,,,,6.0,,,,,0.0,97.0,0.0,,1.0,16034.4,,,,,,,,,,,,,,,,7337777.0,,,,,,,,,,,,,,,,,,,,,,,,,,,,,,,,,""
4429224472,"Dec 4, 2020, 4:17:21 PM",Evening Activity,Crossfit,"",3492,0,153.0,10,,,,activities/4733588588.fit.gz,,,3492.0,3492.0,0.0,0.0,0.0,0.0,0.0,223.2,223.2,0.0,0.0,,,,,,110.0,,,436.0,,,10.0,,,,,,,,,,,0.0,,0.0,,1.0,,,,,,,,,,,,,,,,,,,,,,,,,,,,,,,,,,,,,,,,,,,,,,,,,,""
4424647888,"Dec 3, 2020, 1:14:57 PM",Afternoon Run,Run,,3078,4.35,198.0,92,,,,activities/4728755527.fit.gz,,,3078.0,3001.0,4356.0,4.1,1.452,370.0,303.0,237.8,351.8,49.1,1.2,,,129.0,79.0,,166.0,,,748.0,,,92.0,,,,,,,,,,,,,0.0,,1.0,7199.6,,,,,,,,,,,,,,,,7337777.0,,,,,,,,,,,,,,,,,,,,,,,,,,,,,,,,,""
4420364756,"Dec 2, 2020, 12:33:28 PM",Afternoon Run,Run,,3328,6.14,209.0,125,,,,activities/4724231980.fit.gz,,,3328.0,2802.0,6142.0,5.1,2.192,405.0,361.0,226.6,443.8,49.1,0.4,,,129.0,83.0,,173.0,,,798.0,,,125.0,,,,,,,,,,,,,0.0,,1.0,8585.1,,,,,,,,,,,,,,,,7337777.0,,,,,,,,,,,,4762.9,,,,,,,,,,,,,,,,,,,,,""
4416099053,"Dec 1, 2020, 1:06:42 PM",Afternoon Run,Run,,3584,11.54,,,,,,activities/4719741792.fit.gz,,,3584.0,3538.0,11540.0,7.3,3.262,0.0,7.0,194.2,214.8,17.6,0.1,,,191.0,91.0,,,,,846.0,,,,,,,,,,,,,,,,0.0,,1.0,11657.0,,,,,,,,,,,,,,,,7337777.0,,,,,,,,,,,,11291.6,,,,,,,,,,,,,,,,,,,,,""
4416099071,"Nov 30, 2020, 3:36:53 PM",Afternoon Activity,Weight Training,,2261,0,146.0,6,,,,activities/4719742017.fit.gz,,,2261.0,2261.0,0.0,0.0,0.0,0.0,0.0,233.8,233.8,0.0,0.0,,,,,,112.0,,,308.0,,,6.0,,,,,,,,,,,,,0.0,,1.0,,,,,,,,,,,,,,,,,,,,,,,,,,,,,,,,,,,,,,,,,,,,,,,,,,""
4406355455,"Nov 29, 2020, 8:18:46 AM",Morning Ride,Ride,"",8214,40.30,,,,,CYCL⚙️PATH  ,activities/4709457486.fit.gz,,15.0,8214.0,7862.0,40304.0,13.6,5.126,615.0,623.0,50.8,440.4,46.7,0.0,,,,,,,,191.0,151.0,,,,,,,,,,,,,,0.0,,0.0,,1.0,,,,,,,,,,,,,,,,11507033.0,,,,,,,,,,,,,17953.0,,,,,,,,,,,,,,,,,,,,,""
4401729178,"Nov 28, 2020, 10:29:49 AM",Lunch Run,Run,"",8712,21.65,207.0,355,,,,activities/4704576517.fit.gz,,,8712.0,8528.0,21658.0,5.2,2.54,771.0,779.0,212.6,396.4,49.5,0.0,,,114.0,84.0,,171.0,,,2206.0,,,355.0,,,,,,6.0,,,,,0.0,225.0,0.0,,1.0,25734.8,,,,,,,,,,,,,,,,7337777.0,,,,,,,,,,,,,,,,,,,,,,,,,,,,,,,,,""
4393124079,"Nov 26, 2020, 12:35:07 PM",Afternoon Run,Run,,3855,11.81,214.0,193,,,,activities/4695473436.fit.gz,,,3855.0,3730.0,11810.0,7.8,3.166,524.3,461.0,187.1,449.1,48.6,0.0,,,181.0,88.0,,178.0,,,1092.0,,,193.0,,,,,,,,,,,,,0.0,,1.0,14396.1,,,,,,,,,,,,,,,,7337777.0,,,,,,,,,,,,7813.2,,,,,,,,,,,,,,,,,,,,,""
4384014409,"Nov 24, 2020, 12:19:58 PM",Afternoon Run,Run,,4578,15.33,205.0,257,,,,activities/4685828383.fit.gz,,,4578.0,4513.0,15334.0,6.2,3.398,479.6,399.0,207.3,449.1,44.0,0.1,,,175.0,88.0,,181.0,,,1228.0,,,257.0,,,,,,,,,,,,,0.0,,1.0,17249.6,,,,,,,,,,,,,,,,7337777.0,,,,,,,,,,,,13195.8,,,,,,,,,,,,,,,,,,,,,""
4379484553,"Nov 23, 2020, 12:23:40 PM",Afternoon Ride,Ride,"",4118,20.78,,,,,CYCL⚙️PATH  ,activities/4680972075.fit.gz,,15.0,4118.0,3975.0,20779.0,15.4,5.227,375.0,387.0,209.0,426.0,23.3,0.0,,,,,,,,198.0,76.0,,,,,,,,,,,,,,0.0,,0.0,,1.0,,,,,,,,,,,,,,,,11507033.0,,,,,,,,,,,,,19248.0,,,,,,,,,,,,,,,,,,,,,""
4374106519,"Nov 22, 2020, 10:35:35 AM",Reconnect,Run,"",4745,17.55,208.0,293,,,,activities/4675140887.fit.gz,,,4745.0,4548.0,17558.0,6.8,3.861,360.5,262.0,204.0,369.0,22.5,0.0,,,181.0,93.0,,186.0,,,1511.0,,,293.0,,,,,,7.0,,,,,0.0,145.0,0.0,,1.0,18345.7,,,,,,,,,,,,,,,,7337777.0,,,,,,,,,,,,16524.4,,,,,,,,,,,,,,,,,,,,,""
4383224674,"Nov 14, 2020, 8:57:24 AM",Morning Ride,Ride,"",10781,55.44,,,,,CYCL⚙️PATH  ,activities/4684992986.fit.gz,,15.0,10781.0,9924.0,55442.0,16.0,5.587,1099.6,969.0,150.2,1046.1,49.1,0.0,,,,,,,,209.0,198.0,,,,,,,,,,,,,,0.0,,0.0,,1.0,,,,,,,,,,,,,,,,11507033.0,,,,,,,,,,,,,2578.0,,,,,,,,,,,,,,,,,,,,,""
4496090686,"Nov 8, 2020, 9:57:39 AM",Lunch Ride,Ride,"",10948,49.48,,,,,CYCL⚙️PATH  ,activities/4804087644.fit.gz,,15.0,10948.0,9685.0,49486.0,14.6,5.11,479.0,519.0,-0.2,450.6,45.7,0.0,,,,,,,,189.0,201.0,,,,,,,,,,,,,,0.0,,0.0,,1.0,,,,,,,,,,,,,,,,11507033.0,,,,,,,,,,,,,7080.0,,,,,,,,,,,,,,,,,,,,,media/677f3742-73f0-4e07-8d6a-a8648885089e.jpg
3577130131,"Jun 7, 2020, 11:07:21 AM",Afternoon Swim,Swim,,1048,683,,,,,,activities/3819131384.fit.gz,,,1048.0,992.0,683.0,4.0,0.689,0.0,0.0,-8.4,6.4,42.0,0.6,,,,,,,,,213.0,,,,,,,,,,,,,,,,0.0,,1.0,,,,,,,,,,,,,,,,,,,,,,,,,,,,,,,,,,,,,,,,,,,,,,,,,,""
3573185944,"Jun 6, 2020, 3:23:46 PM",Evening Run,Run,,2427,6.43,,,,,,activities/3814964705.fit.gz,,,2427.0,2400.0,6435.0,3.4,2.681,14.0,21.0,209.0,238.6,25.7,0.1,,,94.0,81.0,,,,,492.0,,,,,,,,,,,,,,,,0.0,,1.0,6546.1,,,,,,,,,,,,,,,,,,,,,,,,,,,,5889.0,,,,,,,,,,,,,,,,,,,,,""
3567878396,"Jun 5, 2020, 2:55:05 PM",Afternoon Run,Run,,2220,8.26,,,,,,activities/3809363090.fit.gz,,,2220.0,2095.0,8264.0,7.0,3.945,252.5,207.0,209.4,449.3,27.3,0.0,,,183.0,89.0,,,,,622.0,,,,,,,,,,,,,,,,0.0,,1.0,8972.5,,,,,,,,,,,,,,,,,,,,,,,,,,,,,,,,,,,,,,,,,,,,,,,,,""
3546133074,"May 31, 2020, 12:17:02 PM",Afternoon Hike,Hike,,12596,11.89,,,,,,activities/3786414587.fit.gz,,,12596.0,10652.0,11889.0,3.0,1.116,436.0,429.0,974.4,1277.6,49.5,0.0,,,99.0,51.0,,,,,726.0,,,,,,,,,,,,,,,,0.0,,1.0,,,,,,,,,,,,,,,,,,,,,,,,,,,,,,,,,,,,,,,,,,,,,,,,,,""
3540010183,"May 30, 2020, 3:40:52 PM",Evening Run,Run,,3924,10.43,,,,,,activities/3779820539.fit.gz,,,3924.0,3900.0,10438.0,6.1,2.676,282.0,261.0,205.8,367.6,37.1,0.2,,,100.0,83.0,,,,,787.0,,,,,,,,,,,,,,,,0.0,,1.0,11543.4,,,,,,,,,,,,,,,,,,,,,,,,,,,,9040.5,,,,,,,,,,,,,,,,,,,,,""
3531242532,"May 29, 2020, 3:05:25 PM",Evening Run,Run,,3404,10.94,,,,,,activities/3770524916.fit.gz,,,3404.0,3306.0,10943.0,6.0,3.31,378.0,370.0,216.4,447.4,50.0,0.1,,,95.0,84.0,,,,,813.0,,,,,,,,,,,,,,,,0.0,,1.0,12718.9,,,,,,,,,,,,,,,,,,,,,,,,,,,,9670.2,,,,,,,,,,,,,,,,,,,,,""
3515572154,"May 26, 2020, 3:40:31 PM",Evening Run,Run,,2414,6.57,,,,,,activities/3754089010.fit.gz,,,2414.0,2357.0,6573.0,5.0,2.789,155.0,142.0,216.2,361.2,27.5,0.1,,,87.0,82.0,,,,,492.0,,,,,,,,,,,,,,,,0.0,,1.0,7076.9,,,,,,,,,,,,,,,,,,,,,,,,,,,,4331.6,,,,,,,,,,,,,,,,,,,,,""
3509780640,"May 25, 2020, 2:55:23 PM",Afternoon Run,Run,,3629,12.02,,,,,,activities/3747970262.fit.gz,,,3629.0,3601.0,12026.0,6.1,3.34,454.5,442.0,201.8,448.7,49.1,-0.1,,,118.0,85.0,,,,,897.0,,,,,,,,,,,,,,,,0.0,,1.0,14049.3,,,,,,,,,,,,,,,,,,,,,,,,,,,,9537.5,,,,,,,,,,,,,,,,,,,,,""
3508388769,"May 22, 2020, 3:40:53 PM",Evening Run,Run,"",4242,14.58,,,,,,activities/3746498554.fit.gz,,,4242.0,3630.0,14587.0,6.3,4.018,173.2,156.0,61.7,215.0,48.3,0.0,,,100.0,90.0,,,,,1123.0,,,,,,,,,,,,,,,,0.0,,1.0,14843.9,,,,,,,,,,,,,,,,,,,,,,,,,,,,60.0,,,,,,,,,,,,,,,,,,,,,""
3508388743,"May 20, 2020, 3:32:27 PM",Evening Run,Run,"",3298,10.10,,,,,,activities/3746498542.fit.gz,,,3298.0,2924.0,10103.0,6.2,3.455,235.5,164.0,208.7,368.6,45.0,-0.1,,,93.0,85.0,,,,,766.0,,,,,,,,,,,,,,,,0.0,,1.0,10886.1,,,,,,,,,,,,,,,,,,,,,,,,,,,,,,,,,,,,,,,,,,,,,,,,,""
3508388975,"May 3, 2020, 1:19:33 PM",Afternoon Run,Run,"",6495,19.70,,,,,,activities/3746498528.fit.gz,,,6495.0,5978.0,19707.0,5.4,3.297,514.5,383.0,202.5,432.9,45.0,0.0,,,99.0,86.0,,,,,1538.0,,,,,,,,,,,,,,,,0.0,,1.0,21185.5,,,,,,,,,,,,,,,,,,,,,,,,,,,,14780.2,,,,,,,,,,,,,,,,,,,,,""
3508437159,"Apr 26, 2020, 12:51:31 PM",Afternoon Run,Run,"",3542,10.86,,,,,,activities/3746549475.fit.gz,,,3542.0,2891.0,10859.0,6.4,3.756,155.0,164.0,224.4,367.2,48.3,0.0,,,115.0,90.0,,,,,837.0,,,,,,,,,,,,,,,,0.0,,1.0,11363.1,,,,,,,,,,,,,,,,,,,,,,,,,,,,9814.5,,,,,,,,,,,,,,,,,,,,,""
3508437334,"Apr 23, 2020, 9:18:59 AM",Lunch Run,Run,"",6273,19.58,,,,,,activities/3746549466.fit.gz,,,6273.0,6014.0,19582.0,5.2,3.256,367.0,397.0,204.0,415.6,48.0,0.0,,,92.0,87.0,,,,,1509.0,,,,,,,,,,,,,,,,0.0,,1.0,20514.0,,,,,,,,,,,,,,,,,,,,,,,,,,,,18018.0,,,,,,,,,,,,,,,,,,,,,""
3508437410,"Apr 18, 2020, 1:37:55 PM",Afternoon Run,Run,"",5872,17.25,,,,,,activities/3746549451.fit.gz,,,5872.0,5652.0,17256.0,6.6,3.053,417.0,426.0,204.0,433.0,47.9,0.0,,,106.0,85.0,,,,,1318.0,,,,,,,,,,,,,,,,0.0,,1.0,18468.2,,,,,,,,,,,,,,,,,,,,,,,,,,,,14933.8,,,,,,,,,,,,,,,,,,,,,""
3508437298,"Apr 11, 2020, 9:14:44 AM",Lunch Run,Run,"",7667,20.21,,,,,,activities/3746549437.fit.gz,,,7667.0,7417.0,20216.0,6.0,2.726,430.0,404.0,209.0,438.4,48.9,0.1,,,101.0,84.0,,,,,1509.0,,,,,,,,,,,,,,,,0.0,,1.0,21862.4,,,,,,,,,,,,,,,,,,,,,,,,,,,,16079.0,,,,,,,,,,,,,,,,,,,,,""
3508437245,"Apr 3, 2020, 9:32:18 AM",Lunch Run,Run,"",6582,17.13,,,,,,activities/3746549421.fit.gz,,,6582.0,6432.0,17136.0,4.6,2.664,610.0,592.0,194.0,448.2,48.6,0.1,,,112.0,83.0,,,,,1251.0,,,,,,,,,,,,,,,,0.0,,1.0,19957.2,,,,,,,,,,,,,,,,,,,,,,,,,,,,15012.7,,,,,,,,,,,,,,,,,,,,,""
2816003801,"Oct 25, 2019, 2:13:10 PM",Afternoon Run,Run,,4378,10.92,,,,,,activities/2984282757.fit.gz,71.0,,4378.0,4229.0,10919.0,5.8,,232.0,213.0,237.6,369.2,47.7,0.1,,,97.0,81.0,,,,,820.0,,,,,,,,,,,,,,,,0.0,,,11773.8,,,,,,,,,,,,,,,,,,,,,,,,,,,,,,,,,,,,,,,,,,,,,,,,,""
2813717856,"Oct 24, 2019, 2:33:14 PM",-MARIEKE VERVOORT-,Run,"",4185,11.36,,,,,,activities/2981822671.fit.gz,71.0,,4185.0,4129.0,11367.0,5.1,,389.0,405.0,211.0,449.0,49.0,-0.1,,,103.0,81.0,,,,,857.0,,,,,,,,,,,,,,0.0,,0.0,,,12997.8,,,,,,,,,,,,,,,,,,,,,,,,,,,,9759.2,,,,,,,,,,,,,,,,,,,,,""
2808765568,"Oct 22, 2019, 2:38:09 PM",Afternoon Run,Run,,3514,9.75,,,,,,activities/2976540109.fit.gz,71.0,,3514.0,3477.0,9753.0,4.6,,314.3,283.0,205.8,447.8,40.0,-0.1,,,86.0,82.0,,,,,725.0,,,,,,,,,,,,,,,,0.0,,,10768.1,,,,,,,,,,,,,,,,,,,,,,,,,,,,8587.6,,,,,,,,,,,,,,,,,,,,,""
2808597777,"Oct 20, 2019, 11:07:03 AM",Afternoon Walk,Walk,,2584,2.27,135.0,6,,,,activities/2976368654.fit.gz,,,2584.0,2568.0,2270.0,2.8,,85.0,85.0,1060.4,1155.0,48.6,0.1,,,78.0,58.0,135.0,99.0,,,314.0,,,6.0,,,,,,,,,,,,,0.0,,,,,,,,,,,,,,,,,,,,,,,,,,,,,,,,,,,,,,,,,,,,,,,,,,,,""
2801031740,"Oct 19, 2019, 2:43:36 PM",Afternoon Walk,Walk,,4570,6.28,192.0,15,,,,activities/2968238193.fit.gz,,,4570.0,4189.0,6287.0,4.3,,120.0,105.0,335.2,448.8,26.7,0.1,,,108.0,55.0,192.0,109.0,,,541.0,,,15.0,,,,,,,,,,,,,0.0,,,,,,,,,,,,,,,,,,,,,,,,,,,,,,,,,,,,,,,,,,,,,,,,,,,,""
2796130697,"Oct 17, 2019, 3:41:36 PM",Evening Run,Run,"",2405,4.66,,,,,,activities/2963016758.fit.gz,71.0,,2405.0,2265.0,4662.0,3.5,,14.0,7.0,207.8,234.2,47.7,0.3,,,80.0,78.0,,,,,348.0,,,,,,,,,,,,,,0.0,,0.0,,,4763.2,,,,,,,,,,,,,,,,,,,,,,,,,,,,4262.2,,,,,,,,,,,,,,,,,,,,,""
2794237814,"Oct 16, 2019, 3:05:42 PM",Evening Run,Run,,3374,9.52,,,,,,activities/2961001270.fit.gz,71.0,,3374.0,3275.0,9520.0,4.7,,99.0,77.0,244.4,340.0,25.0,0.1,,,87.0,82.0,,,,,714.0,,,,,,,,,,,,,,,,0.0,,,,,,,,,,,,,,,,,,,,,,,,,,,,,,,,,,,,,,,,,,,,,,,,,,,,""
2790942407,"Oct 15, 2019, 2:38:16 PM",Afternoon Run,Run,,2966,8.01,,,,,,activities/2957546023.fit.gz,71.0,,2966.0,2965.0,8012.0,4.8,,21.0,7.0,205.2,240.8,12.5,0.2,,,88.0,82.0,,,,,612.0,,,,,,,,,,,,,,,,0.0,,,8179.2,,,,,,,,,,,,,,,,,,,,,,,,,,,,7094.6,,,,,,,,,,,,,,,,,,,,,""
2786691744,"Oct 13, 2019, 3:40:19 PM",GAME OF THRONES,Run,"",3267,7.24,,,,,,activities/2952983916.fit.gz,71.0,,3267.0,2954.0,7240.0,5.2,,133.0,163.0,208.6,362.2,36.0,-0.1,,,87.0,82.0,,,,,558.0,,,,,,,,,,,,,,0.0,,0.0,,,7777.1,,,,,,,,,,,,,,,,,,,,,,,,,,,,5171.6,,,,,,,,,,,,,,,,,,,,,""
2778114959,"Oct 10, 2019, 2:56:38 PM",Afternoon Run,Run,"",5121,16.90,,,,,,activities/2943884745.fit.gz,71.0,,5121.0,4902.0,16907.0,8.0,,449.7,320.0,217.8,446.2,47.5,-0.1,,,104.0,86.0,,,,,1278.0,,,,,,,,,4.0,,,,,0.0,54.0,0.0,,,,,,,,,,,,,,,,,,,,,,,,,,,,,,,,,,,,,,,,,,,,,,,,,,,,""
2775541970,"Oct 9, 2019, 3:12:58 PM",Evening Run,Run,1 x  3.0km @ 15.9 km/h   3'45 min/km / 12s ; 1 x  3.0km @ 16.2 km/h   3'42 min/km / 12s ;,2928,10.59,,,,,,activities/2941214507.fit.gz,71.0,,2928.0,2822.0,10592.0,7.0,,7.0,7.0,238.6,253.4,47.5,-0.1,,,113.0,88.0,,,,,793.0,,,,,,,,,,,,,,,,0.0,,,,,,,,,,,,,,,,,,,,,,,,,,,,,,,,,,,,,,,,,,,,,,,,,,,,""
2773369229,"Oct 8, 2019, 3:59:20 PM",Evening Run,Run,,3226,8.03,,,,,,activities/2938953739.fit.gz,71.0,,3226.0,3039.0,8039.0,4.8,,183.0,184.0,245.4,430.6,47.5,0.0,,,89.0,81.0,,,,,597.0,,,,,,,,,,,,,,,,0.0,,,,,,,,,,,,,,,,,,,,,,,,,,,,,,,,,,,,,,,,,,,,,,,,,,,,""
2765135808,"Oct 5, 2019, 12:23:22 PM",Afternoon Run,Run,"",12476,20.77,,,,,,activities/2930353386.fit.gz,71.0,,12476.0,11219.0,20773.0,6.0,,1043.0,1057.0,491.0,1283.0,49.5,0.0,,,122.0,78.0,,,,,1539.0,,,,,,,,,,,,,,0.0,,0.0,,,26959.0,,,,,,,,,,,,,,,,,,,,,,,,,,,,,,,,,,,,,,,,,,,,,,,,,""
2760144605,"Oct 3, 2019, 3:32:10 PM","",Run,"",4702,13.11,,,,,,activities/2925158606.fit.gz,71.0,,4702.0,4220.0,13110.0,7.5,,84.0,77.0,110.2,207.4,41.7,0.0,,,142.0,84.0,,,,,1010.0,,,,,,,,,,,,,,0.0,,0.0,,,13468.3,,,,,,,,,,,,,,,,,,,,,,,,,,,,0.0,,,,,,,,,,,,,,,,,,,,,""
2754991078,"Oct 1, 2019, 3:40:19 PM",Evening Run,Run,"",6981,16.15,,,,,,activities/2919827443.fit.gz,71.0,,6981.0,6340.0,16158.0,6.6,,489.0,519.0,223.4,446.2,49.5,0.0,,,107.0,81.0,,,,,1235.0,,,,,,,,,,,,,,0.0,,0.0,,,18123.1,,,,,,,,,,,,,,,,,,,,,,,,,,,,12093.5,,,,,,,,,,,,,,,,,,,,,media/f7bacf5c-40e5-4c64-9046-710c43f60673.jpg
2752702850,"Sep 30, 2019, 4:30:54 PM",Night Run 🔦,Run,"",3697,8.06,,,,,,activities/2917418051.fit.gz,71.0,,3697.0,3574.0,8060.0,4.2,,218.0,191.0,207.4,370.2,50.0,0.3,,,96.0,77.0,,,,,614.0,,,,,,,,,,,,,,0.0,,0.0,,,9056.0,,,,,,,,,,,,,,,,,,,,,,,,,,,,6351.1,,,,,,,,,,,,,,,,,,,,,""
2750386786,"Sep 29, 2019, 11:11:24 AM",Activity,Swim,,3486,"2,345",,,,,,activities/2914993742.fit.gz,,,3486.0,3202.0,2345.0,2.6,,0.0,0.0,-11.6,3.2,40.4,-0.3,,,,,,,,,583.0,,,,,,,,,,,,,,,,0.0,,,,,,,,,,,,,,,,,,,,,,,,,,,,,,,,,,,,,,,,,,,,,,,,,,,,""
2746950609,"Sep 28, 2019, 2:35:42 PM",Afternoon Run,Run,,5685,17.60,,,,,,activities/2911405117.fit.gz,71.0,,5685.0,4933.0,17602.0,5.8,,354.0,382.0,209.0,369.2,30.0,-0.2,,,100.0,89.0,,,,,1345.0,,,,,,,,,,,,,,,,0.0,,,18555.7,,,,,,,,,,,,,,,,,,,,,,,,,,,,16322.3,,,,,,,,,,,,,,,,,,,,,""
2741688245,"Sep 26, 2019, 2:43:58 PM",Afternoon Run,Run,,5196,14.27,,,,,,activities/2905946753.fit.gz,71.0,,5196.0,4916.0,14275.0,6.2,,531.6,440.0,201.8,452.3,48.6,0.0,,,116.0,84.0,,,,,1061.0,,,,,,,,,,,,,,,,0.0,,,16527.8,,,,,,,,,,,,,,,,,,,,,,,,,,,,12229.6,,,,,,,,,,,,,,,,,,,,,""
2739053195,"Sep 25, 2019, 3:05:12 PM",Evening Run,Run,,3564,3.68,,,,,,activities/2903215435.fit.gz,71.0,,3564.0,1940.0,3684.0,5.6,,21.0,79.0,231.8,312.6,48.9,-1.9,,,126.0,66.0,,,,,299.0,,,,,,,,,,,,,,,,0.0,,,,,,,,,,,,,,,,,,,,,,,,,,,,,,,,,,,,,,,,,,,,,,,,,,,,""
2736366326,"Sep 24, 2019, 2:25:32 PM",Afternoon Run,Run,,7109,15.88,,,,,,activities/2900447785.fit.gz,71.0,,7109.0,6480.0,15880.0,5.0,,474.0,520.0,213.2,453.8,48.0,-0.1,,,117.0,81.0,,,,,1184.0,,,,,,,,,,,,,,,,0.0,,,17853.4,,,,,,,,,,,,,,,,,,,,,,,,,,,,12699.6,,,,,,,,,,,,,,,,,,,,,""
2733596830,"Sep 23, 2019, 2:03:05 PM",Afternoon Run,Run,,4257,11.11,,,,,,activities/2897590663.fit.gz,71.0,,4257.0,4240.0,11116.0,5.0,,197.0,205.0,219.6,374.2,28.0,0.1,,,86.0,81.0,,,,,844.0,,,,,,,,,,,,,,,,0.0,,,11796.3,,,,,,,,,,,,,,,,,,,,,,,,,,,,9991.2,,,,,,,,,,,,,,,,,,,,,""
2731554207,"Sep 22, 2019, 12:13:54 PM",Afternoon Swim,Swim,,3284,"1,943",,,,,,activities/2895446615.fit.gz,,,3284.0,2770.0,1943.0,1.8,,0.0,0.0,-8.0,16.8,44.0,0.5,,,,,,,,,553.0,,,,,,,,,,,,,,,,0.0,,,,,,,,,,,,,,,,,,,,,,,,,,,,,,,,,,,,,,,,,,,,,,,,,,,,""
2727628473,"Sep 21, 2019, 11:30:47 AM",Afternoon Run,Run,"",5377,20.01,,,,,,activities/2891348957.fit.gz,71.0,,5377.0,5255.0,20015.0,5.6,,0.0,0.0,234.4,248.2,26.7,0.0,,,102.0,90.0,,,,,1496.0,,,,,,,,,5.0,,,,,0.0,94.0,0.0,,,,,,,,,,,,,,,,,,,,,,,,,,,,,,,,,,,,,,,,,,,,,,,,,,,,""
2716861199,"Sep 17, 2019, 3:06:23 PM",Evening Run,Run,,4213,14.81,,,,,,activities/2880207611.fit.gz,71.0,,4213.0,3995.0,14813.0,6.0,,348.8,263.0,202.6,371.9,27.3,0.0,,,94.0,88.0,,,,,1110.0,,,,,,,,,,,,,,,,0.0,,,15943.0,,,,,,,,,,,,,,,,,,,,,,,,,,,,10405.8,,,,,,,,,,,,,,,,,,,,,""
2708212379,"Sep 14, 2019, 3:38:39 PM",Evening Run,Run,,2459,7.91,,,,,,activities/2871197914.fit.gz,71.0,,2459.0,2439.0,7916.0,5.0,,14.0,0.0,243.0,258.6,14.8,0.1,,,97.0,86.0,,,,,598.0,,,,,,,,,,,,,,,,0.0,,,,,,,,,,,,,,,,,,,,,,,,,,,,,,,,,,,,,,,,,,,,,,,,,,,,""
2708259546,"Sep 14, 2019, 3:17:34 PM",Evening Run,Run,,1155,5.05,,,,,,activities/2871246982.fit.gz,71.0,,1155.0,1132.0,5051.0,5.8,,0.0,0.0,239.8,248.2,43.3,0.0,,,99.0,93.0,,,,,374.0,,,,,,,,,,,,,,,,0.0,,,,,,,,,,,,,,,,,,,,,,,,,,,,,,,,,,,,,,,,,,,,,,,,,,,,""
2705028539,"Sep 13, 2019, 2:22:24 PM",Afternoon Run,Run,,4555,10.79,,,,,,activities/2867893594.fit.gz,71.0,,4555.0,4463.0,10796.0,6.0,,602.0,557.0,207.0,434.8,50.0,0.4,,,110.0,80.0,,,,,793.0,,,,,,,,,,,,,,,,0.0,,,13969.8,,,,,,,,,,,,,,,,,,,,,,,,,,,,7055.9,,,,,,,,,,,,,,,,,,,,,""
2699429119,"Sep 11, 2019, 2:33:35 PM",Afternoon Run,Run,,4369,12.99,,,,,,activities/2862120238.fit.gz,71.0,,4369.0,4262.0,12989.0,5.6,,422.8,320.0,211.2,444.5,46.2,-0.1,,,97.0,84.0,,,,,973.0,,,,,,,,,,,,,,,,0.0,,,14634.2,,,,,,,,,,,,,,,,,,,,,,,,,,,,11670.3,,,,,,,,,,,,,,,,,,,,,""
2694371942,"Sep 9, 2019, 9:29:42 AM",Lunch Swim,Swim,,2346,"1,366",,,,,,activities/2856881290.fit.gz,,,2346.0,2077.0,1366.0,1.7,,0.0,0.0,-4.0,4.6,33.7,0.0,,,,,,,,,352.0,,,,,,,,,,,,,,,,0.0,,,,,,,,,,,,,,,,,,,,,,,,,,,,,,,,,,,,,,,,,,,,,,,,,,,,""
2691328056,"Sep 8, 2019, 2:07:24 PM",Afternoon Swim,Swim,,2858,"1,747",,,,,,activities/2853705072.fit.gz,,,2858.0,2579.0,1747.0,3.5,,0.0,0.0,-4.8,4.4,26.5,-0.1,,,,,,,,,493.0,,,,,,,,,,,,,,,,0.0,,,,,,,,,,,,,,,,,,,,,,,,,,,,,,,,,,,,,,,,,,,,,,,,,,,,""
2687916776,"Sep 7, 2019, 1:14:03 PM",Afternoon Run,Run,,3476,7.64,,,,,,activities/2850141493.fit.gz,71.0,,3476.0,3397.0,7641.0,4.2,,105.0,99.0,4.2,62.6,48.6,0.0,,,124.0,81.0,,,,,573.0,,,,,,,,,,,,,,,,0.0,,,,,,,,,,,,,,,,,,,,,,,,,,,,,,,,,,,,,,,,,,,,,,,,,,,,""
2685052542,"Sep 6, 2019, 3:49:51 PM",Evening Hike,Hike,"",1690,2.20,,,,,,activities/2847169973.fit.gz,71.0,,1690.0,1614.0,2199.0,2.6,,35.0,28.0,4.2,45.4,40.0,0.2,,,99.0,55.0,,,,,109.0,,,,,,,,,,,,,,0.0,,0.0,,,,,,,,,,,,,,,,,,,,,,,,,,,,,,,,,,,,,,,,,,,,,,,,,,,,""
2685052125,"Sep 6, 2019, 3:23:34 PM",ΜΠΟΦΟΡ - ΚΎΜΑ - ΡΕΎΜΑΤΑ - ΧΈΣΙΜΟ - ΕΠΙΣΤΡΟΦΉ.,Swim,Πνίξιμο εύκολα.,1037,890,,,,,,activities/2847169511.fit.gz,71.0,,1037.0,1037.0,890.0,13.4,,0.0,0.0,-4.8,3.4,30.3,0.1,,,,,,,,,190.0,,,,,,,,,,,,,,0.0,,0.0,,,,,,,,,,,,,,,,,,,,,,,,,,,,,,,,,,,,,,,,,,,,,,,,,,,,""
2685052975,"Sep 6, 2019, 2:40:57 PM",Afternoon Hike,Hike,,2217,3.12,,,,,,activities/2847170358.fit.gz,,,2217.0,2166.0,3126.0,2.4,,21.0,0.0,-9.4,11.8,33.3,0.5,,,116.0,57.0,,,,,151.0,,,,,,,,,,,,,,,,0.0,,,,,,,,,,,,,,,,,,,,,,,,,,,,,,,,,,,,,,,,,,,,,,,,,,,,""
2682545793,"Sep 5, 2019, 3:35:26 PM",Night Run,Run,"",5097,12.83,,,,,,activities/2844577144.fit.gz,71.0,,5097.0,4670.0,12833.0,6.0,,113.0,141.0,6.0,85.2,45.0,0.0,,,110.0,81.0,,,,,1004.0,,,,,,,,,,,,,,0.0,,,,,,,,,,,,,,,,,,,,,,,,,,,,,,,,,,,,,,,,,,,,,,,,,,,,,,media/5f88229f-f998-4427-aa14-2e10a3a90e70.jpg
2681409055,"Sep 5, 2019, 7:18:35 AM",Morning Swim,Swim,,2191,"1,458",,,,,,activities/2843421282.fit.gz,,,2191.0,2133.0,1458.0,2.1,,0.0,0.0,-10.8,5.2,34.3,-0.1,,,,,,,,,362.0,,,,,,,,,,,,,,,,,,,,,,,,,,,,,,,,,,,,,,,,,,,,,,,,,,,,,,,,,,,,,,,,,,,,""
2679919831,"Sep 4, 2019, 2:20:29 PM",Afternoon Swim,Swim,,2587,"1,946",,,,,,activities/2841874253.fit.gz,,,2587.0,2507.0,1946.0,3.4,,0.0,0.0,-1.6,6.8,37.6,-0.2,,,,,,,,,435.0,,,,,,,,,,,,,,,,,,,,,,,,,,,,,,,,,,,,,,,,,,,,,,,,,,,,,,,,,,,,,,,,,,,,""
2678705326,"Sep 4, 2019, 7:47:43 AM",Morning Swim,Swim,,3569,"2,225",,,,,,activities/2840631777.fit.gz,,,3569.0,3364.0,2225.0,1.9,,0.0,0.0,-6.6,13.2,49.1,0.1,,,,,,,,,577.0,,,,,,,,,,,,,,,,,,,,,,,,,,,,,,,,,,,,,,,,,,,,,,,,,,,,,,,,,,,,,,,,,,,,""
2676738690,"Sep 3, 2019, 3:45:50 PM",Evening Run,Run,,3224,8.05,,,,,,activities/2838594597.fit.gz,71.0,,3224.0,3045.0,8058.0,6.5,,113.0,113.0,-5.6,114.2,48.9,0.1,,,96.0,81.0,,,,,603.0,,,,,,,,,,,,,,,,,,,,,,,,,,,,,,,,,,,,,,,,,,,,,,,,,,,,,,,,,,,,,,,,,,,,""
2676739176,"Sep 3, 2019, 11:38:11 AM",Afternoon Swim,Swim,,2007,"1,291",,,,,,activities/2838595268.fit.gz,,,2007.0,1957.0,1291.0,3.5,,0.0,0.0,-2.0,7.8,42.4,-0.4,,,,,,,,,336.0,,,,,,,,,,,,,,,,,,,,,,,,,,,,,,,,,,,,,,,,,,,,,,,,,,,,,,,,,,,,,,,,,,,,""
2673803772,"Sep 2, 2019, 2:51:58 PM",Afternoon Run,Run,,3564,8.93,,,,,,activities/2835570815.fit.gz,71.0,,3564.0,3316.0,8937.0,6.0,,50.0,56.0,1.6,62.6,26.0,0.0,,,93.0,82.0,,,,,767.0,,,,,,,,,,,,,,,,,,,,,,,,,,,,,,,,,,,,,,,,,,,,,,,,,,,,,,,,,,,,,,,,,,,,""
2673181305,"Sep 2, 2019, 9:50:47 AM",Lunch Swim,Swim,,3698,"2,122",,,,,,activities/2834937190.fit.gz,,,3698.0,3137.0,2122.0,3.5,,0.0,0.0,-3.4,6.6,49.5,0.1,,,,,,,,,595.0,,,,,,,,,,,,,,,,,,,,,,,,,,,,,,,,,,,,,,,,,,,,,,,,,,,,,,,,,,,,,,,,,,,,""
2671682249,"Sep 1, 2019, 2:28:25 PM",Afternoon Swim,Swim,,1263,955,,,,,,activities/2833344245.fit.gz,,,1263.0,1227.0,955.0,2.7,,0.0,0.0,-8.6,4.6,45.4,-0.5,,,,,,,,,235.0,,,,,,,,,,,,,,,,,,,,,,,,,,,,,,,,,,,,,,,,,,,,,,,,,,,,,,,,,,,,,,,,,,,,""
2664972296,"Aug 30, 2019, 3:23:21 PM",Evening Run,Run,,3294,8.44,190.0,88,,,,activities/2826327837.fit.gz,71.0,,3294.0,3225.0,8447.0,4.2,,226.0,184.0,236.0,367.6,47.3,0.5,,,94.0,82.0,190.0,159.0,,,794.0,,,88.0,,,,,,,,,,,,,,,,,,,,,,,,,,,,,,,,,,,,,,,,,,,,,,,,,,,,,,,,,,,,,,,,,""
2662443727,"Aug 29, 2019, 4:08:03 PM",Evening Run,Run,,4280,9.84,188.0,63,,,,activities/2823695863.fit.gz,71.0,,4280.0,3704.0,9847.0,4.8,,191.0,170.0,220.2,413.8,48.9,0.2,,,116.0,81.0,188.0,146.0,,,880.0,,,63.0,,,,,,,,,,,,,,,,10909.5,,,,,,,,,,,,,,,,,,,,,,,,,,,,8481.3,,,,,,,,,,,,,,,,,,,,,""
2659651536,"Aug 28, 2019, 5:26:16 PM",Evening Run,Run,,1332,5.43,,,,,,activities/2820796529.fit.gz,71.0,,1332.0,1313.0,5432.0,7.7,,0.0,14.0,212.0,225.2,6.0,-0.1,,,106.0,90.0,,,,,405.0,,,,,,,,,,,,,,,,,,,,,,,,,,,,,,,,,,,,,,,,,,,,,,,,,,,,,,,,,,,,,,,,,,,,""
2656314013,"Aug 27, 2019, 3:18:39 PM",Evening Run,Run,,4272,10.86,202.0,177,,,,activities/2817347180.fit.gz,71.0,,4272.0,4132.0,10861.0,6.4,,275.0,263.0,237.8,434.4,48.9,0.0,,,117.0,82.0,202.0,170.0,,,1144.0,,,177.0,,,,,,,,,,,,,,,,11895.0,,,,,,,,,,,,,,,,,,,,,,,,,,,,9194.3,,,,,,,,,,,,,,,,,,,,,""
2653586338,"Aug 26, 2019, 3:22:47 PM",🌡🔥,Run,500↑ mod / x2 race ↓,5982,13.94,201.0,164,,,,activities/2814496937.fit.gz,71.0,,5982.0,5549.0,13940.0,7.0,,638.2,492.0,203.0,449.1,49.1,0.1,,,149.0,82.0,201.0,162.0,,,1411.0,,,164.0,,,,,,,,,,,0.0,,,,,17281.2,,,,,,,,,,,,,,,,,,,,,,,,,,,,7591.5,,,,,,,,,,,,,,,,,,,,,""
2647743406,"Aug 24, 2019, 3:54:54 PM",Ξεφτίλες.,Run,"",5150,13.38,202.0,138,,,,activities/2808384413.fit.gz,71.0,,5150.0,4542.0,13388.0,5.6,,440.0,421.0,214.0,451.2,49.0,0.1,,,99.0,82.0,202.0,162.0,,,1200.0,,,138.0,,,,,,,,,,,0.0,,,,,15191.0,,,,,,,,,,,,,,,,,,,,,,,,,,,,11449.1,,,,,,,,,,,,,,,,,,,,,""
2630437285,"Aug 18, 2019, 3:14:58 PM",swim - trail part2,Run,"",4261,10.07,,,,,,activities/2790356419.fit.gz,71.0,,4261.0,3602.0,10077.0,5.2,,142.0,148.0,-0.2,140.8,48.9,0.1,,,95.0,84.0,,162.0,,,937.0,,,,,,,,,,,,,,0.0,,,,,,,,,,,,,,,,,,,,,,,,,,,,,,,,,,,,,,,,,,,,,,,,,,,,,,""
2630437085,"Aug 18, 2019, 2:20:29 PM",swim - trail part1,Swim,"",3268,"2,294",,,,,,activities/2790356346.fit.gz,71.0,,3268.0,3141.0,2294.0,2.0,,,,-0.6,2.7,0.0,0.1,,,,,,,,,563.0,,,,,,,,,,,,,,0.0,,,,,,,,,,,,,,,,,,,,,,,,,,,,,,,,,,,,,,,,,,,,,,,,,,,,,,""
2627440763,"Aug 17, 2019, 3:38:18 PM",Evening Run,Run,,5118,16.03,209.0,205,,,,activities/2787211667.fit.gz,71.0,,5118.0,4977.0,16031.0,6.2,,240.0,213.0,213.0,451.8,31.1,0.2,,,95.0,84.0,209.0,170.0,,,1412.0,,,205.0,,,,,,,,,,,,,,,,16862.5,,,,,,,,,,,,,,,,,,,,,,,,,,,,15221.1,,,,,,,,,,,,,,,,,,,,,""
2624647252,"Aug 16, 2019, 4:01:14 PM",ΜΠΥΡΟΚΙΝΗΤΟΣ,Swim,"",2783,"1,800",,,,,,activities/2784300491.fit.gz,71.0,,2783.0,2540.0,1800.0,2.7,,0.0,0.0,-4.8,4.2,49.5,0.0,,,,,,,,,472.0,,,,,,,,,,,,,,0.0,,,,,,,,,,,,,,,,,,,,,,,,,,,,,,,,,,,,,,,,,,,,,,,,,,,,,,""
2621690344,"Aug 15, 2019, 3:26:01 PM",Evening Run,Run,"MINIMAL

",4260,7.88,,,,,,activities/2781235574.fit.gz,71.0,,4260.0,3866.0,7885.0,4.0,,297.0,298.0,214.2,444.2,49.5,-0.1,,,103.0,78.0,,,,,582.0,,,,,,,,,,,,,,0.0,,,,,9489.9,,,,,,,,,,,,,,,,,,,,,,,,,,,,5496.4,,,,,,,,,,,,,,,,,,,,,""
2617933851,"Aug 13, 2019, 5:52:52 PM",Evening Activity,Weight Training,,1942,0,143.0,4,,,,activities/2777345614.fit.gz,,,1942.0,1942.0,,0.0,,0.0,0.0,189.6,189.6,0.0,0.0,,,,,143.0,103.0,,,239.0,,,4.0,,,,,,,,,,,,,,,,,,,,,,,,,,,,,,,,,,,,,,,,,,,,,,,,,,,,,,,,,,,,,,,,,""
2614753160,"Aug 12, 2019, 3:30:24 PM",Evening Run,Run,✅ patrol🚨💨🔥,5904,16.26,202.0,232,,,,activities/2774048799.fit.gz,71.0,,5904.0,5790.0,16261.0,4.6,,444.0,427.0,213.4,449.0,48.9,0.1,,,94.0,82.0,202.0,168.0,,,1529.0,,,232.0,,,,,,,,,,,,,,,,17944.3,,,,,,,,,,,,,,,,,,,,,,,,,,,,14007.9,,,,,,,,,,,,,,,,,,,,,""
2607775092,"Aug 10, 2019, 5:07:44 PM",Evening Run,Run,Half moon - half marathon🙃,5555,21.22,190.0,263,,,,activities/2766746721.fit.gz,71.0,,5555.0,5448.0,21228.0,5.2,,7.0,21.0,242.4,256.8,20.0,0.0,,,151.0,88.0,190.0,174.0,,,1557.0,,,263.0,,,,,,5.0,,,,,0.0,98.0,,,,,,,,,,,,,,,,,,,,,,,,,,,,,,,,,,,,,,,,,,,,,,,,,,,,,media/0c63bda9-ed51-45d1-b694-c6768e404a88.jpg
2604791114,"Aug 9, 2019, 4:20:29 PM",🌡☀,Workout,Ανηφόρα ↗ 30s hard - 15s rest x20😢,4023,8.76,186.0,49,,,,activities/2763635780.fit.gz,71.0,,4023.0,3402.0,8767.0,5.0,,364.8,290.0,199.0,450.4,36.0,0.5,,,111.0,84.0,186.0,143.0,,,731.0,,,49.0,,,,,,,,,,,0.0,,,,,,,,,,,,,,,,,,,,,,,,,,,,,,,,,7448.4,,,,,,,,,,,,,,,,,,,,,""
2602140491,"Aug 8, 2019, 4:36:57 PM","",Run,"",2731,7.47,165.0,12,,,,activities/2760883078.fit.gz,71.0,,2731.0,2662.0,7469.0,4.6,,21.0,14.0,86.8,115.2,27.0,0.1,,,98.0,83.0,165.0,133.0,,,502.0,,,12.0,,,,,,,,,,,0.0,,,,,,,,,,,,,,,,,,,,,,,,,,,,,,,,,,,,,,,,,,,,,,,,,,,,,,""
2596311921,"Aug 6, 2019, 4:13:55 PM",🐙🐚🍻,Swim,"",3301,"2,233",,,,,,activities/2754844703.fit.gz,71.0,,3301.0,3287.0,2233.0,7.6,,0.0,0.0,-6.2,4.8,48.8,0.0,,,,,,,,,758.0,,,,,,,,,,,,,,,,,,,,,,,,,,,,,,,,,,,,,,,,,,,,,,,,,,,,,,,,,,,,,,,,,,,,""
2593408003,"Aug 5, 2019, 4:32:48 PM",Evening Run,Run,,3469,8.49,201.0,147,,,,activities/2751838952.fit.gz,71.0,,3469.0,3416.0,8495.0,4.0,,247.0,219.0,217.4,453.8,32.0,0.3,,,90.0,80.0,201.0,171.0,,,957.0,,,147.0,,,,,,,,,,,,,,,,9310.1,,,,,,,,,,,,,,,,,,,,,,,,,,,,7563.2,,,,,,,,,,,,,,,,,,,,,""
2591064103,"Aug 4, 2019, 4:39:50 PM",Evening Run,Run,,4425,13.70,196.0,218,,,,activities/2749197526.fit.gz,71.0,,4425.0,4286.0,13704.0,6.9,,227.0,227.0,208.8,451.6,45.0,0.0,,,102.0,85.0,196.0,176.0,,,1272.0,,,218.0,,,,,,,,,,,,,,,,14661.3,,,,,,,,,,,,,,,,,,,,,,,,,,,,12160.7,,,,,,,,,,,,,,,,,,,,,""
2591071487,"Aug 4, 2019, 2:20:52 PM",Afternoon Swim,Swim,,3897,"2,557",,,,,,activities/2749196981.fit.gz,,,3897.0,3675.0,2557.0,2.2,,0.0,0.0,-5.0,7.6,50.0,0.0,,,,,,,,,583.0,,,,,,,,,,,,,,,,,,,,,,,,,,,,,,,,,,,,,,,,,,,,,,,,,,,,,,,,,,,,,,,,,,,,""
2579043514,"Jul 31, 2019, 4:12:47 PM",Beerovery 🍺,Run,✔Upgrade GPS 🔺 🛰 ,3673,9.78,193.0,39,,,,activities/2736613109.fit.gz,71.0,,3673.0,3472.0,9786.0,7.2,,49.0,36.0,207.4,265.6,25.2,0.1,,,151.0,83.0,193.0,145.0,,,758.0,,,39.0,,,,,,,,,,,,,,,,10043.4,,,,,,,,,,,,,,,,,,,,,,,,,,,,8897.6,,,,,,,,,,,,,,,,,,,,,""
2577841822,"Jul 30, 2019, 2:25:15 PM",trail/flat/trail+hot=R.I.P.,Run,🔥🌞😵🚑,4878,15.61,,,,,,activities/2735377319.fit.gz,71.0,,4878.0,4761.0,15617.0,5.8,,405.0,390.0,214.8,446.6,48.9,0.0,,,95.0,87.0,,,,,1150.0,,,,,,,,,,,,,,,,,,,17209.5,,,,,,,,,,,,,,,,,,,,,,,,,,,,12900.7,,,,,,,,,,,,,,,,,,,,,""
2578264399,"Jul 29, 2019, 4:34:38 PM",Evening Activity,Weight Training,,1792,0,147.0,5,,,,activities/2735814487.fit.gz,,,1792.0,1792.0,,0.0,,0.0,0.0,220.8,220.8,0.0,0.0,,,,,147.0,114.0,,,270.0,,,5.0,,,,,,,,,,,,,,,,,,,,,,,,,,,,,,,,,,,,,,,,,,,,,,,,,,,,,,,,,,,,,,,,,""
2569393358,"Jul 28, 2019, 7:35:54 AM",Morning Swim,Swim,,2080,"1,441",,,,,,activities/2726627123.fit.gz,,,2080.0,1991.0,1441.0,1.7,,0.0,0.0,-1.4,6.8,44.0,0.0,,,,,,,,,365.0,,,,,,,,,,,,,,,,,,,,,,,,,,,,,,,,,,,,,,,,,,,,,,,,,,,,,,,,,,,,,,,,,,,,""
2568064328,"Jul 27, 2019, 4:22:02 PM",Evening Run,Run,,7400,20.39,,,,,,activities/2725233684.fit.gz,71.0,,7400.0,7095.0,20396.0,4.2,,28.0,35.0,2.2,42.2,14.3,0.0,,,87.0,83.0,,,,,1568.0,,,,,,,,,,,,,,,,,,,,,,,,,,,,,,,,,,,,,,,,,,,,,,,,,,,,,,,,,,,,,,,,,,,,""
2565147989,"Jul 26, 2019, 4:01:29 PM",Evening Run,Run,,5548,13.78,,,,,,activities/2722217410.fit.gz,71.0,,5548.0,5471.0,13782.0,4.6,,239.0,225.0,219.4,368.6,37.5,0.1,,,96.0,83.0,,,,,1025.0,,,,,,,,,,,,,,,,,,,14622.5,,,,,,,,,,,,,,,,,,,,,,,,,,,,13080.5,,,,,,,,,,,,,,,,,,,,,""
2562622426,"Jul 25, 2019, 4:48:09 PM",30' t - flat,Run,"",4327,13.11,,,,,,activities/2719617050.fit.gz,71.0,,4327.0,3828.0,13116.0,5.2,,85.0,92.0,114.2,218.4,47.1,-0.1,,,92.0,86.0,,,,,1011.0,,,,,,,,,,,,,,,,,,,13345.2,,,,,,,,,,,,,,,,,,,,,,,,,,,,0.0,,,,,,,,,,,,,,,,,,,,,""
2559566387,"Jul 24, 2019, 2:41:50 PM",Evening Run,Run,☀🌡🔥,4667,14.77,,,,,,activities/2716474675.fit.gz,71.0,,4667.0,4520.0,14772.0,6.3,,489.6,416.0,206.0,449.5,46.4,0.0,,,110.0,87.0,,,,,1120.0,,,,,,,,,,,,,,,,,,,16607.9,,,,,,,,,,,,,,,,,,,,,,,,,,,,,,,,,,,,,,,,,,,,,,,,,""
2554142106,"Jul 22, 2019, 5:03:18 PM",Evening Run,Run,,3030,7.39,,,,,,activities/2710903499.fit.gz,71.0,,3030.0,2585.0,7391.0,7.3,,7.0,0.0,211.2,224.8,20.5,0.0,,,110.0,83.0,,,,,584.0,,,,,,,,,,,,,,,,,,,7492.3,,,,,,,,,,,,,,,,,,,,,,,,,,,,6820.7,,,,,,,,,,,,,,,,,,,,,""
2551954134,"Jul 21, 2019, 4:34:52 PM",Evening Run,Run,,7521,19.02,,,,,,activities/2708628184.fit.gz,71.0,,7521.0,7494.0,19027.0,4.6,,422.0,424.0,84.4,416.2,45.0,0.0,,,86.0,81.0,,,,,1411.0,,,,,,,,,,,,,,,,,,,,,,,,,,,,,,,,,,,,,,,,,,,,,,,,,,,,,,,,,,,,,,,,,,,,""
2547746310,"Jul 20, 2019, 8:52:51 AM",Lunch Swim,Swim,https://youtu.be/Sl2y1bckpTU,6615,"4,148",,,,,,activities/2704274863.fit.gz,71.0,,6615.0,6034.0,4148.0,2.0,,0.0,0.0,-11.4,8.8,50.0,0.0,,,,,,,,,1041.0,,,,,,,,,,,,,,,,,,,,,,,,,,,,,,,,,,,,,,,,,,,,,,,,,,,,,,,,,,,,,,,,,,,,""
2546814277,"Jul 19, 2019, 5:12:13 PM",Evening Activity,Weight Training,,2417,0,159.0,7,,,,activities/2703310428.fit.gz,,,2417.0,2417.0,,0.0,,0.0,0.0,,,0.0,0.0,,,,,159.0,110.0,,,333.0,,,7.0,,,,,,,,,,,,,,,,,,,,,,,,,,,,,,,,,,,,,,,,,,,,,,,,,,,,,,,,,,,,,,,,,""
2543180185,"Jul 18, 2019, 3:42:33 PM",Evening Run,Run,,4793,12.90,186.0,80,,,,activities/2699572150.fit.gz,71.0,,4793.0,4747.0,12906.0,5.1,,148.0,164.0,215.0,360.4,42.5,-0.3,,,127.0,82.0,186.0,149.0,,,1020.0,,,80.0,,,,,,,,,,,,,,,,,,,,,,,,,,,,,,,,,,,,,,,,,,,,,,,,,,,,,,,,,,,,,,,,,""
2540752399,"Jul 17, 2019, 4:44:44 PM",Evening Run,Run,,3743,12.56,,,,,,activities/2697085418.fit.gz,71.0,,3743.0,3580.0,12559.0,5.6,,7.0,0.0,209.4,224.4,18.0,0.0,,,90.0,85.0,,,,,960.0,,,,,,,,,,,,,,,,,,,12666.2,,,,,,,,,,,,,,,,,,,,,,,,,,,,12229.3,,,,,,,,,,,,,,,,,,,,,""
2540066618,"Jul 16, 2019, 3:36:59 PM",Evening Activity,Weight Training,,3092,0,142.0,8,,,,activities/2696382859.fit.gz,,,3092.0,3092.0,,0.0,,0.0,0.0,195.6,195.6,0.0,0.0,,,,,142.0,107.0,,,398.0,,,8.0,,,,,,,,,,,,,,,,,,,,,,,,,,,,,,,,,,,,,,,,,,,,,,,,,,,,,,,,,,,,,,,,,""
2535296713,"Jul 15, 2019, 4:30:29 PM",Evening Run,Run,,3167,10.23,,,,,,activities/2691492992.fit.gz,71.0,,3167.0,3072.0,10231.0,5.7,,0.0,14.0,209.8,230.6,20.0,-0.1,,,93.0,86.0,,,,,786.0,,,,,,,,,,,,,,,,,,,,,,,,,,,,,,,,,,,,,,,,,,,,,,,,,,,,,,,,,,,,,,,,,,,,""
2532316373,"Jul 14, 2019, 4:17:09 PM",Evening Run,Run,,4234,12.48,,,,,,activities/2688418796.fit.gz,71.0,,4234.0,4177.0,12482.0,5.2,,268.0,276.0,213.8,371.0,40.0,0.0,,,88.0,83.0,,,,,938.0,,,,,,,,,,,,,,,,,,,13384.7,,,,,,,,,,,,,,,,,,,,,,,,,,,,10449.0,,,,,,,,,,,,,,,,,,,,,""
2529627940,"Jul 13, 2019, 3:11:45 PM",Evening Swim,Swim,,1384,887,,,,,,activities/2685631554.fit.gz,,,1384.0,1217.0,887.0,1.3,,0.0,0.0,0.6,10.0,46.0,-0.2,,,,,,,,,239.0,,,,,,,,,,,,,,,,,,,,,,,,,,,,,,,,,,,,,,,,,,,,,,,,,,,,,,,,,,,,,,,,,,,,""
2528646525,"Jul 12, 2019, 2:16:17 PM",Afternoon Activity,Weight Training,,2710,0,148.0,8,,,,activities/2684620709.fit.gz,,,2710.0,2710.0,,0.0,,0.0,0.0,228.0,228.0,0.0,0.0,,,,,148.0,111.0,,,370.0,,,8.0,,,,,,,,,,,,,,,,,,,,,,,,,,,,,,,,,,,,,,,,,,,,,,,,,,,,,,,,,,,,,,,,,""
2523521166,"Jul 11, 2019, 2:55:11 PM",Afternoon Run,Run,,5169,15.02,186.0,104,,,,activities/2679274645.fit.gz,71.0,,5169.0,5062.0,15024.0,4.4,,28.0,49.0,202.8,242.4,36.9,-0.1,,,96.0,85.0,186.0,153.0,,,1112.0,,,104.0,,,,,,,,,,,,,,,,15222.7,,,,,,,,,,,,,,,,,,,,,,,,,,,,14504.6,,,,,,,,,,,,,,,,,,,,,""
2520721219,"Jul 10, 2019, 2:44:50 PM",Afternoon Run,Run,,4398,12.87,185.0,154,,,,activities/2676413052.fit.gz,71.0,,4398.0,4330.0,12874.0,5.1,,247.0,276.0,213.4,369.0,46.7,-0.1,,,109.0,84.0,185.0,166.0,,,1148.0,,,154.0,,,,,,,,,,,,,,,,13699.6,,,,,,,,,,,,,,,,,,,,,,,,,,,,10666.8,,,,,,,,,,,,,,,,,,,,,""
2518550437,"Jul 9, 2019, 4:35:30 PM",Evening Activity,Weight Training,,2470,0,149.0,7,,,,activities/2674211057.fit.gz,,,2470.0,2470.0,,0.0,,0.0,0.0,237.4,237.4,0.0,0.0,,,,,149.0,113.0,,,352.0,,,7.0,,,,,,,,,,,,,,,,,,,,,,,,,,,,,,,,,,,,,,,,,,,,,,,,,,,,,,,,,,,,,,,,,""
2515739278,"Jul 8, 2019, 3:24:23 PM",Evening Run,Run,,4222,12.13,188.0,153,,,,activities/2671414160.fit.gz,71.0,,4222.0,4208.0,12129.0,5.2,,404.0,418.0,219.0,451.6,48.9,-0.1,,,89.0,83.0,188.0,166.0,,,1108.0,,,153.0,,,,,,,,,,,,,,,,13646.6,,,,,,,,,,,,,,,,,,,,,,,,,,,,10468.3,,,,,,,,,,,,,,,,,,,,,""
2509319492,"Jul 6, 2019, 2:33:52 PM",Afternoon Swim,Swim,,3785,"2,781",,,,,,activities/2664901088.fit.gz,,,3785.0,3755.0,2781.0,2.6,,0.0,0.0,-1.8,13.4,49.0,0.1,,,,,,,,,625.0,,,,,,,,,,,,,,,,,,,,,,,,,,,,,,,,,,,,,,,,,,,,,,,,,,,,,,,,,,,,,,,,,,,,""
2508123151,"Jul 5, 2019, 4:49:18 PM",Evening Activity,Weight Training,,2519,0,142.0,7,,,,activities/2663689805.fit.gz,,,2519.0,2519.0,,0.0,,0.0,0.0,232.6,232.6,0.0,0.0,,,,,142.0,113.0,,,342.0,,,7.0,,,,,,,,,,,,,,,,,,,,,,,,,,,,,,,,,,,,,,,,,,,,,,,,,,,,,,,,,,,,,,,,,""
2511097870,"Jul 4, 2019, 4:58:59 PM",Evening Run,Run,,3723,10.40,,,,,,activities/2666704788.fit.gz,71.0,,3723.0,3568.0,10401.0,4.4,,,,242.2,413.8,47.3,0.1,,,90.0,83.0,,,,,786.0,,,,,,,,,,,,,,,,,,,,,,,,,,,,,,,,,,,,,,,,,,,,,,,,,,,,,,,,,,,,,,,,,,,,""
2511097171,"Jul 3, 2019, 2:25:21 PM",Afternoon Activity,Workout,,3283,0,166.0,13,,,,activities/2666704443.fit.gz,,,3283.0,3283.0,,0.0,,,,208.6,208.6,0.0,0.0,,,,,166.0,,,,476.0,,,13.0,,,,,,,,,,,,,,,,,,,,,,,,,,,,,,,,,,,,,,,,,,,,,,,,,,,,,,,,,,,,,,,,,""
2511097155,"Jul 1, 2019, 4:16:45 PM",Evening Activity,Workout,,3346,0,188.0,10,,,,activities/2666704383.fit.gz,,,3346.0,3346.0,,0.0,,,,,,0.0,0.0,,,,,188.0,,,,343.0,,,10.0,,,,,,,,,,,,,,,,,,,,,,,,,,,,,,,,,,,,,,,,,,,,,,,,,,,,,,,,,,,,,,,,,""
2491915611,"Jun 30, 2019, 8:59:36 AM",🌊💪,Swim,"",2471,"1,251",,,,"",,activities/2646884677.fit.gz,71.0,,2471.0,2471.0,1251.0,1.2,,0.0,0.0,-3.8,7.6,43.6,0.2,,,,,,,,,370.0,,,,,,,,,,,,,,,,,,,,,,,,,,,,,,,,,,,,,,,,,,,,,,,0.0,,,,,,,,,,,,,,,,,,,,,""
2487326734,"Jun 28, 2019, 1:54:47 PM",Τεστ καταγραφής - Interval -,Swim,Εμφανίζεται μόνο το πρώτο set στο logbook του S9  κ SA 🐜 ,420,420,,,,,,activities/2642131130.fit.gz,71.0,,420.0,420.0,420.0,3.3,,0.0,0.0,251.4,267.6,21.8,-2.9,,,,,,,,,97.0,,,,,,,,,,,,,,,,,,,,,,,,,,,,,,,,,,,,,,,,,,,,,,,,,,,,,,,,,,,,,,,,,,,,""
2485087439,"Jun 27, 2019, 2:56:24 PM",Afternoon Activity,Weight Training,,3762,0,,,,,,activities/2639829060.fit.gz,,,3762.0,3762.0,,0.0,,0.0,0.0,209.4,209.4,0.0,0.0,,,,,,,,,71.0,,,,,,,,,,,,,,,,,,,,,,,,,,,,,,,,,,,,,,,,,,,,,,,,,,,,,,,,,,,,,,,,,,,,""
2511097115,"Jun 26, 2019, 2:11:58 PM",Afternoon Run,Run,,3754,11.06,,,,,,activities/2666704169.fit.gz,71.0,,3754.0,3657.0,11064.0,5.8,,,399.8,152.8,445.6,49.0,-0.6,,,235.0,84.0,,,,,813.0,,,,,,,,,,,,,,,,,,,12460.7,,,,,,,,,,,,,,,,,,,,,,,,,,,,8099.9,,,,,,,,,,,,,,,,,,,,,""
2482241914,"Jun 26, 2019, 2:11:57 PM",Η ΤΑΝ H SUNTAN 🌡☀,Run,"",3756,11.08,,,,,,activities/2636910856.fit.gz,71.0,,3756.0,3643.0,11084.0,5.8,3.043,416.1,450.0,137.9,449.4,49.0,-0.7,,,236.0,84.0,,,,,813.0,,,,,,,,,,,,,,,,,,,12679.3,,,,,,,,,,,,,,,,,,,,,,,,,,,,7176.8,,,,,,,,,,,,,,,,,,,,,""
2511096730,"Jun 25, 2019, 3:13:25 PM",Evening Activity,Workout,,1930,0,,,,,,activities/2666704013.fit.gz,,,1930.0,1930.0,,0.0,,,,222.6,222.6,0.0,0.0,,,,,,,,,37.0,,,,,,,,,,,,,,,,,,,,,,,,,,,,,,,,,,,,,,,,,,,,,,,,,,,,,,,,,,,,,,,,,,,,""
2481944734,"Jun 25, 2019, 3:13:25 PM",Evening Activity,Weight Training,,1930,0,,,,,,activities/2636605722.fit.gz,,,1930.0,1930.0,,0.0,,0.0,0.0,222.6,222.6,0.0,0.0,,,,,,,,,37.0,,,,,,,,,,,,,,,,,,,,,,,,,,,,,,,,,,,,,,,,,,,,,,,,,,,,,,,,,,,,,,,,,,,,""
2475159465,"Jun 23, 2019, 4:48:07 PM",ΓΑΛΙΛΑΙΟ ΤΑ'ΚΑΝΕΣ.. ΚΟΚΟΡΈΤΣΙ ΣΕ ΣΤΊΒΟ..,Run,"",7172,22.79,,,,,,activities/2629614749.fit.gz,71.0,,7172.0,7170.0,22797.0,9.4,,135.0,121.0,223.4,338.0,49.1,0.1,,,101.0,86.0,,,,,1694.0,,,,,,,,,,,,,,0.0,,,,,,,,,,,,,,,,,,,,,,,,,,,,,,,,,,,,,,,,,,,,,,,,,,,,,,""
2471709858,"Jun 22, 2019, 4:12:39 PM",ακτή-νησάκια-ακτή,Swim,"",2433,"1,605",,,,,,activities/2626009850.fit.gz,71.0,,2433.0,2433.0,1605.0,2.7,,0.0,0.0,2.0,13.0,38.0,-0.2,,,,,,,,,392.0,,,,,,,,,,,,,,,,,,,,,,,,,,,,,,,,,,,,,,,,,,,,,,,,,,,,,,,,,,,,,,,,,,,,""
2468872620,"Jun 21, 2019, 4:41:09 PM",Morning Run,Run,Update test 2.8.24,4092,10.94,,,,,,activities/2623059109.fit.gz,71.0,,,3969.0,10942.0,4.0,,290.0,277.0,214.4,449.6,48.6,0.0,,,85.0,82.0,,,,,821.0,,,,,,,,,,,,,,0.0,,,,,11947.5,,,,,,,,,,,,,,,,,,,,,,,,,,,,8993.1,,,,,,,,,,,,,,,,,,,,,""
2466466376,"Jun 20, 2019, 5:33:49 PM",Defrag,Run,"Όταν από τη κούραση λαμβάνεις ξεκούραση.......Ο νοών κατανοήτω...😵  

ΜΠΥΡΟΒΕΡΥ (recovery) χ2 κοτόπουλο απ'όλα - rest x3 Βεργίνα ενδιάμεσα. 💘",3102,9.75,,,,,,activities/2620569538.fit.gz,71.0,,,2998.0,9754.0,6.0,,0.0,7.0,208.2,221.2,20.0,-0.1,,,96.0,84.0,,,,,742.0,,,,,,,,,,,,,,,,,,,9831.6,,,,,,,,,,,,,,,,,,,,,,,,,,,,9234.1,,,,,,,,,,,,,,,,,,,,,""
2463210485,"Jun 19, 2019, 2:44:40 PM",MY CAGE.,Weight Training,Χ150 σύνολο μονόζυγο με διάλλειμα κοιλιακούς..  30 λεπτά 🔄,1795,0,,,,,,activities/2617213729.fit.gz,71.0,,,1795.0,,0.0,,0.0,0.0,217.0,217.0,0.0,0.0,,,,,,,,,34.0,,,,,,,,,,,,,,,,,,,,,,,,,,,,,,,,,,,,,,,,,,,,,,,,,,,,,,,,,,,,,,,,,,,,""
2460580968,"Jun 18, 2019, 3:01:21 PM",Evening Run,Run,"",3960,10.27,,,,,,activities/2614503770.fit.gz,71.0,,,3808.0,10270.0,4.2,,106.0,106.0,115.8,231.0,24.5,0.0,,,123.0,83.0,,,,,773.0,,,,,,,,,,,,,,,,,,,10657.2,,,,,,,,,,,,,,,,,,,,,,,,,,,,230.7,,,,,,,,,,,,,,,,,,,,,media/9356ffca-b55b-4eba-9d67-ac59b1cc746d.jpg
2455565048,"Jun 16, 2019, 2:36:01 PM",Afternoon Swim,Swim,,2895,"1,982",,,,,,activities/2609317959.fit.gz,,,,2895.0,1982.0,9.5,,0.0,0.0,-6.0,18.4,45.5,-0.3,,,,,,,,,462.0,,,,,,,,,,,,,,,,,,,,,,,,,,,,,,,,,,,,,,,,,,,,,,,,,,,,,,,,,,,,,,,,,,,,""
2452763031,"Jun 15, 2019, 4:04:20 PM",MIND RECALIBRATION,Run,.....until the sun goes down 🙌,7737,21.09,,,,,,activities/2606398518.fit.gz,71.0,,,7545.0,21089.0,5.2,,570.9,390.0,208.7,372.6,49.0,0.0,,,159.0,82.0,,,,,1572.0,,,,,,,,,,,,,,,,,,,23269.7,,,,,,,,,,,,,,,,,,,,,,,,,,,,15647.4,,,,,,,,,,,,,,,,,,,,,""
2449768559,"Jun 14, 2019, 4:40:15 PM",Evening Run,Run,"",3675,11.26,,,,,,activities/2603294203.fit.gz,71.0,,,3547.0,11264.0,5.5,,14.0,14.0,209.4,237.8,49.5,-0.1,,,105.0,86.0,,,,,875.0,,,,,,,,,,,,,,,,,,,11452.3,,,,,,,,,,,,,,,,,,,,,,,,,,,,10589.5,,,,,,,,,,,,,,,,,,,,,""
2447073135,"Jun 13, 2019, 2:37:18 PM",Morning Run,Run,"",4945,16.08,,,,,,activities/2600518368.fit.gz,71.0,,,4887.0,16084.0,5.8,,352.7,249.0,212.7,371.9,40.0,0.0,,,109.0,85.0,,,,,1198.0,,,,,,,,,,,,,,0.0,,,,,17148.6,,,,,,,,,,,,,,,,,,,,,,,,,,,,15449.0,,,,,,,,,,,,,,,,,,,,,""
2439236540,"Jun 10, 2019, 1:47:41 PM",- Ξεμπουκωματικό -,Run,"",3607,10.74,,,,,,activities/2592440391.fit.gz,71.0,,,3580.0,10743.0,6.9,,456.6,391.0,208.6,451.6,48.5,0.1,,,97.0,83.0,,,,,788.0,,,,,,,,,,,,,,,,,,,12960.5,,,,,,,,,,,,,,,,,,,,,,,,,,,,9057.2,,,,,,,,,,,,,,,,,,,,,""
2434074352,"Jun 8, 2019, 4:58:12 PM",τροχιοδεικτικο.,Run,"",2934,8.73,,,,,,activities/2587059768.fit.gz,71.0,,,2910.0,8735.0,4.8,,21.0,14.0,244.8,256.8,45.0,0.0,,,93.0,84.0,,,,,664.0,,,,,,,,,,,,,,,,,,,,,,,,,,,,,,,,,,,,,,,,,,,,,,,,,,,,,,,,,,,,,,,,,,,,""
2428647667,"Jun 6, 2019, 3:22:29 PM",30min- tempo 80%,Run,"",3293,11.50,,,,,,activities/2581452772.fit.gz,71.0,,,3152.0,11504.0,6.6,,7.0,0.0,242.8,253.6,34.7,0.1,,,111.0,88.0,,,,,872.0,,,,,,,,,,,,,,,,,,,,,,,,,,,,,,,,,,,,,,,,,,,,,,,,,,,,,,,,,,,,,,,,,,,,""
2423094769,"Jun 4, 2019, 3:16:10 PM",Χ10 500m για τα νεύρα.,Run,"",3374,10.37,,,,,,activities/2575724971.fit.gz,71.0,,,2958.0,10369.0,7.3,,7.0,0.0,202.8,220.4,42.9,0.1,,,119.0,89.0,,,,,802.0,,,,,,,,,,,,,,0.0,,,,,10494.4,,,,,,,,,,,,,,,,7337777.0,,,,,,,,,,,,9737.9,,,,,,,,,,,,,,,,,,,,,""
2414197543,"Jun 1, 2019, 10:58:49 AM",60'-Autopilot- παρέα με 31°C ☀ + Stephan Bodzin 🎧 + μία 🐢,Run,"",3602,13.55,,,,,,activities/2566500778.fit.gz,71.0,,,3562.0,13556.0,5.3,,0.0,7.0,238.2,253.2,9.7,-0.1,,,96.0,93.0,,,,,1008.0,,,,,,,,,,,,,,,,,,,,,,,,,,,,,,,,,,,,,,,,,,,,,,,,,,,,,,,,,,,,,,,,,,,,""
2409429245,"May 30, 2019, 2:29:54 PM",Evening Run,Run,"",4172,6.09,,,,,,activities/2561564593.fit.gz,71.0,,,4167.0,6097.0,4.2,,423.9,378.0,210.0,342.6,49.1,0.6,,,127.0,79.0,,,,,437.0,,,,,,,,,,,,,,0.0,,,,,9078.7,,,,,,,,,,,,,,,,7337777.0,,,,,,,,,,,,2046.8,,,,,,,,,,,,,,,,,,,,,media/0e3f1807-a0af-46c8-b85d-42e1e2f534ca.jpg
2404090185,"May 28, 2019, 2:26:05 PM",210⬆⬇ -5km 80% -210⬆⬇ - ψόφος,Run,Βάλτε στο s9 σενσορα μέτρησης αποβλάκωσης από τον ήλιο.😲,5234,14.90,,,,,,activities/2556051702.fit.gz,71.0,,,5108.0,14906.0,5.6,,424.0,422.0,213.8,448.4,49.5,0.0,,,102.0,84.0,,,,,1119.0,,,,,,,,,,,,,,,,,,,16882.0,,,,,,,,,,,,,,,,,,,,,,,,,,,,12549.5,,,,,,,,,,,,,,,,,,,,,""
2396688270,"May 25, 2019, 4:55:49 PM",...να εξατμιστουν οι χθεσινές μπύρες...,Run,"",3024,10.57,,,,,,activities/2548353727.fit.gz,71.0,,,2894.0,10575.0,6.0,,7.0,0.0,211.6,224.2,37.0,0.1,,,116.0,88.0,,,,,797.0,,,,,,,,,,,,,,,,,,,10707.5,,,,,,,,,,,,,,,,,,,,,,,,,,,,10218.5,,,,,,,,,,,,,,,,,,,,,""
2393523944,"May 24, 2019, 2:15:04 PM",Afternoon Run,Run,,4992,13.15,,,,,,activities/2545083921.fit.gz,71.0,,,4876.0,13149.0,4.6,,438.0,418.0,218.4,449.0,48.6,0.1,,,99.0,83.0,,,,,995.0,,,,,,,,,,,,,,,,,,,14779.3,,,,,,,,,,,,,,,,,,,,,,,,,,,,11642.8,,,,,,,,,,,,,,,,,,,,,""
2388152846,"May 22, 2019, 2:29:08 PM",Afternoon Run,Run,,2373,7.00,,,,,,activities/2539557502.fit.gz,71.0,,,2369.0,7007.0,4.0,,0.0,0.0,108.8,117.0,10.0,0.1,,,86.0,84.0,,,,,537.0,,,,,,,,,,,,,,,,,,,,,,,,,,,,,,,,,,,,,,,,,,,,,,,,,,,,,,,,,,,,,,,,,,,,""
2386324656,"May 21, 2019, 5:38:58 PM",Evening Run,Run,,2746,10.04,,,,,,activities/2537683219.fit.gz,71.0,,,2746.0,10045.0,5.5,,0.0,21.0,201.2,231.8,10.4,-0.2,,,99.0,90.0,,,,,750.0,,,,,,,,,,,,,,,,,,,10042.4,,,,,,,,,,,,,,,,,,,,,,,,,,,,9741.3,,,,,,,,,,,,,,,,,,,,,""
2382996290,"May 20, 2019, 2:43:41 PM",Rest,Run,"

",4099,10.57,,,,,,activities/2534277861.fit.gz,71.0,,,4097.0,10578.0,4.2,,240.0,240.0,208.8,451.0,49.0,0.0,,,85.0,82.0,,,,,808.0,,,,,,,,,,,,,,,,,,,11290.2,,,,,,,,,,,,,,,,,,,,,,,,,,,,8225.3,,,,,,,,,,,,,,,,,,,,,""
2379394629,"May 19, 2019, 9:01:45 AM",Evening Swim,Swim,"",1530,"1,282",,,,,,activities/2530541648.fit.gz,71.0,,,1530.0,1282.0,13.9,,0.0,0.0,-1.0,8.4,49.5,0.0,,,,,,,,,454.0,,,,,,,,,,,,,,,,,,,,,,,,,,,,,,,,,,,,,,,,,,,,,,,,,,,,,,,,,,,,,,,,,,,,""
2377775736,"May 18, 2019, 2:19:19 PM",120' ⬆⬇,Run,"",7068,14.51,,,,,,activities/2528855448.fit.gz,71.0,,,6911.0,14510.0,4.4,,814.7,773.0,253.0,451.6,50.0,0.0,,,105.0,81.0,,,,,1078.0,,,,,,,,,,,,,,,,,,,19433.3,,,,,,,,,,,,,,,,,,,,,,,,,,,,,,,,,,,,,,,,,,,,,,,,,""
2374992836,"May 17, 2019, 2:20:24 PM",Afternoon Run,Run,,3275,11.76,,,,,,activities/2525976572.fit.gz,71.0,,,3275.0,11760.0,6.1,,72.0,78.0,93.0,133.0,47.1,-0.1,,,100.0,85.0,,,,,874.0,,,,,,,,,,,,,,,,,,,,,,,,,,,,,,,,,,,,,,,,,,,,,,,,,,,,,,,,,,,,,,,,,,,,""
2372464419,"May 16, 2019, 2:32:52 PM",Moderate up / race down,Run,"",1926,6.55,,,,,,activities/2523375928.fit.gz,71.0,,,1895.0,6554.0,6.3,,250.0,222.0,213.0,466.8,46.5,0.4,,,103.0,88.0,,,,,491.0,,,,,,,,,,,,,,,,,,,7615.7,,,,,,,,,,,,,,,,,,,,,,,,,,,,5244.6,,,,,,,,,,,,,,,,,,,,,""
2372463998,"May 16, 2019, 2:03:10 PM",Functional training,Weight Training,"",1682,0,,,,,,activities/2523375598.fit.gz,71.0,,,1682.0,,0.0,,0.0,0.0,,,0.0,0.0,,,,,,,,,32.0,,,,,,,,,,,,,,,,,,,,,,,,,,,,,,,,,,,,,,,,,,,,,,,,,,,,,,,,,,,,,,,,,,,,""
2369803965,"May 15, 2019, 1:58:19 PM",Afternoon Run,Run,,4277,11.96,,,,,,activities/2520629744.fit.gz,71.0,,,4224.0,11959.0,5.0,,419.0,419.0,213.8,450.0,49.4,0.0,,,101.0,84.0,,,,,895.0,,,,,,,,,,,,,,,,,,,13582.3,,,,,,,,,,,,,,,,,,,,,,,,,,,,10492.5,,,,,,,,,,,,,,,,,,,,,""
2369594566,"May 13, 2019, 3:22:18 PM",Evening Run,Run,,3255,9.74,,,,,,activities/2520413756.fit.gz,71.0,,,3216.0,9747.0,4.8,,197.0,235.0,223.8,439.0,20.9,-0.4,,,89.0,85.0,,,,,742.0,,,,,,,,,,,,,,,,,,,10394.3,,,,,,,,,,,,,,,,,,,,,,,,,,,,7398.2,,,,,,,,,,,,,,,,,,,,,""
2358484252,"May 11, 2019, 10:08:55 AM",+ σφήνα ξεμπουκωματικό tempo10άρι,Run,"",4545,17.00,,,,,,activities/2508886246.fit.gz,71.0,,,4402.0,17007.0,5.2,,42.0,28.0,243.0,259.4,10.0,0.0,,,96.0,89.0,,,,,1276.0,,,,,,,,,,,,,,,,,,,,,,,,,,,,,,,,,,,,,,,,,,,,,,,,,,,,,,,,,,,,,,,,,,,,""
2354093559,"May 9, 2019, 2:33:03 PM",Afternoon Run,Run,,3307,10.01,,,,,,activities/2504343446.fit.gz,71.0,,,3274.0,10010.0,6.1,,412.0,394.0,201.6,440.4,49.2,0.2,,,99.0,86.0,,,,,748.0,,,,,,,,,,,,,,,,,,,11797.6,,,,,,,,,,,,,,,,,,,,,,,,,,,,8028.8,,,,,,,,,,,,,,,,,,,,,""
2364217863,"May 7, 2019, 2:06:41 PM",Afternoon Run,Run,,3870,9.32,,,,,,activities/2514878365.fit.gz,71.0,,,3644.0,9323.0,4.2,,,242.0,174.2,365.2,27.5,-1.2,,,93.0,82.0,,,,,698.0,,,,,,,,,,,,,,,,,,,10277.2,,,,,,,,,,,,,,,,,,,,,,,,,,,,6198.9,,,,,,,,,,,,,,,,,,,,,""
2346743330,"May 6, 2019, 2:19:41 PM",📴,Run,Free run,5164,17.82,,,,,,activities/2496721397.fit.gz,71.0,,,5158.0,17829.0,5.3,,381.0,276.0,211.8,371.9,24.2,0.0,,,94.0,89.0,,,,,1326.0,,,,,,,,,,,,,,,,,,,18865.4,,,,,,,,,,,,,,,,,,,,,,,,,,,,16562.1,,,,,,,,,,,,,,,,,,,,,""
2341420622,"May 4, 2019, 2:20:27 PM",Afternoon Run,Run,,4284,10.04,,,,,,activities/2491126294.fit.gz,71.0,,,4146.0,10044.0,4.8,,665.4,531.0,211.9,446.1,49.1,0.0,,,108.0,82.0,,,,,729.0,,,,,,,,,,,,,,,,,,,14160.1,,,,,,,,,,,,,,,,,,,,,,,,,,,,7021.5,,,,,,,,,,,,,,,,,,,,,""
2341420919,"May 3, 2019, 3:42:58 PM",Evening Activity,Weight Training,,3591,0,,,,,,activities/2491126683.fit.gz,,,,3591.0,,0.0,,0.0,0.0,275.2,275.2,0.0,0.0,,,,,,,,,68.0,,,,,,,,,,,,,,,,,,,,,,,,,,,,,,,,,,,,,,,,,,,,,,,,,,,,,,,,,,,,,,,,,,,,""
2336429938,"May 2, 2019, 1:33:13 PM",Τεμπάκια...αερόβιο,Run,"",6265,18.49,,,,,,activities/2485922899.fit.gz,71.0,,,5809.0,18497.0,6.7,,192.0,163.0,212.0,330.2,48.9,0.1,,,112.0,85.0,,,,,1386.0,,,,,,,,,,,,,,,,,,,19709.0,,,,,,,,,,,,,,,,,,,,,,,,,,,,17578.7,,,,,,,,,,,,,,,,,,,,,""
2336125662,"May 1, 2019, 2:17:12 PM",1 ΜΑΪΟΥ,Run,"",4216,13.48,,,,,,activities/2485606936.fit.gz,71.0,,,4141.0,13479.0,6.6,,,460.4,209.4,447.2,35.0,-0.5,,,100.0,85.0,,,,,1010.0,,,,,,,,,,,,,,,,,,,15015.8,,,,,,,,,,,,,,,,,,,,,,,,,,,,9859.6,,,,,,,,,,,,,,,,,,,,,""
2331094170,"Apr 30, 2019, 12:07:08 PM",⬆⬇,Run,"",1982,5.05,,,,,,activities/2480350925.fit.gz,71.0,,1982.0,1960.0,5052.0,7.2,,249.8,207.0,217.1,448.2,49.1,0.2,,,93.0,83.0,,,,,365.0,,,,,,,,,,,,,,,,0.0,,,6534.2,,,,,,,,,,,,,,,,,,,,,,,,,,,,3787.3,,,,,,,,,,,,,,,,,,,,,""
2331093450,"Apr 30, 2019, 11:38:06 AM",🔩,Weight Training,"",1653,0,,,,,,activities/2480350252.fit.gz,71.0,,1653.0,1653.0,0.0,0.0,,0.0,0.0,190.8,190.8,0.0,0.0,,,,,,,,,31.0,,,,,,,,,,,,,,,,0.0,,,,,,,,,,,,,,,,,,,,,,,,,,,,,,,,,,,,,,,,,,,,,,,,,,,,""
2327957527,"Apr 29, 2019, 10:43:15 AM",☀🌡😧,Run,"",6603,16.84,,,,,,activities/2477093270.fit.gz,71.0,,6603.0,6517.0,16848.0,5.0,,693.4,583.0,211.9,451.6,47.5,0.0,,,101.0,82.0,,,,,1253.0,,,,,,,,,,,,,,,,0.0,,,20463.4,,,,,,,,,,,,,,,,,,,,,,,,,,,,15250.0,,,,,,,,,,,,,,,,,,,,,""
2322487903,"Apr 27, 2019, 10:38:06 AM",Το πρώτο...😊,Swim,"Με άκυρο στοπαρισμα καταγραφής  250m πρίν...
(Τσιπούρες κοπάδι-παντόφλες Νο 47...)
",3130,"1,876",,,,,,activities/2471346950.fit.gz,71.0,,3130.0,3004.0,1876.0,5.3,,0.0,0.0,-12.4,6.4,49.5,-0.2,,,,,,,,,985.0,,,,,,,,,,,,,,,,0.0,,,,,,,,,,,,,,,,,,,,,,,,,,,,,,,,,,,,,,,,,,,,,,,,,,,,""
2320139455,"Apr 26, 2019, 9:31:54 AM",Explore,Run,"Παρέα με:κοκκινόχωμα, κουμαροχωμα, αστροσκονη, ανθρακοσκονη , @@σκονη + 30°C καρφί στο κεφάλι. Στο τέλος χόρευα ζεϊμπέκικο....",6869,19.76,,,,,,activities/2468886735.fit.gz,71.0,,6869.0,6643.0,19764.0,5.0,,532.4,447.0,64.1,410.2,49.1,0.0,,,89.0,84.0,,,,,1503.0,,,,,,,,,,,,,,,,0.0,,,,,,,,,,,,,,,,,,,,,,,,,,,,,,,,,,,,,,,,,,,,,,,,,,,,""
2320139065,"Apr 25, 2019, 4:28:56 PM",Evening Run,Run,,2198,4.94,,,,,,activities/2468886373.fit.gz,71.0,,2198.0,2196.0,4941.0,4.4,,191.0,193.0,225.4,429.8,35.0,-0.1,,,119.0,80.0,,,,,365.0,,,,,,,,,,,,,,,,0.0,,,5879.4,,,,,,,,,,,,,,,,,,,,,,,,,,,,3787.6,,,,,,,,,,,,,,,,,,,,,""
2315681119,"Apr 24, 2019, 2:47:27 PM",Afternoon Run,Run,10 τεμποαυξανόμενο,2533,10.10,,,,,,activities/2464228851.fit.gz,71.0,,2533.0,2533.0,10102.0,5.0,,0.0,15.0,239.4,256.0,6.0,-0.1,,,99.0,89.0,,,,,747.0,,,,,,,,,,,,,,,,0.0,,,,,,,,,,,,,,,,,,,,,,,,,,,,,,,,,,,,,,,,,,,,,,,,,,,,""
2313074550,"Apr 23, 2019, 3:57:55 PM",Evening Run,Run,"",1649,5.09,,,,,,activities/2461502375.fit.gz,71.0,,1649.0,1598.0,5095.0,6.8,,255.9,208.0,211.5,448.4,48.6,0.0,,,97.0,85.0,,,,,374.0,,,,,,,,,,,,,,,,0.0,,,,,,,,,,,,,,,,,,,,,,,,,,,,,,,,,,,,,,,,,,,,,,,,,,,,""
2313074785,"Apr 23, 2019, 3:23:42 PM",Evening Activity,Weight Training,,1780,0,,,,,,activities/2461502732.fit.gz,,,1780.0,1780.0,0.0,0.0,,0.0,0.0,,,0.0,0.0,,,,,,,,,34.0,,,,,,,,,,,,,,,,0.0,,,,,,,,,,,,,,,,,,,,,,,,,,,,,,,,,,,,,,,,,,,,,,,,,,,,""
2312408515,"Apr 22, 2019, 2:37:01 PM",Afternoon Run,Run,,3497,10.34,202.0,166,,,,activities/2460769872.fit.gz,71.0,,3497.0,3115.0,10343.0,5.3,,138.4,138.4,202.4,242.6,41.2,-0.2,,,103.0,85.0,202.0,177.0,,,970.0,,,166.0,,,,,,,,,,,,,0.0,,,10538.1,,,,,,,,,,,,,,,,,,,,,,,,,,,,9799.2,,,,,,,,,,,,,,,,,,,,,""
2312408851,"Apr 21, 2019, 2:16:40 PM",Afternoon Run,Run,,5747,14.59,174.0,89,,,,activities/2460769506.fit.gz,71.0,,5747.0,5454.0,14595.0,4.4,,374.0,374.0,191.8,372.6,40.0,0.1,,,90.0,82.0,174.0,146.0,,,1145.0,,,89.0,,,,,,,,,,,,,0.0,,,15776.7,,,,,,,,,,,,,,,,,,,,,,,,,,,,12152.2,,,,,,,,,,,,,,,,,,,,,""
2304492389,"Apr 20, 2019, 9:55:08 AM",Lunch Run,Run,Χεσμένος.,4832,13.02,192.0,94,,,,activities/2452458984.fit.gz,71.0,,4832.0,4711.0,13026.0,4.2,,290.0,312.0,212.8,368.4,49.1,-0.1,,,96.0,83.0,192.0,152.0,,,1063.0,,,94.0,,,,,,,,,,,,,0.0,,,14216.0,,,,,,,,,,,,,,,,,,,,,,,,,,,,9270.5,,,,,,,,,,,,,,,,,,,,,""
2299979965,"Apr 18, 2019, 2:45:43 PM",Afternoon Run,Run,,4173,11.94,199.0,136,,,,activities/2447734912.fit.gz,71.0,,4173.0,4077.0,11942.0,5.1,,341.7,320.0,210.9,445.0,48.9,0.0,,,88.0,83.0,199.0,162.0,,,988.0,,,136.0,,,,,,,,,,,,,0.0,,,13127.0,,,,,,,,,,,,,,,,,,,,,,,,,,,,10337.0,,,,,,,,,,,,,,,,,,,,,""
2297072608,"Apr 17, 2019, 4:17:06 PM",↗↘,Run,"",2149,6.80,190.0,113,,,,activities/2444718470.fit.gz,71.0,,2149.0,2122.0,6801.0,5.6,,279.0,279.0,204.5,446.4,49.2,0.2,,,93.0,84.0,190.0,177.0,,,632.0,,,113.0,,,,,,,,,,,,,0.0,,,8085.8,,,,,,,,,,,,,,,,,,,,,,,,,,,,4962.4,,,,,,,,,,,,,,,,,,,,,""
2297072514,"Apr 17, 2019, 3:41:17 PM",🔩🏋,Workout,"",1481,0,137.0,4,,,,activities/2444718462.fit.gz,71.0,,1481.0,1481.0,0.0,0.0,,0.0,,221.6,221.6,0.0,0.0,,,,,137.0,111.0,,,211.0,,,4.0,,,,,,,,,,,,,0.0,,,,,,,,,,,,,,,,,,,,,,,,,,,,,,,,,,,,,,,,,,,,,,,,,,,,""
2286662066,"Apr 13, 2019, 11:56:52 AM",🌧🌦🌥🐦🐢🏔  🙏,Run,"",5419,15.51,197.0,189,,,,activities/2433842728.fit.gz,71.0,,5419.0,5405.0,15515.0,4.8,,397.9,306.0,210.0,371.9,30.0,0.0,,,90.0,82.0,197.0,161.0,,,1369.0,,,189.0,,,,,,,,,,,,,0.0,,,16936.9,,,,,,,,,,,,,,,,,,,,,,,,,,,,12764.4,,,,,,,,,,,,,,,,,,,,,""
2286661275,"Apr 12, 2019, 2:16:57 PM",Afternoon Run,Run,,3222,8.50,201.0,117,,,,activities/2433841946.fit.gz,71.0,,3222.0,3052.0,8505.0,5.7,,176.0,148.0,233.8,365.2,49.1,0.3,,,103.0,82.0,201.0,165.0,,,882.0,,,117.0,,,,,,,,,,,,,0.0,,,,,,,,,,,,,,,,,,,,,,,,,,,,,,,,,,,,,,,,,,,,,,,,,,,,""
2286660921,"Apr 11, 2019, 2:16:21 PM",Afternoon Run,Run,,3885,9.64,193.0,135,,,,activities/2433841598.fit.gz,71.0,,3885.0,3809.0,9641.0,5.6,,176.0,148.0,206.8,358.8,37.8,0.1,,,89.0,82.0,193.0,166.0,,,983.0,,,135.0,,,,,,,,,,,,,0.0,,,10212.9,,,,,,,,,,,,,,,,,,,,,,,,,,,,6961.8,,,,,,,,,,,,,,,,,,,,,""
2272367782,"Apr 7, 2019, 7:00:44 AM",Race,Run,"τουμπανοΚραμπίδια ενθεν κ ενθεν.. απ`τό 17km
 & του χρόνου😀🤛",7888,21.64,204.0,470,,"",,activities/2418987759.fit.gz,71.0,,7888.0,7768.0,21642.0,6.8,,1097.8,857.0,183.9,403.5,50.0,0.0,,,183.0,82.0,204.0,181.0,,,2362.0,,,470.0,,,,,,,,,,,0.0,,0.0,,,28698.9,,,,,,,,,,,,,,,,7337777.0,,,,,,,,,,,,17640.2,,,,,,,,,,,,,,,,,,,,,media/05a8f6bc-dbc1-4bc2-8f05-5e4b6189d30b.jpg|media/cea3fd1c-d201-4afe-b52b-d1fcb1563f33.jpg|media/c3f58902-bbda-4c1b-ae52-d2b25aa4e912.jpg|media/d8e959b7-57c6-46af-b07d-d957983dbaaf.jpg
2251145329,"Mar 30, 2019, 7:59:43 AM",Morning Run,Run,,5840,13.73,206.0,120,,,,activities/2396874075.fit.gz,71.0,,5840.0,5807.0,13731.0,4.8,,481.8,426.0,250.1,445.6,49.1,0.0,,,109.0,81.0,206.0,149.0,,,1241.0,,,120.0,,,,,,,,,,,,,0.0,,,,,,,,,,,,,,,,,,,,,,,,,,,,,,,,,,,,,,,,,,,,,,,,,,,,""
2249371431,"Mar 29, 2019, 1:22:41 PM",80%⬆ - 60%⬇  🌪🌬,Run,"",3911,8.92,203.0,180,,,,activities/2395031843.fit.gz,71.0,,3911.0,3837.0,8921.0,4.3,,530.9,530.9,214.2,451.6,48.3,0.1,,,118.0,81.0,203.0,173.0,,,1104.0,,,180.0,,,,,,,,,,,,,0.0,,,12211.0,,,,,,,,,,,,,,,,,,,,,,,,,,,,6886.5,,,,,,,,,,,,,,,,,,,,,""
2249371818,"Mar 28, 2019, 3:02:42 PM",Recovery,Run,"",3609,9.84,198.0,130,,,,activities/2395032224.fit.gz,71.0,,3609.0,3567.0,9842.0,4.1,,241.2,,236.4,450.0,50.0,0.2,,,85.0,82.0,198.0,162.0,,,942.0,,,130.0,,,,,,,,,,,,,0.0,,,,,,,,,,,,,,,,,,,,,,,,,,,,,,,,,,,,,,,,,,,,,,,,,,,,""
2244862302,"Mar 27, 2019, 3:05:00 PM",flat 😕 x3 9' rest 2',Run,"",3668,12.57,207.0,151,,,,activities/2390388788.fit.gz,71.0,,3668.0,3554.0,12578.0,5.0,,0.0,0.0,112.8,120.4,9.1,0.0,,,97.0,88.0,207.0,171.0,,,980.0,,,151.0,,,,,,,,,,,,,0.0,,,,,,,,,,,,,,,,,,,,,,,,,,,,,,,,,,,,,,,,,,,,,,,,,,,,""
2242591510,"Mar 26, 2019, 3:59:17 PM",Recovery,Run,"",2999,7.74,196.0,115,,,,activities/2388047125.fit.gz,71.0,,2999.0,2984.0,7742.0,8.0,,7.0,7.0,200.8,221.2,28.0,0.1,,,126.0,81.0,196.0,170.0,,,808.0,,,115.0,,,,,,,,,,,,,0.0,,,7923.2,,,,,,,,,,,,,,,,,,,,,,,,,,,,7463.0,,,,,,,,,,,,,,,,,,,,,""
2239505697,"Mar 25, 2019, 10:48:17 AM",Interval χ3 ↗  70 - 80 - 90%,Run,"",4847,14.71,202.0,168,,,,activities/2384864425.fit.gz,71.0,,4847.0,4762.0,14716.0,4.6,3.09,376.0,441.0,243.2,456.8,46.7,-0.4,,,126.0,85.0,202.0,166.0,,,1246.0,,,168.0,,,,,,,,,,,,,0.0,,,16304.1,,,,,,,,,,,,,,,,,,,,,,,,,,,,,,,,,,,,,,,,,,,,,,,,,""
2234670940,"Mar 23, 2019, 10:52:36 AM",Lunch Run,Run,,7732,18.55,,,,,,activities/2234670940.fit,71.0,,7732.0,7615.0,18554.0,4.4,,661.1,28.0,497.9,1073.6,46.7,3.1,,,,73.0,,155.0,,,2169.0,,,,,,,,,,,,,,,,0.0,,,,,,,,,,,,,,,,,,,,,,,,,,,,,,,,,,,,,,,,,,,,,,,,,,,,""
2232054914,"Mar 22, 2019, 4:07:05 PM",Recovery του recovery run 😵,Run,"Ο χρήστης gerasimos νοιώθει 
διαλυμένος στη τοποθεσία ποικίλο. 🔧",3276,6.83,200.0,108,,,,activities/2377051167.fit.gz,71.0,,3276.0,3183.0,6831.0,4.2,,240.0,256.0,205.0,448.8,47.5,-0.1,,,107.0,79.0,200.0,164.0,,,820.0,,,108.0,,,,,,,,,,,,,0.0,,,7963.5,,,,,,,,,,,,,,,,,,,,,,,,,,,,4922.3,,,,,,,,,,,,,,,,,,,,,""
2232055305,"Mar 21, 2019, 4:39:40 PM",Recovery run,Run,"",3094,10.25,187.0,60,,,,activities/2377051539.fit.gz,71.0,,3094.0,3090.0,10252.0,4.2,,7.0,0.0,106.6,121.4,7.8,0.1,,,88.0,85.0,187.0,148.0,,,665.0,,,60.0,,,,,,,,,,,,,0.0,,,,,,,,,,,,,,,,,,,,,,,,,,,,,,,,,,,,,,,,,,,,,,,,,,,,""
2227309599,"Mar 20, 2019, 3:03:20 PM",Intervals uphill / 85-90% - rest easy down,Run,"",4404,10.65,191.0,147,,,,activities/2372172104.fit.gz,71.0,,4404.0,4244.0,10650.0,4.2,,616.9,386.0,232.0,455.2,47.9,0.0,,,101.0,82.0,191.0,163.0,,,1130.0,,,147.0,,,,,,,,,,,0.0,,0.0,,,,,,,,,,,,,,,,,,,,,,,,,,,,,,,,,,,,,,,,,,,,,,,,,,,,""
2222113543,"Mar 18, 2019, 12:17:26 PM",workout,Run,"",3375,7.37,180.0,76,,,,activities/2366830035.fit.gz,71.0,,3375.0,3325.0,7372.0,3.8,,471.4,471.4,209.4,461.3,48.9,-0.1,,,124.0,81.0,180.0,154.0,,,763.0,,,76.0,,,,,,,,,,,,,0.0,,,10360.1,,,,,,,,,,,,,,,,,,,,,,,,,,,,2652.3,,,,,,,,,,,,,,,,,,,,,""
2216995441,"Mar 16, 2019, 11:26:43 AM",Afternoon Run,Run,,5894,12.42,205.0,93,,,,activities/2361499206.fit.gz,71.0,,5894.0,5758.0,12425.0,5.0,,641.9,513.0,182.5,445.9,49.1,-0.1,,,114.0,77.0,205.0,153.0,,,1223.0,,,93.0,,,,,,,,,,,,,0.0,,,16216.9,,,,,,,,,,,,,,,,,,,,,,,,,,,,8866.8,,,,,,,,,,,,,,,,,,,,,""
2214748332,"Mar 15, 2019, 10:56:16 AM",Τεστ Όλα mesa. 🚨,Run,Race mode ON,4542,17.48,198.0,251,,,,activities/2359174860.fit.gz,71.0,,4542.0,4526.0,17488.0,6.0,,365.0,270.0,216.4,371.9,22.2,0.0,,,97.0,89.0,198.0,178.0,,,1319.0,,,251.0,,,,,,8.0,,,,,0.0,194.0,0.0,,,18413.6,,,,,,,,,,,,,,,,,,,,,,,,,,,,,,,,,,,,,,,,,,,,,,,,,""
2214747852,"Mar 14, 2019, 3:10:14 PM",Afternoon Run,Run,,3728,9.41,194.0,142,,,,activities/2359174383.fit.gz,71.0,,3728.0,3623.0,9410.0,4.1,,268.2,199.0,225.0,371.9,48.9,0.0,,,108.0,83.0,194.0,167.0,,,963.0,,,142.0,,,,,,,,,,,,,0.0,,,,,,,,,,,,,,,,,,,,,,,,,,,,,,,,,,,,,,,,,,,,,,,,,,,,""
2210967736,"Mar 13, 2019, 3:12:45 PM",Ζέσταμα 20' / χ4  ανοίγματα / 15' τέμπο-4' χαλαρα-15'τέμπο,Run,"",3934,13.28,196.0,136,,,,activities/2355313293.fit.gz,71.0,,3934.0,3663.0,13288.0,7.0,,14.0,7.0,112.8,125.6,50.0,-0.1,,,169.0,87.0,196.0,164.0,,,959.0,,,136.0,,,,,,,,,,,,,0.0,,,,,,,,,,,,,,,,,,,,,,,,,,,,,,,,,,,,,,,,,,,,,,,,,,,,""
2206037614,"Mar 11, 2019, 10:26:20 AM",Lunch Run,Run,"",4926,14.62,190.0,216,,,,activities/2350278496.fit.gz,71.0,,4926.0,4926.0,14620.0,5.8,,583.6,520.0,206.2,451.6,48.9,-0.1,,,114.0,84.0,190.0,171.0,,,1390.0,,,216.0,,,,,,,,,,,,,0.0,,,17559.3,,,,,,,,,,,,,,,,,,,,,,,,,,,,11917.6,,,,,,,,,,,,,,,,,,,,,""
2204389196,"Mar 10, 2019, 11:43:42 AM",Afternoon Run,Run,,9390,17.70,198.0,107,,,,activities/2348563548.fit.gz,71.0,,9390.0,9386.0,17705.0,5.4,,694.0,695.0,371.4,962.0,49.5,0.1,,,104.0,78.0,198.0,144.0,,,1859.0,,,107.0,,,,,,,,,,,,,0.0,,,,,,,,,,,,,,,,,,,,,,,,,,,,,,,,,,,,,,,,,,,,,,,,,,,,""
2199150921,"Mar 8, 2019, 12:42:56 PM",Afternoon Run,Run,,3978,9.51,184.0,62,,,,activities/2343162344.fit.gz,71.0,,3978.0,3800.0,9511.0,4.5,,432.7,432.7,211.8,359.6,49.6,-0.1,,,115.0,81.0,184.0,149.0,,,858.0,,,62.0,,,,,,,,,,,,,0.0,,,11720.9,,,,,,,,,,,,,,,,,,,,,,,,,,,,5388.0,,,,,,,,,,,,,,,,,,,,,""
2197090301,"Mar 7, 2019, 12:50:08 PM",δασικό 30min,Run,"",3330,11.44,191.0,125,,,,activities/2341062087.fit.gz,71.0,,3330.0,3311.0,11443.0,5.8,,287.4,296.2,204.4,391.0,46.0,0.2,,,94.0,88.0,191.0,167.0,,,921.0,,,125.0,,,,,,4.0,,,,,0.0,36.0,0.0,,,12397.1,,,,,,,,,,,,,,,,,,,,,,,,,,,,10552.0,,,,,,,,,,,,,,,,,,,,,""
2193035788,"Mar 5, 2019, 3:19:00 PM",Ζέσταμα + 8km τέμπο,Run,"",2613,10.39,206.0,160,,,,activities/2336886481.fit.gz,71.0,,2613.0,2575.0,10395.0,5.5,,0.0,7.0,107.4,118.4,8.0,0.0,,,90.0,88.0,206.0,183.0,,,851.0,,,160.0,,,,,,,,,,,,,0.0,,,,,,,,,,,,,,,,,,,,,,,,,,,,,,,,,,,,,,,,,,,,,,,,,,,,""
2190568365,"Mar 4, 2019, 12:38:23 PM",PRODIGY DAY.,Run,"",3852,9.68,200.0,161,,,,activities/2334354809.fit.gz,71.0,,3852.0,3634.0,9684.0,4.6,,441.3,441.3,211.7,367.5,49.1,0.0,,,115.0,83.0,200.0,169.0,,,1054.0,,,161.0,,,,,,,,,,,,,0.0,,,12115.7,,,,,,,,,,,,,,,,,,,,,,,,,,,,7568.3,,,,,,,,,,,,,,,,,,,,,""
2185853112,"Mar 2, 2019, 10:28:18 AM",Long run,Run,"",9102,18.74,,,,,,activities/2329467905.fit.gz,71.0,,9102.0,9004.0,18743.0,23.5,,874.8,0.0,215.0,403.7,48.6,0.0,,,112.0,76.0,,,,,1271.0,,,,,,,,,,,,,,,,0.0,,,,,,,,,,,,,,,,,,,,,,,,,,,,,,,,,,,,,,,,,,,,,,,,,,,,""
2181507272,"Feb 28, 2019, 11:52:44 AM",Τέμπο διαρκείας ανηφόρα. (Χ3) 70%-80%-90%,Run,"",4469,13.43,198.0,161,,,,activities/2325011379.fit.gz,71.0,,4469.0,4469.0,13436.0,5.7,,477.1,392.0,215.4,448.2,46.7,0.0,,,112.0,83.0,198.0,166.0,,,1189.0,,,161.0,,,,,,,,,,,,,0.0,,,15424.3,,,,,,,,,,,,,,,,,,,,,,,,,,,,12290.2,,,,,,,,,,,,,,,,,,,,,""
2177441451,"Feb 26, 2019, 3:24:06 PM",Ζέσταμα 3km -4τέμπο-4αερόβιο-4τέμπο.,Run,"",4151,15.30,203.0,235,,,,activities/2320852407.fit.gz,71.0,,4151.0,4003.0,15306.3,5.7,,7.0,43.0,105.2,143.8,16.7,-0.1,,,96.0,86.0,203.0,179.0,,,1286.0,,,235.0,,,,,,,,,,,,,0.0,,,,,,,,,,,,,,,,,,,,,,,,,,,,,,,,,,,,,,,,,,,,,,,,,,,,""
2174296395,"Feb 25, 2019, 10:49:00 AM",Afternoon Run,Run,Easy/mod trails,4434,11.13,198.0,178,,,,activities/2317632986.fit.gz,71.0,,4434.0,4311.0,11131.0,5.2,2.582,659.1,659.1,223.1,459.5,49.5,0.1,,,126.0,81.0,198.0,169.0,,,1218.0,,,178.0,,,,,,,,,,,0.0,,0.0,,,15161.1,,,,,,,,,,,,,,,,7337777.0,,,,,,,,,,,,6887.5,,,,,,,,,,,,,,,,,,,,,""
2169505722,"Feb 23, 2019, 11:53:33 AM","<<Ωκεανίς>>  (χ19)1.000m rest 35"" ❄🌪",Run,"",6660,23.00,213.0,316,,,,activities/2312663124.fit.gz,71.0,,6660.0,6517.0,23004.0,5.7,,14.0,14.0,236.6,256.0,48.9,0.1,,,122.0,90.0,213.0,178.0,,,1976.0,,,316.0,,,,,,,,,,,,,0.0,,,,,,,,,,,,,,,,,,,,,,,,,,,,,,,,,,,,,,,,,,,,,,,,,,,,""
2162339081,"Feb 20, 2019, 10:56:05 AM",20min 3.50/km tempo flat,Run,"",4083,12.45,206.0,139,,,,activities/2305293333.fit.gz,71.0,,4083.0,3974.0,12453.0,5.5,,399.9,399.9,211.2,371.9,48.1,-0.1,,,127.0,85.0,206.0,161.0,,,1067.0,,,139.0,,,,,,,,,,,,,0.0,,,14298.9,,,,,,,,,,,,,,,,,,,,,,,,,,,,11595.8,,,,,,,,,,,,,,,,,,,,,""
2160113268,"Feb 19, 2019, 11:13:18 AM",(Χ9) 600m⬆ - rest 600m⬇,Run,"",5294,15.20,199.0,210,,,,activities/2302977872.fit.gz,71.0,,5294.0,4617.0,15202.2,5.0,,652.7,649.7,218.8,390.2,40.0,-0.1,,,253.0,85.0,199.0,170.0,,,1485.0,,,210.0,,,,,,,,,,,,,0.0,,,18088.7,,,,,,,,,,,,,,,,,,,,,,,,,,,,14349.2,,,,,,,,,,,,,,,,,,,,,""
2156362542,"Feb 17, 2019, 6:51:50 AM",Χ3 Poikilo up down 8km,Run, 57min lap,10725,25.94,187.0,236,,,,activities/2298188003.gpx.gz,71.0,,10725.0,10286.0,25944.0,5.2,2.522,1283.5,1283.5,183.8,445.8,49.1,0.0,,,113.0,81.0,187.0,155.0,,,2949.0,,,236.0,,,,,,,,,,,0.0,,0.0,,,33801.1,,,,,,,,,,,,,,,,7337777.0,,,,,,,,,,,,18870.5,,,,,,,,,,,,,,,,,,,,,""
2156919745,"Feb 16, 2019, 4:18:08 PM",Evening Ride,Ride,,3031,0,149.0,9,,,,activities/2299345354.fit.gz,71.0,,3031.0,3031.0,0.0,0.0,,0.0,,255.2,255.2,0.0,0.0,,,,,149.0,107.0,,0.0,411.0,,,9.0,,,,,,,,,,,,,0.0,,,,,,,,,,,,,,,,,,,,,,,,,,,,,,,,,,,,,,,,,,,,,,,,,,,,""
2148864483,"Feb 14, 2019, 3:04:11 PM",Afternoon Run,Run,"",5664,14.61,199.0,257,,,,activities/2290285967.fit.gz,71.0,,5664.0,5599.0,14609.0,4.6,,540.0,533.0,209.4,444.2,48.9,0.1,,,98.0,82.0,199.0,172.0,,,1600.0,,,257.0,,,,,,,,,,,,,0.0,,,16990.7,,,,,,,,,,,,,,,,,,,,,,,,,,,,10085.4,,,,,,,,,,,,,,,,,,,,,media/32187921-42f8-420a-a974-69a8c575e41b.jpg
2138776935,"Feb 11, 2019, 10:45:56 AM",Lunch Run,Run,,3653,11.48,209.0,104,,,,activities/2282987308.fit.gz,71.0,,3653.0,3653.0,11482.0,6.7,,28.0,50.0,186.4,233.4,49.0,-0.1,,,197.0,90.0,209.0,161.0,,,911.0,,,104.0,,,,,,,,,,,,,0.0,,,11765.6,,,,,,,,,,,,,,,,,,,,,,,,,,,,10914.0,,,,,,,,,,,,,,,,,,,,,""
2134414586,"Feb 9, 2019, 10:48:15 AM",Lunch Run,Run,"",8620,18.56,200.0,266,,,,activities/2278424469.fit.gz,71.0,,8620.0,8293.0,18564.0,6.4,2.239,674.8,626.0,206.5,449.9,49.1,0.0,,,101.0,80.0,200.0,160.0,,,2155.0,,,266.0,,,,,,,,,,,,,0.0,,,22088.4,,,,,,,,,,,,,,,,,,,,,,,,,,,,13506.9,,,,,,,,,,,,,,,,,,,,,""
2132499296,"Feb 8, 2019, 3:08:11 PM",-Eurobank-,Run,"",4037,7.07,198.0,140,,,,activities/2276445050.fit.gz,71.0,,4037.0,3635.0,7078.0,6.0,,384.0,382.0,192.6,357.6,49.1,0.2,,,123.0,80.0,198.0,165.0,,,1068.0,,,140.0,,,,,,,,,,,,,0.0,,,9692.4,,,,,,,,,,,,,,,,,,,,,,,,,,,,2498.2,,,,,,,,,,,,,,,,,,,,,""
2130579390,"Feb 7, 2019, 4:10:52 PM",run Forrest RUN!!,Run,"",4326,13.40,204.0,160,,,,activities/2274483686.fit.gz,71.0,,4326.0,4224.0,13405.0,5.2,,64.0,106.0,109.8,227.2,33.3,-0.2,,,92.0,85.0,204.0,168.0,,,1149.0,,,160.0,,,,,,,,,,,,,0.0,,,13666.0,,,,,,,,,,,,,,,,,,,,,,,,,,,,963.3,,,,,,,,,,,,,,,,,,,,,""
2129599432,"Feb 6, 2019, 10:21:13 PM",-ΧΡΟΝΟΔΙΝΗ-,Run,"",70,0,129.0,0,,,,activities/2273481740.fit.gz,71.0,,70.0,0.0,0.0,0.0,,0.0,0.0,193.2,205.0,0.0,0.0,,,,,129.0,0.0,,,10.0,,,0.0,,,,,,,,,,,,,0.0,,,0.0,,,,,,,,,,,,,,,,,,,,,,,,,,,,0.0,,,,,,,,,,,,,,,,,,,,,""
2125746659,"Feb 5, 2019, 12:11:53 PM",Afternoon Run,Run,,3572,9.18,199.0,139,,,,activities/2269532321.fit.gz,71.0,,3572.0,3530.0,9188.0,4.6,,454.3,408.0,211.2,451.6,49.1,0.0,,,103.0,83.0,199.0,167.0,,,993.0,,,139.0,,,,,,,,,,,,,0.0,,,11852.2,,,,,,,,,,,,,,,,,,,,,,,,,,,,7383.4,,,,,,,,,,,,,,,,,,,,,""
2119236454,"Feb 2, 2019, 11:40:04 AM",Night Run,Run,"",8294,30.26,195.0,381,,,,activities/2262756184.fit.gz,71.0,,8294.0,8107.0,30259.0,7.0,,21.0,21.0,231.4,255.2,16.4,0.0,,,108.0,87.0,195.0,175.0,,,2368.0,,,381.0,,,,,,,,,,,,,0.0,,,,,,,,,,,,,,,,,,,,,,,,,,,,,,,,,,,,,,,,,,,,,,,,,,,,""
2117189792,"Feb 1, 2019, 11:46:31 AM",Afternoon Run,Run,,7349,17.62,196.0,227,,,,activities/2260654414.fit.gz,71.0,,7349.0,7119.0,17628.0,4.4,,463.2,346.0,232.0,371.9,42.5,0.0,,,101.0,81.0,196.0,164.0,,,1812.0,,,227.0,,,,,,,,,,,,,0.0,,,,,,,,,,,,,,,,,,,,,,,,,,,,,,,,,,,,,,,,,,,,,,,,,,,,""
2115116560,"Jan 31, 2019, 10:16:38 AM",Lunch Run,Run,,3813,11.09,193.0,112,,,,activities/2258534443.fit.gz,71.0,,3813.0,3575.0,11089.0,4.8,,304.6,304.6,208.6,371.9,26.7,0.4,,,97.0,84.0,193.0,161.0,,,957.0,,,112.0,,,,,,,,,,,,,0.0,,,12182.4,,,,,,,,,,,,,,,,,,,,,,,,,,,,10391.2,,,,,,,,,,,,,,,,,,,,,""
2099991441,"Jan 24, 2019, 10:15:16 AM",💀,Run,"",3159,13.91,,,,,,activities/2242857849.fit.gz,71.0,,3159.0,3063.0,13913.3,8.1,,335.8,99.0,255.0,270.9,11.5,0.0,,,,,,,,,1026.0,,,,,,,,,,,,,,,,0.0,,,,,,,,,,,,,,,,,,,,,,,,,,,,,,,,,,,,,,,,,,,,,,,,,,,,""
2096003535,"Jan 22, 2019, 10:39:02 AM",Lunch Run,Run,,3610,9.88,,,,,,activities/2238803325.fit.gz,71.0,,3610.0,3397.0,9887.4,7.2,,114.7,78.0,200.5,210.5,10.8,0.0,,,,,,,,,711.0,,,,,,,,,,,,,,,,0.0,,,,,,,,,,,,,,,,,,,,,,,,,,,,,,,,,,,,,,,,,,,,,,,,,,,,""
2089273230,"Jan 19, 2019, 12:49:47 PM",10km. -All in-  😤😫🚑,Run,"",2147,10.01,,,,,,activities/2231843871.fit.gz,71.0,,2147.0,2147.0,10015.0,7.7,,213.2,18.0,255.1,268.0,10.5,0.1,,,,,,,,,738.0,,,,,,,,,,,,,,,,0.0,,,,,,,,,,,,,,,,,,,,,,,,,,,,,,,,,,,,,,,,,,,,,,,,,,,,""
2089273749,"Jan 19, 2019, 12:03:59 PM",Ζέσταμα για δεκάρι,Run,"",2263,4.85,,,,,,activities/2231844421.fit.gz,71.0,,2263.0,2219.0,4852.7,4.4,,228.1,170.0,203.1,371.9,30.0,1.1,,,,,,,,,329.0,,,,,,,,,,,,,,,,0.0,,,6176.0,,,,,,,,,,,,,,,,,,,,,,,,,,,,3433.3,,,,,,,,,,,,,,,,,,,,,""
2087356773,"Jan 18, 2019, 3:30:15 PM",Recovery run,Run,"",4635,12.07,,,,,,activities/2229852725.fit.gz,71.0,,4635.0,4630.0,12071.6,3.9,,271.2,257.0,208.7,371.9,24.7,-0.3,,,,,,,,,893.0,,,,,,,,,,,,,,,,0.0,,,12839.5,,,,,,,,,,,,,,,,,,,,,,,,,,,,10256.5,,,,,,,,,,,,,,,,,,,,,""
2084790132,"Jan 17, 2019, 12:29:43 PM",ζεσταμα -Χ2 9λεπτα-χαλαρο,Run,"",3585,10.32,,,,,,activities/2227206064.fit.gz,71.0,,3585.0,3341.0,10327.1,7.0,,122.5,116.0,202.5,221.7,16.1,0.0,,,,,,,,,755.0,,,,,,,,,,,,,,,,0.0,,,10648.7,,,,,,,,,,,,,,,,,,,,,,,,,,,,9765.4,,,,,,,,,,,,,,,,,,,,,""
2082745812,"Jan 16, 2019, 12:01:28 PM",Afternoon Run,Run,,3577,10.29,,,,,,activities/2225094704.fit.gz,71.0,,3577.0,3560.0,10298.8,5.0,,351.6,259.0,208.6,378.1,26.8,-0.2,,,,,,,,,759.0,,,,,,,,,,,,,,,,0.0,,,11882.6,,,,,,,,,,,,,,,,,,,,,,,,,,,,8738.7,,,,,,,,,,,,,,,,,,,,,""
2075789388,"Jan 13, 2019, 11:16:29 AM",Long run mix grill με -10 min τέμπο -ενδιάμεσα- ⬆ 200 (χ3),Run,"",8151,22.96,,,,,,activities/2217557295.fit.gz,71.0,,8151.0,7952.0,22966.0,8.7,,1116.7,851.0,203.3,452.0,35.2,0.1,,,,,,,,,1643.0,,,,,,,,,,,,,,,,0.0,,,29053.2,,,,,,,,,,,,,,,,,,,,,,,,,,,,19405.0,,,,,,,,,,,,,,,,,,,,,""
2070810707,"Jan 11, 2019, 10:24:59 AM",Lunch Run,Run,,6450,15.14,,,,,,activities/2212211952.fit.gz,71.0,,6450.0,5197.0,15143.5,5.8,,454.4,412.0,206.5,372.7,47.6,0.0,,,,,,,,,1160.0,,,,,,,,,,,,,,,,0.0,,,17203.0,,,,,,,,,,,,,,,,,,,,,,,,,,,,10571.4,,,,,,,,,,,,,,,,,,,,,""
2068750717,"Jan 10, 2019, 11:51:43 AM","Χ4 -5min-1min, rest.  τέλος Μέσα όλα...",Run,"",3828,11.33,,,,,,activities/2210082381.fit.gz,71.0,,3828.0,3607.0,11333.7,6.5,,137.7,37.0,200.6,222.2,18.5,0.0,,,,,,,,,829.0,,,,,,,,,,,,,,,,0.0,,,11713.4,,,,,,,,,,,,,,,,,,,,,,,,,,,,10976.2,,,,,,,,,,,,,,,,,,,,,""
2064098016,"Jan 8, 2019, 11:26:14 AM",High-grade ανηφόρα · χ2 κατηφόρα δασικό τέμπο- παντόφλα..(τέμπο προέκυψαν επειδή καθυστέρησα στη δουλειά) αποτέλεσμα: fartlek ❄⛄🙃📉📈,Run,"",4083,11.38,,,,,,activities/2205285084.fit.gz,71.0,,4083.0,3956.0,11385.3,7.2,,679.5,255.0,194.2,454.0,49.4,0.0,,,,,,,,,814.0,,,,,,,,,,,,,,,,0.0,,,15765.4,,,,,,,,,,,,,,,,,,,,,,,,,,,,10928.6,,,,,,,,,,,,,,,,,,,,,""
2061413866,"Jan 7, 2019, 6:12:35 AM",3km-Χ10•400-δουλειά.,Run,"",3455,9.23,,,,,,activities/2202496647.fit.gz,71.0,,3455.0,3301.0,9230.5,7.0,,153.3,125.0,181.8,220.1,32.9,0.1,,,,,,,,,692.0,,,,,,,,,,,,,,,,0.0,,,9677.1,,,,,,,,,,,,,,,,,,,,,,,,,,,,8529.9,,,,,,,,,,,,,,,,,,,,,""
2057206287,"Jan 5, 2019, 11:18:53 AM",Night Run,Run,"",7346,19.17,,,,,,activities/2198067773.fit.gz,71.0,,7346.0,7314.0,19176.5,5.7,,775.9,696.0,210.6,451.6,46.1,-0.1,,,,,,,,,1372.0,,,,,,,,,,,,,,0.0,,0.0,,,23124.1,,,,,,,,,,,,,,,,,,,,,,,,,,,,15569.2,,,,,,,,,,,,,,,,,,,,,""
2054336134,"Jan 4, 2019, 6:43:55 AM",Ορεινό Ζέσταμα- χ2 •8λεπτα τέμπο • ενδιάμεσο 2λεπτο χαλαρό- Επιστροφή. Minimal situation λέμε,Run,"",3790,11.05,,,,,,activities/2195046759.fit.gz,71.0,,3790.0,3607.0,11057.5,6.3,,324.5,190.0,195.9,371.9,41.5,0.1,,,,,,,,,805.0,,,,,,,,,,,,,,,,0.0,,,12316.8,,,,,,,,,,,,,,,,,,,,,,,,,,,,7842.1,,,,,,,,,,,,,,,,,,,,,""
2050273085,"Jan 2, 2019, 9:47:02 AM","Ζέσταμα 3km- x27 100m - rest 25""  ❄⛄",Run,"",1185,2.87,,,,,,activities/2190772641.fit.gz,71.0,,1185.0,728.0,2870.9,8.2,,25.9,38.0,201.4,206.8,9.0,0.2,,,,,,,,,184.0,,,,,,,,,,,,,,,,0.0,,,,,,,,,,,,,,,,,,,,,,,,,,,,,,,,,,,,,,,,,,,,,,,,,,,,""
2047938433,"Jan 1, 2019, 8:54:48 AM",Για να μας μπει καλά ο.........ΧΡΟΝΟΣ. -2019-🎆,Run,"",3990,11.50,,,,,,activities/2188281720.fit.gz,71.0,,3990.0,3886.0,11501.8,5.5,,336.4,275.0,208.6,448.2,32.5,0.1,,,,,,,,,860.0,,,,,,,,,,,,,,,,0.0,,,12689.4,,,,,,,,,,,,,,,,,,,,,,,,,,,,10545.2,,,,,,,,,,,,,,,,,,,,,""
2045775854,"Dec 31, 2018, 5:42:57 AM",😵,Run,"",3736,9.85,,,,,,activities/2185974302.fit.gz,71.0,,3736.0,3018.0,9858.6,5.7,,337.6,159.0,203.0,272.6,18.1,0.0,,,,,,,,,712.0,,,,,,,,,,,,,,,,0.0,,,11125.0,,,,,,,,,,,,,,,,,,,,,,,,,,,,3910.6,,,,,,,,,,,,,,,,,,,,,""
2040588338,"Dec 28, 2018, 12:40:44 PM",Afternoon Run,Run,"",3691,12.00,,,,,,activities/2180432441.fit.gz,71.0,,3691.0,3392.0,12006.8,5.7,,98.8,52.0,110.6,115.0,5.3,0.0,,,,,,,,,892.0,,,,,,,,,,,,,,,,0.0,,,,,,,,,,,,,,,,,,,,,,,,,,,,,,,,,,,,,,,,,,,,,,,,,,,,""
2038699323,"Dec 27, 2018, 2:35:35 PM",(Διαλλειματικά) χ3 γύρο κοτόπουλο απ'ολα με ενδιάμεσο rest μπύρα κουτάκι Βεργίνα.,Run,"",3650,9.11,,,,,,activities/2178452834.fit.gz,71.0,,3650.0,3641.0,9114.3,5.3,,464.4,495.0,201.2,448.2,41.8,0.2,,,,,,,,,658.0,,,,,,,,,,,,,,,,0.0,,,11638.9,,,,,,,,,,,,,,,,,,,,,,,,,,,,5773.3,,,,,,,,,,,,,,,,,,,,,""
2036432719,"Dec 26, 2018, 8:16:37 AM",Morning Run,Run,Σέρνοντας αγκυρα στο βουνό.........🐢,5923,16.78,,,,,,activities/2176084626.fit.gz,71.0,,5923.0,5898.0,16788.4,5.2,,352.0,300.0,216.8,371.9,36.4,0.0,,,,,,,,,1259.0,,,,,,,,,,,,,,,,0.0,,,17695.0,,,,,,,,,,,,,,,,,,,,,,,,,,,,16292.0,,,,,,,,,,,,,,,,,,,,,""
2032023008,"Dec 23, 2018, 4:24:06 PM",Αντί καναπέ....🙃,Run,"",3566,9.68,,,,,,activities/2171442618.fit.gz,71.0,,3566.0,3519.0,9681.8,4.1,,133.3,88.0,200.0,223.6,15.2,0.0,,,,,,,,,731.0,,,,,,,,,,,,,,,,0.0,,,10058.8,,,,,,,,,,,,,,,,,,,,,,,,,,,,8884.1,,,,,,,,,,,,,,,,,,,,,""
2029715055,"Dec 22, 2018, 11:47:27 AM",Evening Run,Run,"",6143,8.89,,,,,,activities/2168981708.fit.gz,71.0,,6143.0,5864.0,8890.1,4.0,,1055.9,1049.0,498.5,1060.0,50.0,0.0,,,,,,,,,508.0,,,,,,,,,,,,,,0.0,,0.0,,,17424.0,,,,,,,,,,,,,,,,,,,,,,,,,,,,,,,,,,,,,,,,,,,,,,,,,""
2028348250,"Dec 21, 2018, 3:16:29 PM",ΜΕΛΟΜΑΚΆΡΟΝΟ (παραδοσιακό),Run,"",4057,10.27,,,,,,activities/2167564386.fit.gz,71.0,,4057.0,4035.0,10277.1,4.1,,451.9,413.0,208.8,445.7,47.7,0.0,,,,,,,,,742.0,,,,,,,,,,,,,,,,0.0,,,12490.1,,,,,,,,,,,,,,,,,,,,,,,,,,,,6729.2,,,,,,,,,,,,,,,,,,,,,""
2028348130,"Dec 19, 2018, 3:55:51 PM",ΚΟΥΡΑΜΠΙΕΣ,Run,"",2481,8.54,,,,,,activities/2167564427.fit.gz,71.0,,2481.0,2481.0,8546.7,8.9,,101.5,296.0,197.4,208.5,12.6,0.0,,,,,,,,,652.0,,,,,,,,,,,,,,,,0.0,,,,,,,,,,,,,,,,,,,,,,,,,,,,,,,,,,,,,,,,,,,,,,,,,,,,""
2020049461,"Dec 16, 2018, 11:46:53 AM",Evening Run,Run,"",3065,9.04,,,,,,activities/2158856144.fit.gz,71.0,,3065.0,3024.0,9048.7,7.6,,372.1,389.0,205.4,451.6,37.4,0.0,,,,,,,,,659.0,,,,,,,,,,,,,,,,0.0,,,10626.2,,,,,,,,,,,,,,,,,,,,,,,,,,,,6734.8,,,,,,,,,,,,,,,,,,,,,""
2018220411,"Dec 15, 2018, 9:17:25 AM",Lunch Run,Run,,9618,16.33,,,,,,activities/2156916908.fit.gz,71.0,,9618.0,9286.0,16335.9,6.5,,800.1,794.0,494.5,1184.2,36.8,0.0,,,,,,,,,995.0,,,,,,,,,,,,,,,,0.0,,,,,,,,,,,,,,,,,,,,,,,,,,,,,,,,,,,,,,,,,,,,,,,,,,,,""
1984211510,"Nov 25, 2018, 9:36:13 AM",Lunch Run,Run,,8761,10.84,,,,,,activities/1984211510.gpx,71.0,,8761.0,6343.0,10844.1,4.4,,810.6,,495.4,1146.7,47.6,5.3,,,,,,,,,1336.0,,,,,,,,,,,,,,,,0.0,,,,,,,,,,,,,,,,,,,,,,,,,,,,,,,,,,,,,,,,,,,,,,,,,,,,""
2010396039,"Nov 21, 2018, 5:21:28 PM",Evening Swim,Swim,,483,400,,,,,,activities/2148727621.fit.gz,,,483.0,476.0,400.0,0.9,,0.0,,,,0.0,0.0,,,27.0,26.0,,,,,88.0,,,,,,,,,,,,,,,,0.0,,,,,,,,,,,,,,,,,,,,,,,,,,,,,,,,,,,,,,,,,,,,,,,,,,,,""
2010395995,"Nov 21, 2018, 5:01:33 PM",Evening Swim,Swim,,1150,"1,000",,,,,,activities/2148727474.fit.gz,,,1150.0,1140.0,1000.0,0.9,,0.0,,,,0.0,0.0,,,28.0,27.0,,,,,220.0,,,,,,,,,,,,,,,,0.0,,,,,,,,,,,,,,,,,,,,,,,,,,,,,,,,,,,,,,,,,,,,,,,,,,,,""
2010395922,"Nov 14, 2018, 12:01:22 PM",Afternoon Swim,Swim,,529,400,,,,,,activities/2148727297.fit.gz,,,529.0,447.0,400.0,1.0,,0.0,,,,0.0,0.0,,,27.0,26.0,,,,,88.0,,,,,,,,,,,,,,,,0.0,,,,,,,,,,,,,,,,,,,,,,,,,,,,,,,,,,,,,,,,,,,,,,,,,,,,""
1956644062,"Nov 10, 2018, 12:03:10 PM",Flat 🤢,Run,"",6369,25.01,,,,,,activities/2092932866.fit.gz,71.0,,6369.0,6295.0,25015.8,6.5,,508.5,84.0,255.2,266.6,15.2,0.0,,,,,,,,,1853.0,,,,,,,,,,,,,,0.0,,0.0,,,26075.1,,,,,,,,,,,,,,,,7337777.0,,,,,,,,,,,,,,,,,,,,,,,,,,,,,,,,,""
1948691020,"Nov 5, 2018, 7:39:44 PM","tr. Session: ""tazmania"" -animal in a cage- ⚽",Run,"",7110,8.60,,,,,,activities/2084767129.fit.gz,71.0,,7110.0,4662.0,8600.2,5.6,,86.6,273.0,156.5,232.4,17.9,-0.2,,,,,,,,,564.0,,,,,,,,,,,,,,,,0.0,,,8890.6,,,,,,,,,,,,,,,,,,,,,,,,,,,,66.2,,,,,,,,,,,,,,,,,,,,,""
1943405361,"Nov 3, 2018, 12:16:08 PM",Evening Run,Run,"",7802,16.74,,,,,,activities/2079270250.fit.gz,71.0,,7802.0,7477.0,16747.4,4.2,,1050.5,1037.0,212.8,451.6,42.6,0.1,,,,,,,,,1141.0,,,,,,,,,,,,,,,,0.0,,,22763.9,,,,,,,,,,,,,,,,,,,,,,,,,,,,13509.5,,,,,,,,,,,,,,,,,,,,,""
1920868853,"Oct 22, 2018, 2:36:46 PM","Training session: ""ΖΟΡΜΠΑΣ""  18Χ 400m (400 up - 45sec rest - 400 down) 80-90% fucking pleasant",Run,"",2458,7.56,,,,,,activities/2056053492.fit.gz,71.0,,2458.0,1828.0,7564.1,6.5,,121.2,158.0,219.6,255.6,12.6,0.0,,,,,,,,,546.0,,,,,,,,,,,,,,,,0.0,,,,,,,,,,,,,,,,,,,,,,,,,,,,,,,,,,,,,,,,,,,,,,,,,,,,""
1902040829,"Oct 13, 2018, 11:04:00 AM",Afternoon Run,Run,,9046,23.03,,,,,,activities/2036477595.fit.gz,71.0,,9046.0,8773.0,23038.7,4.6,,973.6,896.0,208.8,451.6,47.4,0.0,,,,,,,,,1683.0,,,,,,,,,,,,,,,,0.0,,,27800.6,,,,,,,,,,,,,,,,,,,,,,,,,,,,20049.6,,,,,,,,,,,,,,,,,,,,,""
1896377012,"Oct 10, 2018, 2:37:41 PM",Afternoon Run,Run,"",4585,16.37,,,,,,activities/2030638179.fit.gz,71.0,,4585.0,4319.0,16377.2,6.9,,388.4,298.0,220.4,381.0,37.4,0.0,,,,,,,,,1215.0,,,,,,,,,,,,,,0.0,,0.0,,,17753.8,,,,,,,,,,,,,,,,,,,,,,,,,,,,15607.8,,,,,,,,,,,,,,,,,,,,,""
1895470305,"Oct 9, 2018, 3:49:06 PM",Evening Run,Run,,4949,11.50,,,,,,activities/1895470305.gpx,71.0,,4949.0,4896.0,11499.8,4.9,,363.7,,137.0,381.0,48.7,0.0,,,,,,,,,1164.0,,,,,,,,,,,,,,,,0.0,,,,,,,,,,,,,,,,,,,,,,,,,,,,,,,,,,,,,,,,,,,,,,,,,,,,""
2010395836,"Sep 26, 2018, 3:35:09 AM",Morning Run,Run,,559,1.81,,,,,,activities/2148727141.gpx.gz,71.0,,559.0,521.0,1817.6,5.6,,14.3,,111.1,114.8,3.4,0.2,,,100.0,80.0,,,,,160.0,,,,,,,,,,,,,,,,0.0,,,,,,,,,,,,,,,,,,,,,,,,,,,,,,,,,,,,,,,,,,,,,,,,,,,,""
2010395087,"Sep 26, 2018, 3:13:45 AM",Morning Run,Run,,642,0.99,,,,,,activities/2148726648.gpx.gz,71.0,,642.0,353.0,998.8,5.6,,5.7,,111.1,114.7,3.7,0.0,,,105.0,74.0,,,,,88.0,,,,,,,,,,,,,,,,0.0,,,,,,,,,,,,,,,,,,,,,,,,,,,,,,,,,,,,,,,,,,,,,,,,,,,,""
2010394624,"Sep 24, 2018, 3:45:22 AM",Morning Run,Run,,589,1.86,,,,,,activities/2148726278.gpx.gz,71.0,,589.0,562.0,1862.5,5.5,,11.9,,111.2,114.9,3.5,0.0,,,100.0,75.0,,,,,164.0,,,,,,,,,,,,,,,,0.0,,,,,,,,,,,,,,,,,,,,,,,,,,,,,,,,,,,,,,,,,,,,,,,,,,,,""
2010394151,"Sep 24, 2018, 3:23:38 AM",Morning Run,Run,,609,1.86,,,,,,activities/2148725775.gpx.gz,71.0,,609.0,559.0,1861.2,5.4,,11.5,,111.1,114.6,3.6,0.1,,,99.0,77.0,,,,,164.0,,,,,,,,,,,,,,,,0.0,,,,,,,,,,,,,,,,,,,,,,,,,,,,,,,,,,,,,,,,,,,,,,,,,,,,""
1856398189,"Sep 21, 2018, 1:32:22 PM",Afternoon Run,Run,"",6002,15.79,,,,,,activities/1989212871.fit.gz,71.0,,6002.0,5543.0,15798.8,6.9,,786.5,675.0,181.0,442.0,48.1,0.0,,,,,,,,,1127.0,,,,,,,,,,,,,,0.0,,0.0,,,,,,,,,,,,,,,,,,,,,,,,,,,,,,,,,,,,,,,,,,,,,,,,,,,,""
2010393717,"Sep 20, 2018, 8:47:07 AM",Lunch Swim,Swim,,112,100,,,,,,activities/2148725335.fit.gz,,,112.0,101.0,100.0,2.4,,0.0,,,,0.0,0.0,,,28.0,26.0,,,,,24.0,,,,,,,,,,,,,,,,0.0,,,,,,,,,,,,,,,,,,,,,,,,,,,,,,,,,,,,,,,,,,,,,,,,,,,,""
2010393556,"Sep 20, 2018, 8:27:41 AM",Lunch Swim,Swim,,1144,900,,,,,,activities/2148725158.fit.gz,,,1144.0,784.0,900.0,1.9,,0.0,,,,0.0,0.0,,,28.0,26.0,,,,,216.0,,,,,,,,,,,,,,,,0.0,,,,,,,,,,,,,,,,,,,,,,,,,,,,,,,,,,,,,,,,,,,,,,,,,,,,""
2010393192,"Sep 17, 2018, 7:58:56 AM",Morning Swim,Swim,,126,100,,,,,,activities/2148724722.fit.gz,,,126.0,101.0,100.0,2.1,,0.0,,,,0.0,0.0,,,26.0,25.0,,,,,24.0,,,,,,,,,,,,,,,,0.0,,,,,,,,,,,,,,,,,,,,,,,,,,,,,,,,,,,,,,,,,,,,,,,,,,,,""
2010392920,"Sep 17, 2018, 7:39:11 AM",Morning Swim,Swim,,1163,900,,,,,,activities/2148724442.fit.gz,,,1163.0,801.0,900.0,1.8,,0.0,,,,0.0,0.0,,,28.0,26.0,,,,,216.0,,,,,,,,,,,,,,,,0.0,,,,,,,,,,,,,,,,,,,,,,,,,,,,,,,,,,,,,,,,,,,,,,,,,,,,""
1840339091,"Sep 13, 2018, 2:20:32 PM",Afternoon Run,Run,,5353,12.58,,,,,,activities/1972573744.fit.gz,71.0,,5353.0,4999.0,12586.2,6.8,,648.0,683.0,241.4,456.1,48.3,-0.3,,,,,,,,,894.0,,,,,,,,,,,,,,,,0.0,,,,,,,,,,,,,,,,,,,,,,,,,,,,,,,,,,,,,,,,,,,,,,,,,,,,""
1838599291,"Sep 11, 2018, 1:54:45 PM",Afternoon Run,Run,,5371,16.71,,,,,,activities/1970789082.fit.gz,71.0,,5371.0,5000.0,16710.6,5.9,,402.6,261.0,206.8,377.9,32.9,0.3,,,,,,,,,1245.0,,,,,,,,,,,,,,,,0.0,,,18177.7,,,,,,,,,,,,,,,,,,,,,,,,,,,,16028.7,,,,,,,,,,,,,,,,,,,,,""
1673558869,"Jun 29, 2018, 5:58:36 PM",Evening Run,Run,,1250,5.01,,,,,,activities/1673558869.gpx,71.0,,1250.0,1244.0,5016.6,5.2,,4.3,44.0,1.3,6.3,3.8,0.0,,,98.0,93.0,,132.0,,,250.0,,,,,,,,,,,,,,,,0.0,,,,,,,,,,,,,,,,,,,,,,,,,,,,,,,,,,,,,,,,,,,,,,,,,,,,""
1673558847,"Jun 29, 2018, 5:21:18 PM",Evening Run,Run,,2232,5.94,,,,,,activities/1797199491.gpx.gz,71.0,,2232.0,1614.0,5948.7,5.2,,8.5,,0.8,6.3,10.6,0.0,,,98.0,80.0,,,,,520.0,,,,,,,,,,,,,,,,0.0,,,,,,,,,,,,,,,,,,,,,,,,,,,,,,,,,,,,,,,,,,,,,,,,,,,,""
1674497474,"Jun 26, 2018, 9:41:54 AM",Lunch Swim,Swim,,1028,750,,,,,,activities/1798172175.fit.gz,71.0,,1028.0,1016.0,750.0,0.9,,0.0,,,,0.0,0.0,,,30.0,26.0,,,,,163.0,,,,,,,,,,,,,,,,0.0,,,,,,,,,,,,,,,,,,,,,,,,,,,,,,,,,,,,,,,,,,,,,,,,,,,,""
1674497497,"Jun 26, 2018, 9:26:29 AM",Lunch Swim,Swim,,836,550,,,,,,activities/1798172181.fit.gz,71.0,,836.0,593.0,550.0,1.3,,0.0,,,,0.0,0.0,,,32.0,28.0,,,,,132.0,,,,,,,,,,,,,,,,0.0,,,,,,,,,,,,,,,,,,,,,,,,,,,,,,,,,,,,,,,,,,,,,,,,,,,,""
1674497488,"Jun 26, 2018, 7:59:46 AM",Morning Swim,Swim,,562,500,,,,,,activities/1798172196.fit.gz,71.0,,562.0,546.0,500.0,1.2,,0.0,,,,0.0,0.0,,,22.0,21.0,,,,,120.0,,,,,,,,,,,,,,,,0.0,,,,,,,,,,,,,,,,,,,,,,,,,,,,,,,,,,,,,,,,,,,,,,,,,,,,""
1674497462,"Jun 22, 2018, 10:12:56 AM",Afternoon Swim,Swim,,2090,"1,150",,,,,,activities/1798172171.fit.gz,71.0,,2090.0,1283.0,1150.0,1.3,,0.0,,,,0.0,0.0,,,31.0,28.0,,,,,275.0,,,,,,,,,,,,,,,,0.0,,,,,,,,,,,,,,,,,,,,,,,,,,,,,,,,,,,,,,,,,,,,,,,,,,,,""
